name_pl,name_ru,type,producer,seller,packages,unit,currency,purchase_price,retail_gross,retail_net,website,price_source_ref,justification_pl,justification_ru
Folia ochronna malarska HDPE,Защитная малярная плёнка HDPE,FOLIA_OCHRONNA,Technicqll,Castorama,"budget,norm,lux",m2,PLN,0.12,0.22,0.18,https://www.castorama.pl/s/folia-pod-styropian?Marka=Technicqll,"katalog Castorama folia ochronna, cena netto orientacyjna za 1 m2 (rolka wieloszt.)","Cienka folia HDPE do przykrywania okien, drzwi i drog transportu na czas prac; material zabezpieczajacy rozliczany po powierzchni m2.","Тонкая плёнка HDPE для укрытия окон, дверей и путей транспортировки на время работ; защитный материал, учитывается по площади м2."
Tektura falista malarska ochronna,Гофрокартон малярный защитный,TEKTURA_OCHRONNA,Technicqll,PSB Mrówka,"budget,norm,lux",m2,PLN,0.85,1.49,1.21,https://www.castorama.pl/s/folia-pod-styropian?Marka=Technicqll,"katalog PSB/Castorama tektura ochronna, cena netto orientacyjna za 1 m2 arkusza","Tektura falista do zabezpieczenia posadzek i progow drog transportu przed uszkodzeniem, rozliczana po m2 pokrycia.","Гофрокартон для защиты полов и порогов путей транспортировки от повреждений, учитывается по м2 покрытия."
Taśma malarska papierowa 38mm,Малярная лента бумажная 38мм,TASMA_MALARSKA,Blue Dolphin,Castorama,"budget,norm,lux",szt,PLN,3.20,5.49,4.46,https://www.maldrew.com.pl/en/c/tools-and-protective-equipme/painting-articles/19,"katalog artykulow malarskich, cena netto orientacyjna za 1 rolke 38mm (rozliczana jako szt)",Papierowa tasma malarska do mocowania folii i ochrony krawedzi okien/drzwi; jedna rolka liczona jako 1 szt.,Бумажная малярная лента для фиксации плёнки и защиты кромок окон/дверей; одна лента считается как 1 шт.
Taśma tynkarska zewnętrzna 48mm,Штукатурная лента наружная 48мм,TASMA_TYNKARSKA,Blue Dolphin,Castorama,"budget,norm,lux",szt,PLN,4.90,7.99,6.50,https://www.maldrew.com.pl/en/c/tools-and-protective-equipme/painting-articles/19,"katalog artykulow malarskich Blue Dolphin 48mm/50m, cena netto orientacyjna za 1 rolke (rozliczana jako szt)",Odporna tasma tynkarska do zabezpieczenia oscieznic i krawedzi na czas prac mokrych; jedna rolka liczona jako 1 szt.,Стойкая штукатурная лента для защиты откосов и кромок на время мокрых работ; одна лента считается как 1 шт.
Narożnik papierowy ochronny,Уголок картонный защитный,NAROZNIK_OCHRONNY,Technicqll,PSB Mrówka,"budget,norm,lux",szt,PLN,0.55,0.99,0.80,https://www.castorama.pl/s/folia-pod-styropian?Marka=Technicqll,"katalog PSB/Castorama narozniki ochronne, cena netto orientacyjna za 1 szt",Papierowy naroznik ochronny na krawedzie oscieznic i naroza scian na czas prac; liczony w sztukach.,Картонный защитный уголок для кромок откосов и углов стен на время работ; считается в штуках.
Worek na gruz big bag 1m3,Мешок для мусора биг-бэг 1м3,WOREK_NA_GRUZ,Technicqll,Castorama,"budget,norm,lux",szt,PLN,6.50,11.99,9.75,https://www.castorama.pl/s/folia-pod-styropian?Marka=Technicqll,"katalog Castorama worki big bag na gruz 1m3, cena netto orientacyjna za 1 szt",Polipropylenowy worek big bag do gromadzenia i wynoszenia gruzu po pracach rozbiorkowych; liczony w sztukach.,Полипропиленовый биг-бэг для сбора и выноса строительного мусора после демонтажа; считается в штуках.
Tarcza diamentowa do cięcia 125mm,Диск алмазный отрезной 125мм,TARCZA_TNACA,Profi,Castorama,budget,szt,PLN,9.80,17.99,14.63,https://pro-budowa.pl/produkt/tarcza-diamentowa-do-ciecia-gresu-plytek-125-mm/,"karta produktu tarcza diamentowa 125mm, cena netto orientacyjna za 1 szt","Tarcza diamentowa 125mm do ciecia plytek, gresu i muru przy rozbiorkach; material zuzywalny liczony w sztukach.","Алмазный диск 125мм для резки плитки, керамогранита и кладки при демонтаже; расходный материал, считается в штуках."
Tarcza diamentowa segmentowa 125mm,Диск алмазный сегментный 125мм,TARCZA_TNACA,Rubi,Leroy Merlin,"norm,lux",szt,PLN,22.00,39.99,32.51,https://www.dobrenarzedzia.pl/tarcze-do-szlifierek/tarcza-diamentowa-rubi-tvr-125mm-superpro/,"karta produktu Rubi TVR 125mm, cena netto orientacyjna za 1 szt","Wytrzymala tarcza diamentowa Rubi 125mm do ciecia twardych materialow mineralnych, wariant norm/lux o dluzszej zywotnosci.","Прочный алмазный диск Rubi 125мм для резки твёрдых минеральных материалов, вариант norm/lux с большим ресурсом."
Zaprawa murarska Atlas M-10 25kg,Кладочный раствор Atlas M-10,ZAPRAWA_MURARSKA,Atlas,PSB Mrówka,"budget,norm,lux",kg,PLN,0.55,0.89,0.72,https://www.atlas.com.pl/wp-content/uploads/2026/08/62bb80692ad76d2f493e0beecb20f760543ee718_pl_9735_20240507_153354.pdf,"karta techniczna Atlas Zaprawa Murarska M-10 (PDF), worek 25 kg, cena netto orientacyjna",Fabrycznie przygotowana sucha zaprawa murarska kategorii M5/M-10 do murowania i uzupelnien ubytkow po rozbiorce; rozliczana po kg.,Заводская сухая кладочная смесь категории M5/M-10 для кладки и заделки после демонтажа; учитывается по кг.
Zaprawa wyrównująco-naprawcza Atlas ZW 330 25kg,Ремонтно-выравнивающий раствор Atlas ZW 330,ZAPRAWA_NAPRAWCZA,Atlas,Leroy Merlin,"budget,norm,lux",kg,PLN,1.10,1.79,1.46,https://www.atlas.com.pl/de/produkt/atlas-zw-330/,"karta produktu Atlas ZW 330 (zaprawa reperacyjno-wyrownujaca 3-30mm), worek 25 kg, cena netto orientacyjna","Cementowa zaprawa naprawczo-wyrownujaca 3-30mm do reperacji posadzek, stropow i scian po pracach wyburzeniowych/bruzdowaniu; rozliczana po kg.","Цементный ремонтно-выравнивающий раствор 3-30мм для заделки полов, перекрытий и стен после демонтажа/штробления; учитывается по кг."
Zaprawa tynkarska cementowo-wapienna Atlas 25kg,Штукатурный раствор цементно-известковый Atlas,ZAPRAWA_TYNKARSKA,Atlas,OBI,"norm,lux",kg,PLN,0.70,1.15,0.93,https://cdn.shopify.com/s/files/1/0916/9050/0443/files/pl_9738_20240507_110925.pdf?v=1745357168,"karta techniczna Atlas Zaprawa Tynkarska (PDF), worek 25 kg, cena netto orientacyjna",Cementowo-wapienna zaprawa tynkarska CS II do odtworzenia tynku na scianach i stropach po bruzdowaniu; rozliczana po kg.,Цементно-известковый штукатурный раствор CS II для восстановления штукатурки на стенах и потолках после штробления; учитывается по кг.
Gładź gipsowa Atlas Omega 20kg,Гипсовая шпаклёвка Atlas Omega,GLADZ_GIPSOWA,Atlas,Castorama,"budget,norm,lux",kg,PLN,1.45,2.29,1.86,https://www.atlas.com.pl/produkt/omega/,"karta produktu Atlas Omega, sekcja srednie zuzycie ~0.8 kg/m2/mm, worek 20 kg","Biala gipsowa gladz szpachlowa Atlas, srednie zuzycie ~0.8 kg/m2/mm, do wykonczenia napraw scian i stropow po bruzdowaniu.","Белая гипсовая шпаклёвка Atlas, средний расход ~0.8 кг/м2/мм, для финишной заделки ремонта стен и потолков после штробления."
Grunt uniwersalny CT 17 (odp.),Грунт универсальный (аналог CT 17),GRUNT_UNIWERSALNY,Ceresit,PSB Mrówka,"budget,norm,lux",l,PLN,5.20,7.99,6.50,https://www.ceresit.com/products/interoir-finishing/product.html/ceresit-ct-17/SAP_0201JAC014F1.html,"karta produktu Ceresit CT 17, cena netto orientacyjna z katalogu PSB","Typowy grunt glebokopenetrujacy do przygotowania podloza przed naprawami zaprawa/gladzia; anchor kategorii, tanszy odpowiednik CT 17.","Типовой грунт глубокого проникновения для подготовки основания перед ремонтом раствором/шпаклёвкой; якорь категории, более дешёвый аналог CT 17."
Pianka montażowa poliuretanowa Soudal 750ml,Монтажная пена полиуретановая Soudal 750мл,PIANKA_MONTAZOWA,Soudal,OBI,"norm,lux",szt,PLN,12.00,19.99,16.25,https://www.soudal.pl,"karta produktu Soudal piana pistoletowa 750ml, cena netto orientacyjna za 1 puszke (rozliczana jako szt)",Poliuretanowa pianka montazowa do osadzenia i uszczelnienia kanalow wentylacyjnych po relokacji/wydluzeniu; puszka liczona jako 1 szt.,Полиуретановая монтажная пена для установки и уплотнения вентканалов после переноса/удлинения; баллон считается как 1 шт.
Płyta gipsowo-kartonowa Norgips GKB 12.5mm,Гипсокартонный лист Norgips GKB 12.5мм,PLYTA_GK,Norgips,PSB Mrówka,budget,m2,PLN,9.80,15.49,12.59,https://www.norgips.pl/produkty/plyty-gipsowo-kartonowe,"karta produktu Norgips GKB (płyta zwykła 12.5mm, 1200x2600), cena netto ~12.6 PLN/m2","Budżetowa płyta GK zwykła (typ A) 12.5mm, standard rynku PL do ścian działowych i sufitów w suchych pomieszczeniach.","Бюджетный обычный ГК-лист (тип A) 12.5мм, стандарт польского рынка для перегородок и потолков в сухих помещениях."
Płyta gipsowo-kartonowa Rigips RB 12.5mm,Гипсокартонный лист Rigips RB 12.5мм,PLYTA_GK,Rigips,Leroy Merlin,"norm,lux",m2,PLN,10.90,16.99,13.81,https://www.rigips.pl/produkty/plyty,"karta produktu Rigips RB 12.5 (Die Weiße/RB, typ A), cena netto ~13.8 PLN/m2","Płyta GK zwykła Rigips RB 12.5mm typ A wg PN-EN 520, wariant norm/lux o stabilnej jakości krawędzi VARIO do szpachlowania.","Обычный ГК-лист Rigips RB 12.5мм тип A по PN-EN 520, вариант norm/lux со стабильной кромкой VARIO под шпаклёвку."
Płyta gipsowo-kartonowa impregnowana Rigips RBI 12.5mm,Влагостойкий ГК-лист Rigips RBI 12.5мм,PLYTA_GK_IMPREGNOWANA,Rigips,OBI,"norm,lux",m2,PLN,13.50,20.99,17.06,https://www.rigips.pl/produkty/plyty,"karta produktu Rigips RBI 12.5 (płyta impregnowana, typ H2), cena netto ~17 PLN/m2","Płyta GK impregnowana (typ H2, zielona) do pomieszczeń wilgotnych - łazienka, obudowa wanny, stelaż WC; wariant norm/lux.","Влагостойкий ГК-лист (тип H2, зелёный) для влажных помещений - ванная, обшивка ванны, инсталляция WC; вариант norm/lux."
Płyta OSB-3 12mm,Плита OSB-3 12мм,PLYTA_OSB,Kronopol,Castorama,"budget,norm,lux",m2,PLN,22.00,33.99,27.63,https://www.castorama.pl/produkty/budowa/plyty-budowlane/plyty-osb,"katalog Castorama płyta OSB-3 12mm, cena netto ~27.6 PLN/m2",Płyta OSB-3 12mm konstrukcyjna wodoodporna do licowania/przedścianek i podkładów; standard rynku PL.,Плита OSB-3 12мм конструкционная влагостойкая для облицовки/фальшстен и оснований; стандарт польского рынка.
Profil sufitowy CD 60/27 (4m),Профиль потолочный CD 60/27 (4м),PROFIL_GK,Rigips,PSB Mrówka,"budget,norm,lux",mb,PLN,3.10,4.79,3.89,https://www.rigips.pl/produkty/profile-i-akcesoria,"karta profili Rigips CD 60/27 wg PN-EN 14195, cena netto ~3.9 PLN/mb",Profil nośny CD 60/27 ze stali ocynkowanej do rusztu sufitów podwieszanych i okładzin ściennych; standard suchej zabudowy.,Несущий профиль CD 60/27 из оцинкованной стали для каркаса подвесных потолков и облицовок; стандарт сухого строительства.
Profil przyścienny UD 27/28 (3m),Профиль направляющий UD 27/28 (3м),PROFIL_GK,Rigips,PSB Mrówka,"budget,norm,lux",mb,PLN,2.60,3.99,3.24,https://www.rigips.pl/produkty/profile-i-akcesoria,"karta profili Rigips UD 27 wg PN-EN 14195, cena netto ~3.2 PLN/mb",Profil obwodowy UD 27 mocowany do ścian/stropu jako prowadnica profili CD; standard rusztu sufitowego.,"Направляющий профиль UD 27, крепится к стенам/перекрытию как прогон для CD; стандарт потолочного каркаса."
Profil ścienny CW 75 (3m),Профиль стоечный CW 75 (3м),PROFIL_GK,Rigips,Leroy Merlin,"norm,lux",mb,PLN,5.20,7.99,6.50,https://www.rigips.pl/produkty/profile-i-akcesoria,"karta profili Rigips CW 75 wg PN-EN 14195, cena netto ~6.5 PLN/mb",Profil słupkowy CW 75 do konstrukcji ścianek działowych GK; wariant norm/lux z szerszą wełną akustyczną.,Стоечный профиль CW 75 для каркаса ГК-перегородок; вариант norm/lux с более широкой акустической ватой.
Profil ścienny UW 75 (3m),Профиль направляющий UW 75 (3м),PROFIL_GK,Rigips,Leroy Merlin,"norm,lux",mb,PLN,4.60,7.09,5.76,https://www.rigips.pl/produkty/profile-i-akcesoria,"karta profili Rigips UW 75 wg PN-EN 14195, cena netto ~5.8 PLN/mb",Profil poziomy UW 75 (dół/góra) prowadzący słupki CW w ściance działowej GK; standard konstrukcji.,"Горизонтальный профиль UW 75 (низ/верх), направляющий стойки CW в ГК-перегородке; стандарт конструкции."
Profil przyścienny UD 27/28 budżetowy (3m),Профиль направляющий UD 27/28 бюджетный (3м),PROFIL_GK,Siniat,PSB Mrówka,budget,mb,PLN,2.30,3.59,2.92,https://www.siniat.pl/pl-pl/produkty/profile,"karta profili Siniat UD 27, cena netto ~2.9 PLN/mb",Budżetowy profil obwodowy UD 27 Siniat do prostego rusztu sufitowego i okładzin; tańszy odpowiednik.,Бюджетный направляющий профиль UD 27 Siniat для простого каркаса потолка и облицовок; более дешёвый аналог.
Wkręt do płyt GK 3.5x25mm,Саморез по ГКЛ 3.5x25мм,WKRET_GK,Rigips,PSB Mrówka,budget,szt,PLN,0.03,0.05,0.04,https://www.rigips.pl/produkty/profile-i-akcesoria,"karta wkrętów Rigips do GK 3.5x25 (opak. 1000 szt), cena netto ~0.04 PLN/szt",Wkręt fosforanowany 3.5x25mm do mocowania płyt GK do profili stalowych; podstawowy łącznik suchej zabudowy.,Фосфатированный саморез 3.5x25мм для крепления ГК-листов к стальным профилям; базовый крепёж сухого строительства.
Wkręt do płyt GK 3.5x35mm,Саморез по ГКЛ 3.5x35мм,WKRET_GK,Knauf,Leroy Merlin,"norm,lux",szt,PLN,0.04,0.06,0.05,https://www.knauf.pl/produkty/wkrety-i-akcesoria,"karta wkrętów Knauf do GK 3.5x35 (opak. 1000 szt), cena netto ~0.05 PLN/szt",Wkręt 3.5x35mm do drugiej warstwy płyt GK / grubszych okładzin; wariant norm/lux przy podwójnym płytowaniu.,Саморез 3.5x35мм для второго слоя ГК / более толстых облицовок; вариант norm/lux при двойной обшивке.
Masa szpachlowa do spoin Rigips Vario,Шпаклёвка для швов Rigips Vario,MASA_SPOINOWA,Rigips,PSB Mrówka,budget,kg,PLN,3.10,4.89,3.98,https://www.rigips.pl/produkty/masy-szpachlowe,"karta produktu Rigips Vario (masa do spoin z taśmą), worek 25kg, cena netto ~4 PLN/kg","Gipsowa masa szpachlowa do spoinowania płyt GK z taśmą, zużycie ~0.3-0.5 kg/m2 okładziny; budżetowy standard.","Гипсовая шпаклёвка для заделки швов ГК с лентой, расход ~0.3-0.5 кг/м2 обшивки; бюджетный стандарт."
Masa szpachlowa do spoin Rigips Uniflott,Шпаклёвка для швов Rigips Uniflott,MASA_SPOINOWA,Rigips,Leroy Merlin,"norm,lux",kg,PLN,5.40,8.49,6.90,https://www.rigips.pl/produkty/masy-szpachlowe,"karta produktu Rigips Uniflott (masa spoinowa bez taśmy), worek 25kg, cena netto ~6.9 PLN/kg","Wzmocniona masa spoinowa Uniflott do krawędzi VARIO bez taśmy, wysoka wytrzymałość spoiny; wariant norm/lux.","Усиленная шпаклёвка Uniflott для кромок VARIO без ленты, высокая прочность шва; вариант norm/lux."
Masa szpachlowa do spoin Knauf Uniflott,Шпаклёвка для швов Knauf Uniflott,MASA_SPOINOWA,Knauf,OBI,"norm,lux",kg,PLN,5.20,8.19,6.66,https://www.knauf.pl/produkty/masy-szpachlowe,"karta produktu Knauf Uniflott, worek 25kg, cena netto ~6.7 PLN/kg",Masa spoinowa Knauf Uniflott do łączeń płyt z krawędzią HRAK bez taśmy; wariant norm/lux o wysokiej twardości.,Шпаклёвка Knauf Uniflott для стыков плит с кромкой HRAK без ленты; вариант norm/lux высокой твёрдости.
Taśma spoinowa papierowa 50mm (23m),Лента для швов бумажная 50мм (23м),TASMA_SPOINOWA,Rigips,PSB Mrówka,"budget,norm,lux",mb,PLN,0.20,0.32,0.26,https://www.rigips.pl/produkty/masy-szpachlowe,"karta produktu Rigips taśma spoinowa papierowa, rolka 23m, cena netto ~0.26 PLN/mb","Papierowa taśma zbrojąca spoiny płyt GK, ~1.2 mb taśmy na m2 okładziny; standard łączeń.","Бумажная армирующая лента для швов ГК, ~1.2 пм ленты на м2 обшивки; стандарт стыков."
Wełna mineralna akustyczna 50mm,Минеральная вата акустическая 50мм,WELNA_AKUSTYCZNA,Rockwool,Leroy Merlin,"budget,norm,lux",m2,PLN,12.50,19.49,15.85,https://www.rockwool.com/pl/produkty-i-zastosowania/katalog-produktow/,"katalog Rockwool wełna do ścian działowych 50mm, cena netto ~15.9 PLN/m2","Płyta z wełny mineralnej 50mm do wypełnienia akustycznego ścianek GK, ~1 m2/m2 ściany; standard izolacji akustycznej.","Плита минеральной ваты 50мм для акустического заполнения ГК-перегородок, ~1 м2/м2 стены; стандарт звукоизоляции."
Wełna mineralna akustyczna 75mm,Минеральная вата акустическая 75мм,WELNA_AKUSTYCZNA,Rockwool,OBI,"norm,lux",m2,PLN,17.90,27.99,22.76,https://www.rockwool.com/pl/produkty-i-zastosowania/katalog-produktow/,"katalog Rockwool wełna 75mm do profili CW 75, cena netto ~22.8 PLN/m2","Wełna mineralna 75mm do profili CW 75 w ściankach norm/lux, lepsza izolacyjność akustyczna; ~1 m2/m2 ściany.","Минеральная вата 75мм для профилей CW 75 в перегородках norm/lux, лучшая звукоизоляция; ~1 м2/м2 стены."
Bloczek z betonu komórkowego Solbet 100mm,Блок газобетонный Solbet 100мм,BLOCZEK_KOMORKOWY,Solbet,PSB Mrówka,"budget,norm",szt,PLN,6.20,9.59,7.80,https://solbet-lubartow.pl/produkty/bloczki/,"karta produktu Solbet Optimal 100mm (590x100x240), ~7 szt/m2, cena netto ~7.8 PLN/szt","Bloczek z betonu komórkowego 100mm (590x240), ~7 szt/m2 ściany, do ścianek działowych murowanych; budżet/norm.","Газобетонный блок 100мм (590x240), ~7 шт/м2 стены, для кладочных перегородок; вариант budget/norm."
Bloczek z betonu komórkowego Ytong 100mm,Блок газобетонный Ytong 100мм,BLOCZEK_KOMORKOWY,Ytong,Leroy Merlin,lux,szt,PLN,7.10,10.99,8.94,https://www.ytong.pl/bloczki-ytong.php,"karta produktu Ytong 100mm (599x199), ~8.4 szt/m2, cena netto ~8.9 PLN/szt","Bloczek Ytong 100mm (599x199), gładkie krawędzie do cienkiej spoiny, ~8.4 szt/m2; wariant lux o stabilnej geometrii.","Блок Ytong 100мм (599x199), гладкие грани под тонкий шов, ~8.4 шт/м2; вариант lux со стабильной геометрией."
Zaprawa klejowa do betonu komórkowego Solbet,Клеевой раствор для газобетона Solbet,ZAPRAWA_KLEJ_BLOCZKI,Solbet,PSB Mrówka,"budget,norm",kg,PLN,1.10,1.75,1.42,https://solbet-lubartow.pl/produkty/chemia-budowlana/,"karta produktu Solbet zaprawa do cienkich spoin, worek 25kg, zużycie ~1.5 kg/m2 (10cm), cena netto ~1.4 PLN/kg","Cienkowarstwowa zaprawa klejowa Solbet do bloczków komórkowych, ~1.5 kg/m2 dla ściany 10cm; budżet/norm.","Тонкослойный клеевой раствор Solbet для газоблоков, ~1.5 кг/м2 для стены 10см; вариант budget/norm."
Zaprawa klejowa do betonu komórkowego Ytong,Клеевой раствор для газобетона Ytong,ZAPRAWA_KLEJ_BLOCZKI,Ytong,Leroy Merlin,lux,kg,PLN,1.30,2.05,1.67,https://www.ytong.pl/zaprawy-i-kleje.php,"karta produktu Ytong zaprawa cienkowarstwowa, worek 25kg, zużycie ~1.5 kg/m2 (10cm), cena netto ~1.7 PLN/kg","Zaprawa cienkowarstwowa Ytong do murowania bloczków komórkowych, ~1.5 kg/m2 (10cm); wariant lux.","Тонкослойный клеевой раствор Ytong для кладки газоблоков, ~1.5 кг/м2 (10см); вариант lux."
Zaprawa murarska cementowo-wapienna Atlas,Кладочный раствор цементно-известковый Atlas,ZAPRAWA_MURARSKA,Atlas,PSB Mrówka,"budget,norm,lux",kg,PLN,0.85,1.35,1.10,https://www.atlas.com.pl/produkty/zaprawy-murarskie,"karta produktu Atlas zaprawa murarska, worek 25kg, cena netto ~1.1 PLN/kg",Zaprawa murarska cementowo-wapienna do wycinania/uzupełnień muru i osadzania belek; uniwersalna.,Кладочный цементно-известковый раствор для вырезки/дополнений кладки и установки перемычек; универсальный.
Nadproże / belka nadprożowa L19 (1.2m),Перемычка L19 (1.2м),BELKA_NADPROZOWA,Solbet,PSB Mrówka,"budget,norm,lux",szt,PLN,58.00,89.99,73.16,https://solbet-lubartow.pl/produkty/nadproza/,"karta produktu Solbet nadproże prefabrykowane, cena netto ~73 PLN/szt",Prefabrykowane nadproże żelbetowe do przekrycia otworu w ścianie z bloczków; standard belki poprzecznej.,Сборная железобетонная перемычка для перекрытия проёма в кладке из блоков; стандарт поперечной балки.
Kątownik aluminiowy narożnikowy do GK (2.5m),Уголок алюминиевый для ГК (2.5м),KATOWNIK_ALUMINIOWY,Rigips,Leroy Merlin,"budget,norm,lux",mb,PLN,1.40,2.19,1.78,https://www.rigips.pl/produkty/profile-i-akcesoria,"karta produktu Rigips narożnik aluminiowy 25x25, cena netto ~1.8 PLN/mb",Narożnik aluminiowy do zabezpieczenia krawędzi suchej zabudowy GK; standard wykończenia narożników.,Алюминиевый уголок для защиты кромок сухой ГК-конструкции; стандарт отделки углов.
Narożnik papierowy z wkładką (30m),Уголок бумажный с вкладкой (30м),NAROZNIK_PAPIEROWY,Rigips,Leroy Merlin,"budget,norm,lux",mb,PLN,0.90,1.45,1.18,https://www.rigips.pl/produkty/masy-szpachlowe,"karta produktu Rigips narożnik papierowy z wkładką, rolka 30m, cena netto ~1.2 PLN/mb",Taśma narożnikowa papierowa z wkładką do wzmocnienia połączeń ścian z sufitem; wykończenie narożników wklęsłych/wypukłych.,Бумажная угловая лента с вкладкой для усиления стыков стен с потолком; отделка внутренних/внешних углов.
Beton / mieszanka betonowa C16/20 (worek 25kg),Бетонная смесь C16/20 (мешок 25кг),MIESZANKA_BETONOWA,Atlas,Castorama,"budget,norm,lux",kg,PLN,0.70,1.09,0.89,https://www.castorama.pl/produkty/budowa/cement-wapno-beton,"katalog Castorama sucha mieszanka betonowa 25kg, cena netto ~0.9 PLN/kg","Sucha mieszanka betonowa do wykonania płyty betonowej (półka/blat), ~20 kg/m2 na 10mm grubości.","Сухая бетонная смесь для заливки бетонной плиты (полка/столешница), ~20 кг/м2 на 10мм толщины."
Rura PP-R PN20 fi20,Труба PP-R PN20 fi20,RURA_PP,Kan,PSB Mrówka,"budget,norm",mb,PLN,4.20,6.49,5.28,https://fr.kan-therm.com/system/system-kan-therm-pp,"karta systemu KAN-therm PP, rura PP-R do instalacji cieplej i zimnej wody, cena netto orientacyjna za mb","Rura polipropylenowa PP-R PN20 fi20 do zgrzewania, podstawowa rura punktu wodnego w instalacji podtynkowej, wariant budzetowo-normowy.","Полипропиленовая труба PP-R PN20 fi20 под сварку, базовая труба водяной точки в скрытой разводке, бюджетно-нормовый вариант."
Rura PEX/Al/PEX fi16,Труба PEX/Al/PEX fi16,RURA_PEX,Kan,Onninen,"norm,lux",mb,PLN,6.10,9.49,7.72,https://fr.kan-therm.com/,"katalog KAN-therm rury wielowarstwowe PE-Xc/Al, cena netto orientacyjna za mb","Rura wielowarstwowa PEX/Al/PEX fi16 z wkladka aluminiowa, stabilna forma i mniejsza rozszerzalnosc, wariant norm/lux do punktow wodnych.","Многослойная труба PEX/Al/PEX fi16 с алюминиевым слоем, стабильная форма и меньшее расширение, вариант norm/lux для водяных точек."
Kształtki PP-R zgrzewane (kolano/mufa/trójnik),Фитинги PP-R под сварку (колено/муфта/тройник),KSZTALTKI_PP,Kan,Onninen,"budget,norm",szt,PLN,2.10,3.29,2.67,https://onninen.pl/ro/serie/kan-therm-pp/latura:2,"katalog Onninen KAN-therm PP, ksztaltki PP-R zgrzewane, cena netto orientacyjna za szt","Ksztaltki PP-R (kolana, mufy, trojniki, redukcje) do zgrzewania rur PP, zuzywane przy kazdym punkcie wodnym, wariant budzetowo-normowy.","Фитинги PP-R (колена, муфты, тройники, переходы) под сварку труб PP, расходуются на каждой водяной точке, бюджетно-нормовый вариант."
Kształtki zaciskowe PEX/Al (kolano/trójnik),Пресс-фитинги PEX/Al (колено/тройник),KSZTALTKI_PEX,Kan,Onninen,"norm,lux",szt,PLN,7.80,12.29,9.99,https://onninen.pl/ro/serie/kan-therm-pp/latura:2,"katalog Onninen KAN-therm zlaczki zaciskowe/press do rur wielowarstwowych, cena netto orientacyjna za szt","Zlaczki zaciskowe/press do rur PEX/Al fi16, montaz bez zgrzewania, wariant norm/lux przy punktach wodnych.","Пресс-/обжимные фитинги для труб PEX/Al fi16, монтаж без сварки, вариант norm/lux на водяных точках."
Rura kanalizacyjna PVC-U fi50,Канализационная труба PVC-U fi50,RURA_KANALIZACYJNA_PVC,Wavin,POL-PLUS,"budget,norm,lux",mb,PLN,7.40,11.49,9.34,https://www.wavin.com/de-de/product/e57049e0-21ba-4622-a29b-d8d72acef588,"karta produktu Wavin KG PVC-U (rura kanalizacyjna), cena netto orientacyjna za mb dla fi50","Rura kanalizacyjna PVC-U fi50 z uszczelka kielichowa do podejsc umywalki/prysznica, standard rynku PL.","Канализационная труба PVC-U fi50 с раструбным уплотнением для подводок умывальника/душа, стандарт польского рынка."
Rura kanalizacyjna PVC-U fi110,Канализационная труба PVC-U fi110,RURA_KANALIZACYJNA_PVC,Wavin,POL-PLUS,"budget,norm,lux",mb,PLN,16.90,26.49,21.54,https://www.wavin.com/de-de/product/e57049e0-21ba-4622-a29b-d8d72acef588,"karta produktu Wavin KG PVC-U DN110 (rura kanalizacyjna), cena netto orientacyjna za mb","Rura kanalizacyjna PVC-U fi110 do podejscia miski WC i pionu, standard rynku PL, we wszystkich pakietach.","Канализационная труба PVC-U fi110 для подводки унитаза и стояка, стандарт польского рынка, во всех пакетах."
Kształtki kanalizacyjne PVC (kolano/trójnik/redukcja),Канализационные фитинги PVC (колено/тройник/переход),KSZTALTKI_KANALIZACYJNE,Wavin,POL-PLUS,"budget,norm,lux",szt,PLN,3.60,5.69,4.63,https://www.wavin.com/de-de/product/e57049e0-21ba-4622-a29b-d8d72acef588,"katalog Wavin KG ksztaltki PVC (kolana/trojniki/redukcje), cena netto orientacyjna za szt","Ksztaltki kanalizacyjne PVC (kolana, trojniki, redukcje) fi50/110 do podejsc odplywowych przy kazdym punkcie kan.","Канализационные фитинги PVC (колена, тройники, переходы) fi50/110 для отводных подводок на каждой канализационной точке."
Uchwyt/obejma do rur z wkładką gumową,Хомут/крепёж для труб с резиновой вкладкой,UCHWYT_OBEJMA,Kan,Castorama,"budget,norm,lux",szt,PLN,1.10,1.79,1.46,https://plastbor.com/uchwyty-do-rur-pp/,"katalog uchwytow do rur PP/kanalizacji, obejma z wkladka gumowa, cena netto orientacyjna za szt","Obejma montazowa z wkladka gumowa do mocowania rur PP i kanalizacyjnych w bruzdach/na scianie, zuzywana wzdluz trasy rury.","Монтажный хомут с резиновой вкладкой для крепления труб PP и канализации в штробах/на стене, расходуется вдоль трассы трубы."
Taśma teflonowa PTFE,Лента ФУМ (PTFE),USZCZELNIENIE_GWINTU,Tycner,Leroy Merlin,"budget,norm",szt,PLN,1.40,2.19,1.78,https://www.leroymerlin.pl,"katalog Leroy Merlin tasma teflonowa PTFE, cena netto orientacyjna za rolke (przeliczono na szt uzycia)","Tasma teflonowa PTFE do uszczelniania polaczen gwintowanych baterii i przylaczy, material zuzywalny na punkt.","Лента ФУМ (PTFE) для уплотнения резьбовых соединений смесителей и подводок, расходный материал на точку."
Pakuły lniane + pasta uszczelniająca,Лён сантехнический + уплотнительная паста,USZCZELNIENIE_GWINTU,Tycner,PSB Mrówka,"norm,lux",szt,PLN,2.30,3.59,2.92,https://www.leroymerlin.pl,"katalog PSB/LM pakuly lniane + pasta (Unipak/odp.), cena netto orientacyjna za porcje na punkt","Pakuly lniane z pasta uszczelniajaca do trwalego uszczelnienia polaczen gwintowanych, wariant norm/lux, porcja na punkt.","Сантехнический лён с уплотнительной пастой для надёжного уплотнения резьбовых соединений, вариант norm/lux, порция на точку."
Zaprawa montażowa szybkowiążąca 25kg,Монтажный быстротвердеющий раствор 25кг,ZAPRAWA_MONTAZOWA,Atlas,PSB Mrówka,"budget,norm,lux",kg,PLN,1.20,1.89,1.54,https://www.atlas.com.pl,"karta produktu Atlas zaprawa montazowa/szybkosprawna, worek 25 kg, cena netto orientacyjna za kg","Szybkowiazaca zaprawa cementowa do osadzenia odplywow liniowych i stabilizacji stelazy oraz wykonania spadkow, standard PL.","Быстротвердеющий цементный раствор для посадки линейных трапов, стабилизации инсталляций и устройства уклонов, стандарт польского рынка."
Zaprawa tynkarska cementowo-wapienna 25kg,Штукатурный цементно-известковый раствор 25кг,ZAPRAWA_TYNKARSKA,Atlas,Castorama,"budget,norm,lux",kg,PLN,0.85,1.35,1.10,https://www.atlas.com.pl,"karta produktu Atlas zaprawa tynkarska cem-wap, worek 25 kg, cena netto orientacyjna za kg","Zaprawa tynkarska cementowo-wapienna do zatynkowania bruzd po ulozeniu rur, zuzycie ~1.5-2 kg/mb bruzdy, standard PL.","Цементно-известковый штукатурный раствор для заделки штроб после укладки труб, расход ~1.5-2 кг/пм штробы, стандарт польского рынка."
Klej montażowy poliuretanowy Soudal 290ml,Монтажный полиуретановый клей Soudal 290мл,KLEJ_MONTAZOWY,Soudal,Leroy Merlin,"norm,lux",szt,PLN,12.60,19.79,16.09,https://www.leroymerlin.pl,"katalog Leroy Merlin Soudal klej montazowy (Fix All/PU), kartusz 290 ml, cena netto orientacyjna za szt","Klej montazowy poliuretanowy Soudal do punktowego osadzania odplywow punktowych i drobnych elementow, wariant norm/lux.","Монтажный полиуретановый клей Soudal для точечной посадки точечных трапов и мелких элементов, вариант norm/lux."
Zaślepka/korek kanalizacyjny PVC,Заглушка/пробка канализационная PVC,ZASLEPKA,Wavin,POL-PLUS,"budget,norm,lux",szt,PLN,1.90,2.99,2.43,https://www.wavin.com/de-de/product/e57049e0-21ba-4622-a29b-d8d72acef588,"katalog Wavin KG zaslepki/korki PVC, cena netto orientacyjna za szt","Zaslepka/korek PVC do trwalego zaslepienia zlikwidowanego punktu hydrauliki lub podejscia grzejnika, we wszystkich pakietach.","Заглушка/пробка PVC для надёжного глушения ликвидируемой сантехнической точки или подводки радиатора, во всех пакетах."
Korek mosiężny gwintowany,Заглушка латунная резьбовая,ZASLEPKA,Tycner,Castorama,"budget,norm,lux",szt,PLN,3.10,4.89,3.98,https://www.leroymerlin.pl,"katalog LM/Castorama korek mosiezny gwintowany 1/2 3/4, cena netto orientacyjna za szt","Korek mosiezny gwintowany do zaslepienia gwintowanego przylacza wody przy likwidacji punktu, we wszystkich pakietach.","Латунная резьбовая заглушка для глушения резьбовой подводки воды при ликвидации точки, во всех пакетах."
Stelaż podtynkowy WC Geberit Duofix,Инсталляция скрытая для унитаза Geberit Duofix,STELAZ_PODTYNKOWY,Geberit,Onninen,"norm,lux",szt,PLN,520.00,799.00,649.59,https://catalog.geberit.de/de-DE/product/PRO_3933392,"karta produktu Geberit Duofix Sigma 112 cm, cena netto orientacyjna za komplet stelaza","Stelaz podtynkowy Geberit Duofix ze spluczka do miski WC wiszacej, wariant norm/lux, montaz w sciance instalacyjnej.","Скрытая инсталляция Geberit Duofix с бачком для подвесного унитаза, вариант norm/lux, монтаж в инсталляционной стене."
Stelaż podtynkowy WC TECEprofil,Инсталляция скрытая для унитаза TECEprofil,STELAZ_PODTYNKOWY,TECE,Onninen,budget,szt,PLN,430.00,659.00,535.77,https://www.tece.com/it/strutture-idrauliche/teceprofil/montaggio,"karta systemu TECEprofil modul WC, cena netto orientacyjna za komplet stelaza","Stelaz podtynkowy TECEprofil do miski WC wiszacej, wariant budzetowy o sprawdzonej konstrukcji modulowej.","Скрытая инсталляция TECEprofil для подвесного унитаза, бюджетный вариант с проверенной модульной конструкцией."
Odpływ liniowy prysznicowy TECEdrainline,Линейный душевой трап TECEdrainline,ODPLYW_LINIOWY,TECE,Onninen,"norm,lux",szt,PLN,340.00,529.00,430.08,https://www.tece.com/it/drenaggi/tecedrainprofile/montaggio,"karta produktu TECEdrainline/TECEdrainprofile odplyw liniowy, cena netto orientacyjna za komplet","Odplyw liniowy TECEdrainline do brodzika bezprogowego, osadzany w zaprawie ze spadkiem, wariant norm/lux.","Линейный трап TECEdrainline для безпорогового душа, устанавливается в растворе с уклоном, вариант norm/lux."
Odpływ punktowy prysznicowy,Точечный душевой трап,ODPLYW_PUNKTOWY,Tycner,Castorama,"budget,norm,lux",szt,PLN,68.00,105.00,85.37,https://www.leroymerlin.pl,"katalog LM/Castorama odplyw punktowy prysznicowy z syfonem, cena netto orientacyjna za komplet","Odplyw punktowy prysznicowy z syfonem i kratka, montaz kompletny w podlodze, we wszystkich pakietach.","Точечный душевой трап с сифоном и решёткой, комплектный монтаж в полу, во всех пакетах."
Bateria umywalkowa podtynkowa dwupunktowa,Смеситель для умывальника скрытого монтажа,BATERIA_PODTYNKOWA,Geberit,Onninen,"norm,lux",szt,PLN,290.00,449.00,365.04,https://catalog.geberit.de/de-DE/product/PRO_3933392,"katalog baterii podtynkowych, cena netto orientacyjna za czesc podtynkowa (dwupunktowa)","Bateria umywalkowa/bidetowa podtynkowa dwupunktowa - czesc montowana w scianie, wariant norm/lux.","Смеситель для умывальника/биде скрытого монтажа двухточечный - скрытая часть в стене, вариант norm/lux."
Bateria prysznicowa podtynkowa z deszczownicą (kpl),Душевой смеситель скрытый с тропическим душем (компл),BATERIA_PODTYNKOWA,Geberit,Onninen,"norm,lux",kpl,PLN,720.00,1119.00,909.76,https://catalog.geberit.de/de-DE/product/PRO_3933392,"katalog zestawow podtynkowych prysznicowych (deszczownica+sluchawka+sterownik), cena netto orientacyjna za kpl","Kompletny podtynkowy zestaw prysznicowy: deszczownica, sluchawka, sterownik - montaz w scianie, wariant norm/lux.","Комплектный скрытый душевой набор: тропический душ, лейка, переключатель - монтаж в стене, вариант norm/lux."
Tarcza do cięcia betonu/muru fi125,Диск по бетону/камню fi125,TARCZA_TNACA,Erbauer,Castorama,"budget,norm,lux",szt,PLN,9.80,15.29,12.43,https://www.castorama.pl,"katalog Castorama tarcza diamentowa do betonu fi125, cena netto orientacyjna za szt","Tarcza diamentowa fi125 do bruzdowania/wkuwania rur w murze i betonie, material zuzywalny, we wszystkich pakietach.","Алмазный диск fi125 для штробления/врезки труб в кладке и бетоне, расходный материал, во всех пакетах."
Silikon sanitarny octowy Den Braven (310ml),Санитарный силикон уксусный Den Braven (310мл),SILIKON_SANITARNY,Den Braven,PSB Mrówka,budget,szt,PLN,11.50,17.99,14.63,https://www.den-braven.pl/silikon-sanitarny-500,"karta produktu Den Braven silikon sanitarny (octowy, 310ml), cena netto ~14.6 PLN/szt","Budżetowy jednoskładnikowy silikon sanitarny octowy z fungicydem do uszczelniania biały montaż (wanna, brodzik, umywalka); standard rynku PL, ~1 kartusz na fugę obwodową urządzenia.","Бюджетный однокомпонентный уксусный санитарный силикон с фунгицидом для уплотнения при чистовой сантехнике (ванна, поддон, умывальник); стандарт польского рынка, ~1 картридж на обводной шов прибора."
Silikon sanitarny Soudal Silirub S (300ml),Санитарный силикон Soudal Silirub S (300мл),SILIKON_SANITARNY,Soudal,Leroy Merlin,"norm,lux",szt,PLN,16.80,25.99,21.13,https://www.soudal.at/pro/produkte/dichtstoffe/silikon/silirub-s,"karta techniczna Soudal Silirub S (silikon sanitarny do pom. mokrych, 300ml), cena netto ~21 PLN/szt","Trwale elastyczny silikon sanitarny Soudal Silirub S do fug przyłączeniowych armatury i urządzeń w pomieszczeniach mokrych, odporny na pleśń; wariant norm/lux o stabilnej jakości fugi.","Постоянно эластичный санитарный силикон Soudal Silirub S для примыкающих швов арматуры и приборов во влажных помещениях, устойчив к плесени; вариант norm/lux со стабильным качеством шва."
Taśma teflonowa uszczelniająca 12mm x 12m,Тефлоновая уплотнительная лента 12мм x 12м,TASMA_TEFLONOWA,Tytan,Castorama,"budget,norm",szt,PLN,1.60,2.49,2.02,https://fachowiec.com/sklep/products/9309702_tasma_teflonowa_12m_x_12mm_x_0.1mm_miditape,"karta produktu taśma teflonowa PTFE 12m x 12mm, cena netto ~2 PLN/szt (rolka)","Taśma teflonowa PTFE do uszczelniania połączeń gwintowanych baterii i zaworów; ~1 rolka wystarcza na kilka przyłączy, standard biały montaż.","Тефлоновая лента PTFE для уплотнения резьбовых соединений смесителей и вентилей; ~1 рулона хватает на несколько подключений, стандарт чистовой сантехники."
Taśma teflonowa gruba do gwintów 19mm x 15m,Тефлоновая лента толстая для резьбы 19мм x 15м,TASMA_TEFLONOWA,Soudal,Leroy Merlin,lux,szt,PLN,3.90,6.09,4.95,https://www.leroymerlin.pl/hydraulika/uszczelnienia-hydrauliczne,"katalog Leroy Merlin uszczelnienia hydrauliczne, taśma teflonowa gruba, cena netto orientacyjna","Grubsza taśma teflonowa do gwintów wodnych, pewniejsze uszczelnienie połączeń armatury; wariant lux, ~1 rolka na kilka przyłączy.","Более толстая тефлоновая лента для водяных резьб, более надёжное уплотнение соединений арматуры; вариант lux, ~1 рулона на несколько подключений."
Pakuły lniane z pastą uszczelniającą (zestaw),Лён сантехнический с уплотнительной пастой (набор),PAKULY_PASTA,Tycner,PSB Mrówka,"norm,lux",szt,PLN,12.00,18.49,15.03,https://www.tycner.com.pl/pl/c/Uszczelnienia/54,"katalog Tycner uszczelnienia (pakuły + pasta), cena netto orientacyjna za zestaw","Pakuły lniane z pastą uszczelniającą do gwintów metalowych przy podłączeniu grzejników i zaworów; zestaw starcza na wiele połączeń, wariant norm/lux.","Льняная подмотка с уплотнительной пастой для металлических резьб при подключении радиаторов и вентилей; набора хватает на много соединений, вариант norm/lux."
Wężyk przyłączeniowy w oplocie 1/2 x 3/8 (50cm),Гибкая подводка в оплётке 1/2 x 3/8 (50см),WEZYK_PRZYLACZENIOWY,Tycner,PSB Mrówka,budget,szt,PLN,5.40,8.39,6.82,https://www.tycner.com.pl/pl/c/Wezyki-w-oplocie/40,"katalog Tycner wężyki w oplocie 1/2 x 3/8, cena netto ~6.8 PLN/szt","Budżetowy elastyczny wężyk przyłączeniowy w oplocie stalowym do baterii/zaworu; 2 szt na baterię (ciepła/zimna), standard biały montaż.","Бюджетная гибкая подводка в стальной оплётке для смесителя/вентиля; 2 шт на смеситель (горячая/холодная), стандарт чистовой сантехники."
Wężyk przyłączeniowy w oplocie inox 1/2 x 3/8 (50cm),Гибкая подводка inox 1/2 x 3/8 (50см),WEZYK_PRZYLACZENIOWY,Kan,Leroy Merlin,"norm,lux",szt,PLN,9.20,14.29,11.62,https://www.leroymerlin.pl/hydraulika/przewody-i-weze-przylaczeniowe,"katalog Leroy Merlin przewody i węże przyłączeniowe (oplot inox), cena netto orientacyjna","Wężyk przyłączeniowy w oplocie ze stali nierdzewnej do baterii i urządzeń; wyższa trwałość, wariant norm/lux, 2 szt na baterię.","Гибкая подводка в оплётке из нержавеющей стали для смесителей и приборов; выше долговечность, вариант norm/lux, 2 шт на смеситель."
Zawór kątowy 1/2 x 3/8 z filtrem,Угловой вентиль 1/2 x 3/8 с фильтром,ZAWOR_KATOWY,Tycner,PSB Mrówka,budget,szt,PLN,9.80,15.19,12.35,https://www.tycner.com.pl/pl/c/Zawory-katowe/38,"katalog Tycner zawory kątowe 1/2 x 3/8, cena netto ~12.4 PLN/szt","Budżetowy zawór kątowy z filtrem do podłączenia baterii/spłuczki; standardowy element biały montaż, 1-2 szt na punkt poboru.","Бюджетный угловой вентиль с фильтром для подключения смесителя/бачка; стандартный элемент чистовой сантехники, 1-2 шт на точку водоразбора."
Zawór kątowy 1/2 x 3/8 chromowany,Угловой вентиль 1/2 x 3/8 хромированный,ZAWOR_KATOWY,Kan,Leroy Merlin,"norm,lux",szt,PLN,15.50,23.99,19.50,https://www.leroymerlin.pl/hydraulika/zawory-i-glowice,"katalog Leroy Merlin zawory i głowice, zawór kątowy chromowany 1/2 x 3/8, cena netto orientacyjna","Chromowany zawór kątowy z głowicą ceramiczną do estetycznego podłączenia armatury; wariant norm/lux, 1-2 szt na punkt poboru.","Хромированный угловой вентиль с керамической головкой для эстетичного подключения арматуры; вариант norm/lux, 1-2 шт на точку водоразбора."
Zestaw montażowy kołki + śruby do ceramiki (kpl),Монтажный комплект дюбели + винты для керамики (компл.),KOLKI_SRUBY_MONTAZOWE,Tytan,Castorama,"budget,norm,lux",szt,PLN,4.20,6.49,5.28,https://www.castorama.pl/produkty/instalacje/hydraulika,"katalog Castorama hydraulika, zestaw montażowy do ceramiki (kołki + śruby + rozety), cena netto orientacyjna",Zestaw kołków rozporowych i śrub z podkładkami do mocowania ceramiki i akcesoriów sanitarnych do ściany; 1 komplet na element mocowany.,Комплект распорных дюбелей и винтов с шайбами для крепления керамики и сантехнических аксессуаров к стене; 1 комплект на закрепляемый элемент.
Klej montażowy hybrydowy Tytan FIX2 GT (290ml),Монтажный клей гибридный Tytan FIX2 GT (290мл),KLEJ_MONTAZOWY,Tytan,Leroy Merlin,"norm,lux",szt,PLN,19.50,29.99,24.38,https://tytan.com/pl/materialy-wideo/klej-montazowy-tytan-professional-fix2-gt-sila-szybkosc/,"karta produktu Tytan Professional FIX2 GT (klej montażowy hybrydowy, 290ml), cena netto ~24 PLN/szt","Hybrydowy klej montażowy do mocowania na klej lekkich elementów (parawan, listwa, brodzik) bez wiercenia; wariant norm/lux, ~1 kartusz na kilka punktów.","Гибридный монтажный клей для приклеивания лёгких элементов (шторка, планка, поддон) без сверления; вариант norm/lux, ~1 картридж на несколько точек."
Uszczelka gumowa/zestaw uszczelek do przyłączy,Резиновая прокладка/набор прокладок для подключений,USZCZELKI,Tycner,PSB Mrówka,"budget,norm,lux",szt,PLN,0.60,0.99,0.80,https://www.tycner.com.pl/pl/c/Uszczelki/56,"katalog Tycner uszczelki do przyłączy (płaskie/o-ring), cena netto ~0.8 PLN/szt","Uszczelki płaskie/o-ring do połączeń gwintowanych i wężyków; kilka szt na podłączenie armatury/urządzenia, materiał zużywalny biały montaż.","Плоские/уплотнительные кольца для резьбовых соединений и подводок; несколько шт на подключение арматуры/прибора, расходный материал чистовой сантехники."
Puszka podtynkowa pojedyncza fi60,Подрозетник одинарный fi60,PUSZKA_PODTYNKOWA,Elektro-Plast,PSB Mrówka,budget,szt,PLN,0.55,0.99,0.80,https://www.elektro-plast.eu/,"katalog Elektro-Plast osprzet instalacyjny (puszki podtynkowe), cena netto orientacyjna za szt","Puszka podtynkowa pojedyncza fi60 do osadzenia w murze z bloczków lub w płycie GK, budżetowy standard osprzętu instalacyjnego PL.","Одинарный подрозетник fi60 для посадки в кладке из блоков или в листе ГК, бюджетный стандарт монтажного оснащения польского рынка."
Puszka podtynkowa pogłębiana fi60,Подрозетник углублённый fi60,PUSZKA_PODTYNKOWA,Elektro-Plast,Leroy Merlin,"norm,lux",szt,PLN,0.90,1.45,1.18,https://www.elektro-plast.eu/,"katalog Elektro-Plast puszki podtynkowe pogłębiane (wariant do żelbetu/multimediów), cena netto orientacyjna za szt","Puszka podtynkowa pogłębiana fi60 z uchwytami na wkręty, wariant norm/lux do gniazd sieciowych i osadzania w żelbecie.","Углублённый подрозетник fi60 с креплением под винты, вариант norm/lux для сетевых розеток и посадки в железобетоне."
Przewód YDYp 3x1.5 750V,Кабель YDYp 3x1.5 750В,KABEL_ELEKTRYCZNY,Elektro-kabel/Bitner,PSB Mrówka,"budget,norm",mb,PLN,2.60,4.05,3.29,https://www.aks-zielonka.pl/ydyp-450-750v/,"karta katalogowa YDYp 450/750V (Elektrokabel), przewód instalacyjny 3x1.5, cena netto orientacyjna za mb","Płaski przewód instalacyjny YDYp 3x1.5 mm2 z żyłami miedzianymi do układania pod tynkiem, zasilanie obwodów oświetlenia i łączników, wariant budżetowo-normowy.","Плоский установочный кабель YDYp 3x1.5 мм2 с медными жилами для скрытой прокладки, питание цепей освещения и выключателей, бюджетно-нормовый вариант."
Przewód YDYp 3x2.5 750V,Кабель YDYp 3x2.5 750В,KABEL_ELEKTRYCZNY,Elektro-kabel/Bitner,Leroy Merlin,"norm,lux",mb,PLN,4.10,6.39,5.20,https://www.aks-zielonka.pl/ydyp-450-750v/,"karta katalogowa YDYp 450/750V (Elektrokabel), przewód instalacyjny 3x2.5, cena netto orientacyjna za mb","Płaski przewód instalacyjny YDYp 3x2.5 mm2 do obwodów gniazd 220V i zasilania odbiorników mocy, wariant norm/lux o większym przekroju.","Плоский установочный кабель YDYp 3x2.5 мм2 для цепей розеток 220В и питания силовых потребителей, вариант norm/lux с большим сечением."
Peszel karbowany RL fi16,Гофра-труба RL fi16,PESZEL_RURKA,Elektro-Plast,Castorama,"budget,norm,lux",mb,PLN,0.70,1.09,0.89,https://www.castorama.pl/s/rurka?Marka=Elektro-Plast,"katalog Castorama rurki instalacyjne Elektro-Plast (peszel/rurka RL fi16), cena netto orientacyjna za mb","Karbowana rurka osłonowa RL fi16 (peszel) do prowadzenia przewodów w bruzdach i pod tynkiem, ochrona mechaniczna kabla, we wszystkich pakietach.","Гофрированная защитная труба RL fi16 (пешель) для прокладки проводов в штробах и под штукатуркой, механическая защита кабеля, во всех пакетах."
Gips szybkowiążący do osadzeń 5kg,Гипс быстротвердеющий монтажный 5кг,GIPS_SZYBKOWIAZACY,Knauf,PSB Mrówka,"budget,norm,lux",kg,PLN,2.10,3.29,2.67,https://knauf.com/de-DE/p/produkt/rotband-10286_0010,"karta produktu Knauf gips szybkowiążący (rodzina montażowa), worek 5 kg, cena netto orientacyjna za kg","Gips szybkowiążący do osadzania puszek podtynkowych i mocowania peszla w bruzdach oraz punktowego łatania, szybkie wiązanie, standard PL.","Быстротвердеющий гипс для посадки подрозетников и фиксации гофры в штробах, а также точечной заделки, быстрое схватывание, стандарт польского рынка."
Zaprawa montażowa szybkowiążąca 25kg,Монтажный быстротвердеющий раствор 25кг,ZAPRAWA_MONTAZOWA,Atlas,Castorama,"norm,lux",kg,PLN,1.20,1.89,1.54,https://www.atlas.com.pl,"karta produktu Atlas zaprawa montazowa/szybkosprawna, worek 25 kg, cena netto orientacyjna za kg","Szybkowiążąca zaprawa cementowa do zatynkowania bruzd kablowych w żelbecie i osadzeń w twardym podłożu, wariant norm/lux, standard PL.","Быстротвердеющий цементный раствор для заделки кабельных штроб в железобетоне и посадок в твёрдом основании, вариант norm/lux, стандарт польского рынка."
Klej samopoziomujący cienkowarstwowy do mat grzewczych 25kg,Клей самовыравнивающий тонкослойный под маты 25кг,KLEJ_SAMOPOZIOMUJACY,Atlas,Leroy Merlin,"budget,norm,lux",l,PLN,1.90,2.99,2.43,https://www.atlas.com.pl,"karta produktu Atlas klej/masa do zatapiania mat grzewczych, sekcja zuzycie cienka warstwa, cena netto orientacyjna (przeliczono na l zaczynu)","Elastyczny klej/masa cienkowarstwowa do zatopienia elektrycznej maty grzewczej w warstwie pod płytki lub jastrych, cienka warstwa nakładana na m2, standard PL.","Эластичный клей/масса тонким слоем для утапливания электрической нагревательной маты в слое под плитку или стяжку, тонкий слой на м2, стандарт польского рынка."
Gładź gipsowa do łatania bruzd 20kg,Гипсовая шпаклёвка для заделки штроб 20кг,GLADZ_GIPSOWA,Dolina Nidy,PSB Mrówka,"budget,norm,lux",kg,PLN,1.30,2.09,1.70,https://www.atlas.com.pl/produkt/omega/,"karta produktu Omega (linia Dolina Nidy), worek 20 kg, srednie zuzycie ~0.8 kg/m2/mm, cena netto orientacyjna za kg","Sucha gładź gipsowa do wyrównania i łatania bruzd po ułożeniu kabli przed pracami wykończeniowymi, budżetowy standard rynku PL.","Сухая гипсовая шпаклёвка для выравнивания и заделки штроб после укладки кабелей перед отделкой, бюджетный стандарт польского рынка."
Tarcza do bruzdownicy diamentowa fi125,Диск для штробореза алмазный fi125,TARCZA_TNACA,Erbauer,Castorama,"budget,norm,lux",szt,PLN,9.80,15.29,12.43,https://www.castorama.pl,"katalog Castorama tarcza diamentowa do betonu fi125, cena netto orientacyjna za szt","Tarcza diamentowa fi125 do bruzdownicy do wykuwania bruzd kablowych w tynku i żelbecie, materiał zużywalny, we wszystkich pakietach.","Алмазный диск fi125 для штробореза для нарезки кабельных штроб в штукатурке и железобетоне, расходный материал, во всех пакетах."
Złączka instalacyjna WAGO 221-413 3x4mm2,Клемма соединительная WAGO 221-413 3x4мм2,ZLACZKA_INSTALACYJNA,WAGO,Leroy Merlin,budget,szt,PLN,0.90,1.60,1.30,https://www.wago.com/at/installationsklemmen/verbindungsklemme-mit-hebeln/p/221-413,"karta katalogowa WAGO 221-413 (3 przewody, max 4 mm2), cena netto orientacyjna za 1 szt.","Dzwigniowa zlaczka WAGO serii 221 do laczenia zyl przy montazu osprzetu, budzetowy standard rynku PL, 1 szt. na polaczenie.","Рычажная клемма WAGO серии 221 для соединения жил при монтаже электроустановочных изделий, бюджетный стандарт польского рынка, 1 шт. на соединение."
Złączka instalacyjna WAGO 221-415 5x4mm2,Клемма соединительная WAGO 221-415 5x4мм2,ZLACZKA_INSTALACYJNA,WAGO,Castorama,"norm,lux",szt,PLN,1.25,2.09,1.70,https://www.wago.com/us/splicing-connectors-221,"karta produktowa WAGO serii 221 (221-412/413/415), cena netto orientacyjna za 1 szt.","Dzwigniowa zlaczka WAGO 221-415 na 5 przewodow, wariant norm/lux do rozbudowanych polaczen w puszce, transparentna obudowa z portami pomiarowymi.","Рычажная клемма WAGO 221-415 на 5 проводов, вариант norm/lux для многожильных соединений в коробке, прозрачный корпус с портами измерения."
Cyna lutownicza Cynel LC60 SW26 1mm,Припой Cynel LC60 SW26 1мм,CYNA_LUTOWNICZA,Cynel,PSB Mrówka,"budget,norm,lux",kg,PLN,90.00,145.00,118.00,https://www.manomano.co.uk/p/cynel-professional-solder-wire-60-40-05-3mm-with-flux-sw-26-25-diameter-05mm-weight-100g-reel-22463813,"karta produktu Cynel 60/40 z topnikiem SW26 2.5%, cena netto przeliczona z opak. 100 g na 1 kg","Profesjonalna cyna Cynel Sn60Pb40 z topnikiem kalafoniowym SW26 (temp. topnienia 183-190 C) do lutowania tasm LED, spoiwo z wbudowanym topnikiem.","Профессиональный припой Cynel Sn60Pb40 с канифольным флюсом SW26 (темп. плавления 183-190 C) для пайки LED-лент, припой со встроенным флюсом."
Topnik lutowniczy kalafoniowy SW26,Флюс паяльный канифольный SW26,TOPNIK_LUTOWNICZY,Cynel,OBI,"norm,lux",kg,PLN,70.00,110.00,89.00,https://ovolt.eu/pt/products/cyna-1-00-1-kg-spoiwo-lc60-sw26-1066961,"opis spoiwa LC60 SW26 (topnik kalafoniowy halogenowy), cena netto orientacyjna przeliczona na 1 kg","Dodatkowy topnik kalafoniowy SW26 do trudniejszych polaczen lutowanych tasm LED, wariant norm/lux gdy sam topnik w cynie nie wystarcza.","Дополнительный канифольный флюс SW26 для сложных паяных соединений LED-лент, вариант norm/lux, когда флюса в припое недостаточно."
Wkręt montażowy z kołkiem 6x40,Винт монтажный с дюбелем 6x40,WKRET_KOLEK_MONTAZOWY,Erbauer,Leroy Merlin,"budget,norm,lux",szt,PLN,0.18,0.30,0.24,https://www.leroymerlin.pl,"katalog Leroy Merlin wkrety z kolkami rozporowymi 6x40, cena netto orientacyjna za 1 szt.","Wkret z kolkiem rozporowym do mocowania puszek/opraw/szynoprzewodu w podlozu, material zuzywalny liczony na sztuki.","Винт с распорным дюбелем для крепления коробок/светильников/шинопровода к основанию, расходный материал, считается штучно."
Klej montażowy do profili LED / taśma dwustronna,Клей монтажный для профилей LED / двусторонняя лента,KLEJ_MONTAZOWY,Soudal,Leroy Merlin,"budget,norm,lux",l,PLN,25.00,42.00,34.00,https://www.soudal.at/diy/produkte/dichtstoffe/universal/universal-silikon,"karta produktu Soudal (klej/uszczelniacz uniwersalny), cena netto przeliczona z kartusza 300 ml na 1 l","Klej montazowy/tasma dwustronna do mocowania profili i tasm LED do podloza, zuzycie objetosciowe na mb profilu, analog budzetowo-normowy.","Монтажный клей/двусторонняя лента для крепления профилей и LED-лент к основанию, объёмный расход на пм профиля, бюджетно-нормовый аналог."
Silikon neutralny Soudal 300ml,Силикон нейтральный Soudal 300мл,SILIKON,Soudal,OBI,"norm,lux",l,PLN,18.00,29.00,23.50,https://www.soudal.at/diy/produkte/dichtstoffe/universal/universal-silikon,"karta techniczna Soudal Universal-Silikon (neutralny, jednoskladnikowy), cena netto przeliczona z kartusza 300 ml na 1 l","Neutralny silikon uszczelniajacy do uszczelnienia opraw/profili i przejsc, wariant norm/lux, dozowany objetosciowo.","Нейтральный герметизирующий силикон для уплотнения светильников/профилей и проходов, вариант norm/lux, дозируется объёмно."
Taśma izolacyjna PVC elektryczna,Изолента ПВХ электрическая,TASMA_IZOLACYJNA,Erbauer,Castorama,"budget,norm,lux",mb,PLN,0.06,0.10,0.08,https://www.castorama.pl,"katalog Castorama tasma izolacyjna PVC, cena netto orientacyjna przeliczona z rolki 10 m na 1 mb","Elektryczna tasma izolacyjna PVC do zabezpieczenia polaczen przy montazu osprzetu, material zuzywalny liczony na mb.","Электрическая изолента ПВХ для защиты соединений при монтаже электроустановочных изделий, расходный материал, считается на пм."
Zaślepka / końcówka profilu LED,Заглушка / торцевая крышка профиля LED,ZASLEPKA,Kontakt-Simon,PSB Mrówka,"budget,norm,lux",szt,PLN,0.70,1.20,0.98,https://www.leroymerlin.pl,"katalog akcesoriow do profili LED, zaslepka/koncowka, cena netto orientacyjna za 1 szt.","Zaslepka/koncowka profilu LED lub puszki maskujaca zakonczenie, montowana parami na odcinek, material zuzywalny.","Заглушка/торцевая крышка профиля LED или коробки, закрывающая торец, ставится парами на отрезок, расходный материал."
Klej do płytek Ceresit CM 11 25kg,Клей для плитки Ceresit CM 11,KLEJ_DO_PLYTEK,Ceresit,PSB Mrówka,budget,kg,PLN,1.05,1.62,1.32,https://www.ceresit.com/products/tiling/product.html/ceresit-cm-11/SAP_0201SGC012M6.html,"karta produktu Ceresit CM 11 (klej C1T), worek 25 kg ~33 PLN netto => ~1.32 PLN/kg","Budżetowy klej cementowy klasy C1T do płytek ceramicznych o standardowej i małej nasiąkliwości, wariant budget dla podłóg i ścian.","Бюджетный цементный клей класса C1T для керамической плитки стандартного и малого водопоглощения, вариант budget для полов и стен."
Klej elastyczny Atlas Plus 25kg,Эластичный клей Atlas Plus,KLEJ_DO_PLYTEK,Atlas,Leroy Merlin,"norm,lux",kg,PLN,2.60,4.09,3.33,https://www.atlas.com.pl/en/product/atlas-plus/,"karta techniczna Atlas Plus (klej odkształcalny C2TE S1), worek 25 kg, cena netto orientacyjna","Odkształcalny klej cementowy C2TE S1 na technologii polimerowej do gresu i płytek wielkoformatowych na podłożach trudnych, wariant norm/lux.","Деформируемый цементный клей C2TE S1 на полимерной технологии для керамогранита и крупноформатной плитки на сложных основаниях, вариант norm/lux."
Klej wysokoelastyczny Mapei Adesilex P9 25kg,Высокоэластичный клей Mapei Adesilex P9,KLEJ_DO_PLYTEK,Mapei,OBI,lux,kg,PLN,2.90,4.55,3.70,https://www.mapei.com/pl/pl/produkty-i-rozwiazania/produkty/detal/adesilex-p9,"karta techniczna Mapei Adesilex P9 (klej C2TE), worek 25 kg, cena netto orientacyjna","Wysokiej jakości klej cementowy C2TE do gresu i płytek na wymagających podłożach, wariant lux o stabilnych parametrach, zużycie ~5 kg/m2 dla dużego formatu.","Высококачественный цементный клей C2TE для керамогранита и плитки на требовательных основаниях, вариант lux со стабильными параметрами, расход ~5 кг/м2 для крупного формата."
Hydroizolacja folia w płynie Atlas Woder E 5kg,Гидроизоляция жидкая мембрана Atlas Woder E,HYDROIZOLACJA,Atlas,Leroy Merlin,"budget,norm",kg,PLN,9.50,14.99,12.19,https://www.atlas.com.pl/en/product/atlas-woder-e/,"karta techniczna Atlas Woder E (folia w płynie), sekcja Zużycie ~1.4-1.5 kg/m2 (dwie warstwy), opak. 5 kg","Szybkoschnąca elastyczna folia w płynie na bazie dyspersji do uszczelniania podłóg i ścian w pomieszczeniach mokrych, zużycie ~1.5 kg/m2, wariant budget/norm.","Быстросохнущая эластичная жидкая мембрана на основе дисперсии для гидроизоляции полов и стен во влажных помещениях, расход ~1.5 кг/м2, вариант budget/norm."
Hydroizolacja Ceresit CL 51 folia w płynie 5kg,Гидроизоляция Ceresit CL 51 жидкая мембрана,HYDROIZOLACJA,Ceresit,OBI,lux,kg,PLN,11.20,17.49,14.22,https://www.ceresit.com/products/waterproofing/product.html/ceresit-cl-51/SAP_0201JAC0159R.html,"karta produktu Ceresit CL 51 (folia w płynie), sekcja zużycie ~1.5 kg/m2, opak. 5 kg","Gotowa elastyczna folia uszczelniająca w płynie Ceresit CL 51 pod płytki w łazienkach i kuchniach, wariant lux, zużycie ~1.5 kg/m2.","Готовая эластичная жидкая гидроизоляционная мембрана Ceresit CL 51 под плитку в ванных и кухнях, вариант lux, расход ~1.5 кг/м2."
Taśma uszczelniająca narożna Atlas Hydroband 3G,Уплотнительная угловая лента Atlas Hydroband 3G,TASMA_USZCZELNIAJACA,Atlas,Castorama,"budget,norm,lux",szt,PLN,3.10,4.89,3.98,https://www.atlas.com.pl/en/product/atlas-hydroband-3g/,"karta produktu Atlas Hydroband 3G (taśma uszczelniająca), cena netto za 1 mb/odcinek","Elastyczna taśma uszczelniająca do wzmacniania narożników i połączeń w systemie hydroizolacji podpłytkowej, liczona na sztuki/odcinki.","Эластичная уплотнительная лента для усиления углов и стыков в системе подплиточной гидроизоляции, считается на штуки/отрезки."
Grunt głęboko penetrujący Ceresit CT 17 5l,Грунт глубокого проникновения Ceresit CT 17,GRUNT_UNIWERSALNY,Ceresit,PSB Mrówka,budget,l,PLN,5.20,7.99,6.50,https://www.ceresit.com/products/interoir-finishing/product.html/ceresit-ct-17/SAP_0201JAC014F1.html,"karta produktu Ceresit CT 17, sekcja zużycie ~0.1-0.2 l/m2, opak. 5 L, cena netto orientacyjna","Bezrozpuszczalnikowy grunt głęboko penetrujący pod płytki, anchor Excela dla kategorii (0.15 l), wariant budget.","Грунт глубокого проникновения без растворителя под плитку, якорь Excel для категории (0.15 л), вариант budget."
Grunt Atlas Uni-Grunt 5l,Грунт Atlas Uni-Grunt,GRUNT_UNIWERSALNY,Atlas,Leroy Merlin,"norm,lux",l,PLN,6.40,9.99,8.12,https://www.atlas.com.pl/en/product/atlas-uni-grunt/,"karta techniczna Atlas Uni-Grunt, sekcja Zużycie 0.05-0.2 l/m2 na warstwę, opak. 5 L","Emulsja gruntująca na bazie dyspersji żywic polimerowych pod płytki, wariant norm/lux, głęboko penetruje chłonne podłoża.","Грунтующая эмульсия на основе дисперсии полимерных смол под плитку, вариант norm/lux, глубоко проникает в впитывающие основания."
Fuga cementowa Ceresit CE 40 Aquastatic 2kg,Цементная затирка Ceresit CE 40 Aquastatic,FUGA_CEMENTOWA,Ceresit,Leroy Merlin,"budget,norm",kg,PLN,7.80,12.29,9.99,https://www.ceresit.com/products/tiling/product.html/ceresit-ce-40/SAP_0201SGC013M9.html,"karta produktu Ceresit CE 40 Aquastatic (fuga elastyczna 1-8 mm), sekcja zużycie, opak. 2 kg","Elastyczna wodoodporna fuga cementowa do spoin 1-8 mm z technologią hydrofobową, wariant budget/norm dla większości płytek.","Эластичная водостойкая цементная затирка для швов 1-8 мм с гидрофобной технологией, вариант budget/norm для большинства плиток."
Fuga cementowa Atlas Fuga Wąska 2kg,Цементная затирка Atlas Fuga узкая,FUGA_CEMENTOWA,Atlas,Castorama,budget,kg,PLN,5.90,9.29,7.55,https://www.atlas.com.pl/en/product/atlas-narrow-joint/,"karta produktu Atlas Fuga wąska (spoiny 1-7 mm), sekcja zużycie, opak. 2 kg","Cementowa fuga wąska Atlas do spoin 1-7 mm, budżetowy standard do płytek małego i średniego formatu.","Цементная узкая затирка Atlas для швов 1-7 мм, бюджетный стандарт для плитки малого и среднего формата."
Fuga epoksydowa Mapei Kerapoxy 3kg,Эпоксидная затирка Mapei Kerapoxy,FUGA_EPOKSYDOWA,Mapei,OBI,lux,kg,PLN,42.00,64.99,52.84,https://www.mapei.com/pl/pl/produkty-i-rozwiazania/produkty/detal/kerapoxy,"karta techniczna Mapei Kerapoxy (fuga epoksydowa 2-składnikowa), sekcja zużycie ~1.6 kg/m2 na mm, opak. 3 kg","Dwuskładnikowa fuga epoksydowa o wysokiej odporności chemicznej i wodoszczelności do spoin 3 mm+, wariant lux, zużycie ~1.6 kg/m2/mm.","Двухкомпонентная эпоксидная затирка высокой химической стойкости и водонепроницаемости для швов от 3 мм, вариант lux, расход ~1.6 кг/м2/мм."
Fuga epoksydowa Ceresit CE 79 UltraEpoxy 2.5kg,Эпоксидная затирка Ceresit CE 79 UltraEpoxy,FUGA_EPOKSYDOWA,Ceresit,Leroy Merlin,"norm,lux",kg,PLN,40.00,61.99,50.40,https://www.ceresit.com/products/tiling/product.html/ceresit-ce-79/SAP_0201SGC0142C6.html,"karta produktu Ceresit CE 79 UltraEpoxy (fuga/klej epoksydowy 2K), sekcja zużycie, opak. 2.5 kg","Dwuskładnikowa fuga epoksydowa Ceresit do spoin i połączeń narożnych w pomieszczeniach mokrych i o wysokich wymaganiach higienicznych, wariant norm/lux.","Двухкомпонентная эпоксидная затирка Ceresit для швов и угловых соединений во влажных и гигиенически требовательных помещениях, вариант norm/lux."
Silikon sanitarny Soudal 280ml,Санитарный силикон Soudal,SILIKON,Soudal,Castorama,"budget,norm",szt,PLN,10.50,16.49,13.41,https://www.soudal.com/pl-pl/diy/produkty/silikony/silikon-sanitarny,"karta produktu Soudal Silikon Sanitarny (kartusz 280 ml), wydajność ~5-6 mb spoiny na kartusz","Elastyczny octanowy silikon sanitarny z ochroną przeciwgrzybiczną do fug narożnych i dylatacyjnych, kartusz 280 ml na ~5 mb, wariant budget/norm.","Эластичный ацетатный санитарный силикон с противогрибковой защитой для угловых и деформационных швов, картридж 280 мл на ~5 пм, вариант budget/norm."
Silikon Ceresit CS 25 dopasowany do fugi 280ml,Силикон Ceresit CS 25 в тон затирке,SILIKON,Ceresit,Leroy Merlin,lux,szt,PLN,12.90,19.99,16.25,https://www.ceresit.com/products/tiling/product.html/ceresit-cs-25/SAP_0201SGC0139J8.html,"karta produktu Ceresit CS 25 (silikon sanitarny), kartusz 280 ml, wydajność ~5 mb na kartusz","Silikon sanitarny Ceresit CS 25 w kolorach dopasowanych do fug CE, wariant lux dla estetycznego wykończenia narożników, ~5 mb/kartusz.","Санитарный силикон Ceresit CS 25 в цветах, подобранных к затиркам CE, вариант lux для эстетичной отделки углов, ~5 пм/картридж."
Otwornica diamentowa Bosch Diamond for Hard Ceramics,Алмазная коронка Bosch Diamond for Hard Ceramics,NARZEDZIE_DIAMENTOWE,Bosch,OBI,"budget,norm,lux",szt,PLN,52.00,79.99,65.03,https://www.bosch-professional.com/pl/pl/products/diamond-cutter-diamond-for-hard-ceramics-0601190315,"karta produktu Bosch Diamond for Hard Ceramics (otwornica diamentowa do gresu), cena netto za sztukę","Otwornica diamentowa Bosch do wiercenia otworów śr. >15 mm w gresie i płytkach twardych, materiał zużywalny ekspercki, kilka otworów na sztukę.","Алмазная коронка Bosch для сверления отверстий диам. >15 мм в керамограните и твёрдой плитке, экспертный расходник, несколько отверстий на штуку."
Tarcza diamentowa Bosch EXPERT Hard Ceramic 85mm,Алмазный диск Bosch EXPERT Hard Ceramic 85мм,NARZEDZIE_DIAMENTOWE,Bosch,Leroy Merlin,"budget,norm,lux",szt,PLN,34.00,52.99,43.08,https://www.bosch-professional.com/pl/pl/products/expert-hardceramic-x-lock-2608900654,"karta produktu Bosch EXPERT Hard Ceramic (tarcza diamentowa do cięcia/szlifu gresu), cena netto za sztukę","Tarcza diamentowa Bosch EXPERT do cięcia i szlifowania krawędzi płytek twardych (45 st., docinki), materiał zużywalny ekspercki, kilka mb na tarczę.","Алмазный диск Bosch EXPERT для реза и шлифовки кромок твёрдой плитки (запил 45°, подрезка), экспертный расходник, несколько пм на диск."
Atlas Uni-Grunt,Атлас Уни-Грунт,GRUNT_UNIWERSALNY,Atlas,Leroy Merlin,"norm,lux",l,PLN,6.40,9.99,8.12,https://cdn.shopify.com/s/files/1/0916/9050/0443/files/pl_9532_20240506_095608.pdf,"karta techniczna Atlas Uni-Grunt (PDF), cena netto ~8 PLN/l (opak. 5L)","Emulsja gruntujaca na bazie dyspersji zywic polimerowych, typowy wybor dla pakietu norm, gleboko penetruje chlonne podloza.","Грунтующая эмульсия на основе дисперсии полимерных смол, типовой выбор для пакета norm, глубоко проникает в впитывающие основания."
Knauf Universalgrund,Кнауф Универсалгрунд,GRUNT_UNIWERSALNY,Knauf,OBI,lux,l,PLN,6.80,10.49,8.53,https://knauf.com/de-DE/p/produkt/tiefengrund-10144_0010,"karta produktu Knauf (rodzina Tiefengrund/Universalgrund), cena netto orientacyjna (opak. 10L)","Grunt glebokopenetrujacy Knauf na bazie dyspersji, wariant lux o stabilnej jakosci, opak. 10L.","Грунт глубокого проникновения Knauf на основе дисперсии, вариант lux со стабильным качеством, упаковка 10L."
Gładź gipsowa Dolina Nidy Omega 20kg,Гипсовая шпаклёвка Dolina Nidy Omega,GLADZ_GIPSOWA,Dolina Nidy,PSB Mrówka,budget,kg,PLN,1.30,2.09,1.70,https://www.atlas.com.pl/produkt/omega/,"karta produktu Omega (linia Dolina Nidy), sekcja srednie zuzycie ~0.8 kg/m2/mm, worek 20 kg ~34 PLN netto => ~1.7 PLN/kg","Sucha biala gladz gipsowa do rak i maszyn, srednie zuzycie ~0.8 kg/m2/mm wg karty producenta, budzetowy standard rynku PL.","Сухая белая гипсовая шпаклёвка ручного и машинного нанесения, средний расход ~0.8 кг/м2/мм по карте производителя, бюджетный стандарт польского рынка."
Gładź gipsowa Knauf MP Finish 25kg,Гипсовая шпаклёвка Knauf MP Finish,GLADZ_POLIMEROWA,Knauf,OBI,norm,kg,PLN,1.70,2.69,2.19,https://knauf.com/de-DE/p/produkt/multi-finish-10268_0010,"karta produktu Knauf MP/Multi-Finish (gladz gipsowa), worek 25 kg","Gladz gipsowa Knauf do wykonczenia scian i sufitow do standardu Q4, wariant norm o podwyzszonej jakosci powierzchni.","Гипсовая шпаклёвка Knauf для отделки стен и потолков до стандарта Q4, вариант norm с повышенным качеством поверхности."
Gładź polimerowa Śnieżka Acryl-Putz ST20 Start,Полимерная шпаклёвка Śnieżka Acryl-Putz Start,GLADZ_POLIMEROWA,Śnieżka,Leroy Merlin,norm,kg,PLN,2.40,3.79,3.08,https://www.acrylputz.pl/dokumentacja,"karta techniczna ACRYL-PUTZ ST20 START (dokumentacja producenta), cena netto orientacyjna","Sucha polimerowa masa szpachlowa (warstwa startowa) o dobrej przyczepnosci, wariant norm dla scian.","Сухая полимерная шпаклёвочная масса (стартовый слой) с хорошей адгезией, вариант norm для стен."
Gotowa masa szpachlowa Knauf Super Finish 28kg,Готовая шпаклёвка Knauf Super Finish,GLADZ_GOTOWA_MASA,Knauf,Leroy Merlin,lux,kg,PLN,4.10,6.49,5.28,https://knauf.com/de-DE/p/produkt/super-finish-11410_0010,"karta produktu Knauf Super Finish (masa gotowa), wiadro 28 kg","Gotowa pastowa masa szpachlowa na spoiwie polimerowym do gladzi Q3/Q4, wariant lux nakladany cienkimi warstwami.","Готовая пастообразная шпаклёвочная масса на полимерном связующем для Q3/Q4, вариант lux, наносится тонкими слоями."
Gotowa gładź polimerowa Śnieżka Acryl-Putz FS20 Finisz,Готовая полимерная шпаклёвка Śnieżka Acryl-Putz Finisz,GLADZ_GOTOWA_MASA,Śnieżka,Castorama,lux,kg,PLN,3.70,5.89,4.79,https://www.acrylputz.pl/dokumentacja,"karta techniczna ACRYL-PUTZ FS20 FINISZ (dokumentacja producenta), cena netto orientacyjna","Gotowa polimerowa masa finiszowa nakladana cienka warstwa wykonczeniowa, wariant lux dla scian.","Готовая полимерная финишная масса, наносится тонким отделочным слоем, вариант lux для стен."
Papier ścierny arkusz gr.120,Наждачная бумага лист зерно 120,PAPIER_SCIERNY,Erbauer,Castorama,"budget,norm,lux",szt,PLN,0.65,0.99,0.81,https://www.castorama.pl/s/papier-scierny-125mm?Marka=Erbauer,"katalog Castorama papier scierny Erbauer, cena netto za 1 arkusz (opak. wieloszt.)","Arkusz papieru sciernego gradacja 120 do zdzierania tynku/gladzi, material zuzywalny (nie filler) dla prac szlifierskich.","Лист наждачной бумаги зерно 120 для съёма штукатурки/шпаклёвки, расходный материал (не шпаклёвка) для шлифовальных работ."
Siatka ścierna arkusz gr.240,Абразивная сетка лист зерно 240,PAPIER_SCIERNY,Erbauer,Leroy Merlin,"norm,lux",szt,PLN,0.93,1.45,1.18,https://www.castorama.pl/s/papier-scierny-125mm?Marka=Erbauer,"katalog Castorama/LM siatka scierna, cena netto za 1 arkusz (opak. wieloszt.)","Siatka scierna gradacja 240 do wykonczeniowego szlifowania gladzi, wariant norm/lux, material zuzywalny.","Абразивная сетка зерно 240 для финишного шлифования шпаклёвки, вариант norm/lux, расходный материал."
Farba gruntująca podkładowa Śnieżka Grunt 5l,Грунтующая подкладочная краска Śnieżka Grunt,GRUNT_MALARSKI,Śnieżka,PSB Mrówka,budget,l,PLN,7.30,11.29,9.18,https://www.sniezka.pl/produkty,"karta techniczna Śnieżka emulsja gruntująca, wydajność ~10 m2/l, opak. 5 L, cena netto orientacyjna","Budżetowa farba gruntująca (podkładowa) pod malowanie, wyrównuje chłonność podłoża przed farbą nawierzchniową, wariant budget.","Бюджетная грунтующая (подкладочная) краска под покраску, выравнивает впитываемость основания перед финишной краской, вариант budget."
Farba gruntująca podkładowa Dekoral Profesjonalny Grunt 5l,Грунтующая подкладочная краска Dekoral Profesjonalny,GRUNT_MALARSKI,Dekoral,Leroy Merlin,"norm,lux",l,PLN,8.40,12.99,10.56,https://www.dekoral.pl/produkty,"karta techniczna Dekoral grunt akrylowy, wydajność ~10-12 m2/l, opak. 5 L, cena netto orientacyjna","Akrylowa farba gruntująca Dekoral pod farby lateksowe, poprawia przyczepność i krycie warstwy nawierzchniowej, wariant norm/lux.","Акриловая грунтующая краска Dekoral под латексные краски, улучшает адгезию и укрывистость финишного слоя, вариант norm/lux."
Akryl dekarski/malarski Soudal 300ml,Акрил малярный Soudal,AKRYL,Soudal,Castorama,"budget,norm,lux",l,PLN,7.90,12.29,9.99,https://www.soudal.com/pl-pl/diy/produkty/akryle,"karta produktu Soudal Akryl (kartusz 300 ml = 0.3 l), cena netto za kartusz","Elastyczny akryl malarski do wypełniania narożników, pęknięć i szczelin przed malowaniem, przemalowywalny, kartusz 0.3 l.","Эластичный малярный акрил для заполнения углов, трещин и щелей перед покраской, окрашиваемый, картридж 0.3 л."
Akryl malarski Den Braven 310ml,Акрил малярный Den Braven,AKRYL,Den Braven,OBI,"norm,lux",l,PLN,7.20,11.19,9.10,https://www.denbraven.pl/produkty,"karta produktu Den Braven Akryl (kartusz 310 ml = 0.31 l), cena netto za kartusz","Akryl malarski Den Braven do uszczelniania połączeń i narożników pod malowanie, wariant norm/lux, kartusz ~0.31 l.","Малярный акрил Den Braven для герметизации стыков и углов под покраску, вариант norm/lux, картридж ~0.31 л."
Klej do tapet flizelinowych Metylan 200g,Клей для флизелиновых обоев Metylan,KLEJ_DO_TAPET,Metylan,Leroy Merlin,"budget,norm",kg,PLN,18.00,27.99,22.76,https://www.metylan.pl/produkty,"karta produktu Metylan klej do flizeliny, zużycie ~0.25 kg/m2 gotowej masy, cena netto za opak.","Klej metylocelulozowy do tapet flizelinowych nakładany na ścianę, zużycie ~0.25 kg/m2, wariant budget/norm.","Метилцеллюлозный клей для флизелиновых обоев, наносится на стену, расход ~0.25 кг/м2, вариант budget/norm."
Klej do tapet ciężkich winylowych Metylan Vinyl 300g,Клей для тяжёлых виниловых обоев Metylan Vinyl,KLEJ_DO_TAPET,Metylan,Castorama,"budget,norm,lux",kg,PLN,22.00,33.99,27.63,https://www.metylan.pl/produkty,"karta produktu Metylan klej do tapet winylowych/ciężkich, zużycie ~0.35 kg/m2, cena netto za opak.","Wzmocniony klej do ciężkich tapet winylowych, wyższa siła klejenia i zużycie ~0.35 kg/m2, wariant budget/norm/lux.","Усиленный клей для тяжёлых виниловых обоев, повышенная клеящая способность и расход ~0.35 кг/м2, вариант budget/norm/lux."
Klej montażowy Mamut Glue Soudal 290ml,Монтажный клей Mamut Glue Soudal,KLEJ_MONTAZOWY,Soudal,Leroy Merlin,"budget,norm,lux",kg,PLN,24.00,37.49,30.48,https://www.soudal.com/pl-pl/diy/produkty/kleje-montazowe/mamut-glue,"karta produktu Soudal Mamut Glue (klej hybrydowy SMX, kartusz 290 ml ~0.38 kg), cena netto za kartusz","Hybrydowy klej montażowy 'mamut' o bardzo wysokiej sile początkowej do mocowania lameli i paneli ściennych bez kołków, wariant uniwersalny.","Гибридный монтажный клей 'мамут' с очень высокой начальной силой для крепления ламелей и стеновых панелей без дюбелей, универсальный вариант."
Taśma malarska Blue Dolphin 38mm 50m,Малярная лента Blue Dolphin,TASMA_MALARSKA,Blue Dolphin,Castorama,"budget,norm,lux",szt,PLN,4.30,6.79,5.52,https://www.castorama.pl/s/tasma-malarska,"katalog Castorama taśma malarska 38 mm x 50 m, cena netto za rolkę (liczona jako sztuka)","Papierowa taśma malarska do ochrony krawędzi i oddzielania kolorów przy malowaniu, materiał zużywalny, rolka liczona na sztuki.","Бумажная малярная лента для защиты кромок и разделения цветов при покраске, расходный материал, рулон считается на штуки."
Farba lateksowa biała Śnieżka Barwy Natury 5l,Латексная краска белая Śnieżka Barwy Natury,FARBA_DEKORACYJNA,Śnieżka,PSB Mrówka,budget,l,PLN,9.80,15.19,12.35,https://www.sniezka.pl/produkty,"karta techniczna Śnieżka farba lateksowa, wydajność ~10 m2/l na warstwę, opak. 5 L, cena netto orientacyjna","Budżetowa biała farba lateksowa do ścian i sufitów, wydajność ~10 m2/l, dwie warstwy => ~0.2 l/m2, wariant budget.","Бюджетная белая латексная краска для стен и потолков, укрывистость ~10 м2/л, два слоя => ~0.2 л/м2, вариант budget."
Farba lateksowa Dekoral Akrylit W 5l,Латексная краска Dekoral Akrylit W,FARBA_DEKORACYJNA,Dekoral,Leroy Merlin,norm,l,PLN,12.30,18.99,15.44,https://www.dekoral.pl/produkty,"karta techniczna Dekoral Akrylit W, wydajność ~11 m2/l na warstwę, opak. 5 L, cena netto orientacyjna","Lateksowa farba lateksowa Dekoral o dobrej sile krycia i odporności na szorowanie, wydajność ~11 m2/l, wariant norm.","Латексная краска Dekoral с хорошей укрывистостью и стойкостью к мытью, укрывистость ~11 м2/л, вариант norm."
Farba lateksowa premium Tikkurila Optiva 5l,Латексная краска премиум Tikkurila Optiva,FARBA_DEKORACYJNA,Tikkurila,OBI,lux,l,PLN,22.00,33.99,27.63,https://www.tikkurila.pl/produkty,"karta techniczna Tikkurila Optiva, wydajność ~12 m2/l na warstwę, opak. 5 L, cena netto orientacyjna","Premium matowa farba lateksowa Tikkurila o wysokiej klasie odporności na szorowanie, wydajność ~12 m2/l, wariant lux.","Премиальная матовая латексная краска Tikkurila высокого класса стойкости к мытью, укрывистость ~12 м2/л, вариант lux."
Farba lateksowa kolorowa Magnat Ceramic 5l,Латексная краска цветная Magnat Ceramic,FARBA_DEKORACYJNA_KOLOR,Magnat,Castorama,"norm,lux",l,PLN,15.00,23.19,18.85,https://www.magnat.pl/produkty,"karta techniczna Magnat Ceramic (farba barwiona), wydajność ~10-12 m2/l na warstwę, opak. 5 L, cena netto orientacyjna","Barwiona farba lateksowa Magnat Ceramic o wysokiej odporności na plamy i szorowanie, do malowania w kolorze, wariant norm/lux.","Колерованная латексная краска Magnat Ceramic высокой стойкости к пятнам и мытью, для покраски в цвет, вариант norm/lux."
Farba lateksowa kolorowa Śnieżka Extra Fasada/Wnętrza 5l,Латексная краска цветная Śnieżka,FARBA_DEKORACYJNA_KOLOR,Śnieżka,PSB Mrówka,budget,l,PLN,11.00,17.09,13.89,https://www.sniezka.pl/produkty,"karta techniczna Śnieżka farba barwiona, wydajność ~10 m2/l na warstwę, opak. 5 L, cena netto orientacyjna","Budżetowa barwiona farba lateksowa Śnieżka do malowania ścian i sufitów w kolorze, wydajność ~10 m2/l, wariant budget.","Бюджетная колерованная латексная краска Śnieżka для покраски стен и потолков в цвет, укрывистость ~10 м2/л, вариант budget."
Tynk dekoracyjny Magnat Style Effetto 5kg,Декоративная штукатурка Magnat Style Effetto,TYNK_DEKORACYJNY,Magnat,Leroy Merlin,"budget,norm",m2,PLN,18.00,27.99,22.76,https://www.magnat.pl/produkty,"karta techniczna Magnat Style tynk dekoracyjny, zużycie przeliczone na ~1 m2 pokrytej powierzchni, cena netto na m2","Dekoracyjny tynk/masa efektowa Magnat Style do ścian wewnętrznych, wycena na m2 pokrytej powierzchni, wariant budget/norm.","Декоративная штукатурка/эффектная масса Magnat Style для внутренних стен, расчёт на м2 покрытой поверхности, вариант budget/norm."
Tynk dekoracyjny premium Tikkurila Taika/Optiva Effect 5kg,Декоративная штукатурка премиум Tikkurila,TYNK_DEKORACYJNY,Tikkurila,OBI,lux,m2,PLN,28.00,43.49,35.36,https://www.tikkurila.pl/produkty,"karta techniczna Tikkurila tynk/masa dekoracyjna, zużycie przeliczone na ~1 m2, cena netto na m2","Premium dekoracyjna masa efektowa Tikkurila do wnętrz o efekcie metalicznym/strukturalnym, wycena na m2, wariant lux.","Премиальная декоративная эффектная масса Tikkurila для интерьеров с металлическим/структурным эффектом, расчёт на м2, вариант lux."
Tapeta flizelinowa dekoracyjna,Флизелиновые декоративные обои,TAPETA_FLIZELINOWA,Śnieżka,Castorama,"budget,norm,lux",m2,PLN,14.00,21.79,17.72,https://www.castorama.pl/s/tapety-flizelinowe,"katalog Castorama tapety flizelinowe, cena netto przeliczona na m2 pokrytej ściany","Tapeta na flizelinowym podłożu (niekurczliwa, klejona na ścianę), typowy dekoracyjny wybór do ścian, wycena na m2.","Обои на флизелиновой основе (несминаемые, клей на стену), типовой декоративный выбор для стен, расчёт на м2."
Tapeta winylowa na flizelinie,Виниловые обои на флизелине,TAPETA_WINYLOWA,Śnieżka,Leroy Merlin,"budget,norm,lux",m2,PLN,18.00,27.99,22.76,https://www.leroymerlin.pl/tapety,"katalog Leroy Merlin tapety winylowe, cena netto przeliczona na m2 pokrytej ściany","Tapeta winylowa na podłożu flizelinowym, zmywalna i wytrzymała, cięższa (klej winylowy ~0.35 kg/m2), wycena na m2.","Виниловые обои на флизелиновой основе, моющиеся и прочные, тяжелее (виниловый клей ~0.35 кг/м2), расчёт на м2."
Filc ścienny dekoracyjny,Настенный декоративный войлок,FILC_SCIENNY,Decor System,OBI,"norm,lux",m2,PLN,22.00,33.99,27.63,https://www.obi.pl/dekoracje-scienne,"katalog OBI filc/wykładzina ścienna, cena netto przeliczona na m2 pokrytej ściany","Filc ścienny dekoracyjno-akustyczny naklejany na ścianę, wykończenie tekstylne, wycena na m2, wariant norm/lux.","Настенный декоративно-акустический войлок, наклеиваемый на стену, текстильная отделка, расчёт на м2, вариант norm/lux."
Sztukateria ścienna listwa Mardom Decor,Настенная лепнина профиль Mardom Decor,SZTUKATERIA,Mardom,Leroy Merlin,"budget,norm",mb,PLN,12.00,18.69,15.20,https://www.mardomdecor.pl/produkty,"katalog Mardom Decor listwa ścienna (poliuretan/duropolimer), cena netto za mb profilu","Listwa sztukaterii ściennej z duropolimeru Mardom Decor do dekoracji ścian, klejona i malowana, wycena na mb, wariant budget/norm.","Настенный профиль лепнины из дурополимера Mardom Decor для декора стен, клеится и красится, расчёт на пм, вариант budget/norm."
Sztukateria przysufitowa listwa Decor System,Потолочная лепнина профиль Decor System,SZTUKATERIA,Decor System,Castorama,"budget,norm,lux",mb,PLN,14.00,21.79,17.72,https://www.decorsystem.pl/produkty,"katalog Decor System listwa przysufitowa (duropolimer), cena netto za mb profilu","Listwa sztukaterii przysufitowej Decor System (przejście ściana-sufit), klejona i malowana, wycena na mb, wariant budget/norm/lux.","Потолочный профиль лепнины Decor System (переход стена-потолок), клеится и красится, расчёт на пм, вариант budget/norm/lux."
Lamele ścienne na podkładzie / panele ścienne,Стеновые ламели на подложке / панели,LAMELE_SCIENNE,Mardom,Leroy Merlin,"budget,norm,lux",m2,PLN,55.00,85.49,69.51,https://www.mardomdecor.pl/produkty,"katalog Mardom Decor panele lamelowe na podkładzie (płyta), cena netto przeliczona na m2 okładziny","Panel lamelowy na podkładzie płytowym do okładzin ściennych, klejony klejem montażowym 'mamut', wycena na m2, wariant uniwersalny.","Ламельная панель на плитной подложке для стеновых облицовок, клеится монтажным клеем 'мамут', расчёт на м2, универсальный вариант."
Lamele ścienne profil pojedynczy,Стеновые ламели одиночный профиль,LAMELE_SCIENNE,Decor System,Castorama,"budget,norm,lux",mb,PLN,16.00,24.89,20.24,https://www.decorsystem.pl/produkty,"katalog Decor System lamela ścienna pojedyncza, cena netto za mb profilu","Pojedyncza lamela ścienna (profil listwowy) montowana na klej 'mamut', wycena na mb profilu, wariant uniwersalny.","Одиночная стеновая ламель (планочный профиль), монтируется на клей 'мамут', расчёт на пм профиля, универсальный вариант."
Jastrych cementowy Weber floor 4610 25kg,Цементная стяжка Weber floor 4610,JASTRYCH_CEMENTOWY,Weber,PSB Mrówka,budget,kg,PLN,1.05,1.60,1.30,https://www.pl.weber/posadzki-jastrychy-i-produkty-do-renowacji/jastrychy-cementowe,"karta techniczna Weber floor (jastrych cementowy), sekcja Zuzycie ~20 kg/m2 na 10 mm, worek 25 kg","Zaprawa jastrychowa cementowa na posadzki, zuzycie ~20 kg/m2 na kazde 10 mm grubosci wg karty; anchor Excela dla posadzki cementowej.","Цементная стяжечная смесь для полов, расход ~20 кг/м2 на каждые 10 мм толщины по карте; якорь Excel для цементного пола."
Jastrych cementowy Atlas Postar 80 25kg,Цементная стяжка Atlas Postar 80,JASTRYCH_CEMENTOWY,Atlas,Castorama,"norm,lux",kg,PLN,1.15,1.79,1.45,https://www.atlas.com.pl/produkt/postar-80/,"karta produktu Atlas Postar 80 (jastrych cementowy), sekcja Zuzycie ~20 kg/m2 na 10 mm, worek 25 kg","Podkladowy jastrych cementowy do posadzek pod okladziny, zuzycie ~20 kg/m2/10 mm, wariant norm/lux o stabilnej klasie C20.","Цементная подстилающая стяжка под покрытия, расход ~20 кг/м2/10 мм, вариант norm/lux со стабильным классом C20."
Wylewka samopoziomująca Atlas SAM 200 25kg,Самовыравнивающаяся стяжка Atlas SAM 200,WYLEWKA_SAMOPOZIOMUJACA,Atlas,Leroy Merlin,"budget,norm",kg,PLN,1.55,2.39,1.94,https://www.atlas.com.pl/produkt/sam-200/,"karta produktu Atlas SAM 200 (masa samopoziomująca), sekcja Zuzycie ~1.7 kg/m2 na 1 mm, worek 25 kg","Cementowa masa samopoziomujaca do wyrownania podloza, zuzycie ~1.7 kg/m2 na 1 mm; anchor Excela dla wylewki wyrownujacej.","Цементная самовыравнивающаяся масса для выравнивания основания, расход ~1.7 кг/м2 на 1 мм; якорь Excel для выравнивающей стяжки."
Wylewka samopoziomująca Ceresit CN 76 25kg,Самовыравнивающаяся стяжка Ceresit CN 76,WYLEWKA_SAMOPOZIOMUJACA,Ceresit,OBI,lux,kg,PLN,1.85,2.89,2.35,https://www.ceresit.pl/pl/produkty/podlogi/masy-samopoziomujace.html,"karta produktu Ceresit CN 76 (masa samopoziomująca), sekcja Zuzycie ~1.7 kg/m2 na 1 mm, worek 25 kg","Samopoziomujaca masa podlogowa Ceresit o wysokiej gladkosci, wariant lux, zuzycie ~1.7 kg/m2/mm.","Самовыравнивающаяся напольная масса Ceresit высокой гладкости, вариант lux, расход ~1.7 кг/м2/мм."
Grunt podkładowy Ceresit CT 17 (odp.),Грунт-подложка Ceresit CT 17 (аналог),GRUNT_UNIWERSALNY,Ceresit,PSB Mrówka,budget,l,PLN,5.20,7.99,6.50,https://www.ceresit.com/products/interoir-finishing/product.html/ceresit-ct-17/SAP_0201JAC014F1.html,"karta produktu Ceresit CT 17, sekcja Zuzycie ~0.1-0.2 l/m2, cena netto orientacyjna","Grunt glebokopenetrujacy pod wylewki i kleje podlogowe, zuzycie ~0.15 l/m2; anchor Excela grunt CT17 0.15 l.","Грунт глубокого проникновения под стяжки и напольные клеи, расход ~0.15 л/м2; якорь Excel грунт CT17 0.15 л."
Grunt podkładowy Atlas Uni-Grunt,Грунт-подложка Atlas Uni-Grunt,GRUNT_UNIWERSALNY,Atlas,Leroy Merlin,"norm,lux",l,PLN,6.40,9.99,8.12,https://cdn.shopify.com/s/files/1/0916/9050/0443/files/pl_9532_20240506_095608.pdf,"karta techniczna Atlas Uni-Grunt (PDF), sekcja Zuzycie 0.05-0.2 l/m2 na warstwe","Emulsja gruntujaca dyspersyjna pod posadzki, zuzycie ~0.15 l/m2, wariant norm/lux.","Дисперсионная грунтующая эмульсия под полы, расход ~0.15 л/м2, вариант norm/lux."
Papier ścierny do szlifierek arkusz gr.40,Наждачная бумага для шлифмашин лист зерно 40,PAPIER_SCIERNY,Erbauer,Castorama,budget,szt,PLN,0.85,1.29,1.05,https://www.castorama.pl/s/papier-scierny,"katalog Castorama papier scierny gruby (gr.40), cena netto za 1 arkusz","Gruby papier scierny gr.40 do maszynowego zdzierania/obnizenia posadzki, material zuzywalny (nie filler).","Грубая наждачная бумага зерно 40 для машинного съёма/понижения пола, расходный материал (не шпаклёвка)."
Siatka ścierna arkusz gr.80,Абразивная сетка лист зерно 80,PAPIER_SCIERNY,Erbauer,Leroy Merlin,"norm,lux",szt,PLN,0.93,1.45,1.18,https://www.castorama.pl/s/papier-scierny,"katalog LM/Castorama siatka scierna gr.80, cena netto za 1 arkusz","Siatka scierna gr.80 do przygotowania posadzki pod klejenie, material zuzywalny, wariant norm/lux.","Абразивная сетка зерно 80 для подготовки пола под приклеивание, расходный материал, вариант norm/lux."
Klej do winylu Bostik Parkietiaki (Tarbicol) 20kg,Клей для панелей/винила Bostik,KLEJ_DO_PODLOG,Bostik,PSB Mrówka,budget,kg,PLN,7.50,11.49,9.34,https://www.bostik.com/poland/pl/,"karta techniczna Bostik klej do podlog drewnianych/winylu, sekcja Zuzycie ~1.0-1.3 kg/m2","Klej do przyklejania paneli winylowych i deski warstwowej, zuzycie ~1.0-1.3 kg/m2 wg karty; branch construction.","Клей для приклеивания виниловых панелей и многослойной доски, расход ~1.0-1.3 кг/м2 по карте; branch construction."
Klej do winylu Thomsit K 188 E 12kg,Клей для винила Thomsit K 188 E,KLEJ_DO_PODLOG,Thomsit,OBI,norm,kg,PLN,9.20,14.29,11.62,https://www.thomsit.pl/pl/produkty.html,"karta techniczna Thomsit K 188 E (klej dyspersyjny do LVT), sekcja Zuzycie ~0.3-0.5 kg/m2 packa A2","Dyspersyjny klej Thomsit do wykladzin winylowych LVT, zuzycie ~1.1 kg/m2 przy packach zebatych; wariant norm.","Дисперсионный клей Thomsit для виниловых покрытий LVT, расход ~1.1 кг/м2 при зубчатых шпателях; вариант norm."
Klej do parkietu Mapei Ultrabond Eco S955 1K 15kg,Клей для паркета Mapei Ultrabond Eco S955,KLEJ_DO_PODLOG,Mapei,Leroy Merlin,lux,kg,PLN,15.40,23.99,19.50,https://www.mapei.com/pl/pl/produkty-i-rozwiazania,"karta techniczna Mapei Ultrabond Eco S955 1K (klej poliuretanowy), sekcja Zuzycie ~1.0-1.3 kg/m2","Elastyczny klej poliuretanowy Mapei do deski warstwowej/parkietu, zuzycie ~1.2 kg/m2, wariant lux.","Эластичный полиуретановый клей Mapei для многослойной доски/паркета, расход ~1.2 кг/м2, вариант lux."
Akryl dekarski/malarski Soudal 300ml,Акрил малярный Soudal,AKRYL,Soudal,PSB Mrówka,"budget,norm",l,PLN,4.10,6.29,5.11,https://www.soudal.com/pl-pl/diy/produkty/akryle,"karta produktu Soudal Akryl (kartusz 300 ml = 0.3 l), cena netto za kartusz","Akryl malarski do wypelnien i akrylowania listew dylatacyjnych/przypodlogowych, kartusz 300 ml.","Малярный акрил для заделки и акрилования дилатационных/плинтусных профилей, картридж 300 мл."
Akryl elastyczny Mapei Mapesil AC (odp.) 310ml,Эластичный акрил Mapei (аналог),AKRYL,Mapei,OBI,lux,l,PLN,5.90,8.99,7.31,https://www.mapei.com/pl/pl/produkty-i-rozwiazania,"karta produktu Mapei uszczelniacz/akryl (kartusz 310 ml = 0.31 l), cena netto za kartusz","Elastyczny akryl/uszczelniacz Mapei do akrylowania listew, wariant lux, kartusz 310 ml.","Эластичный акрил/герметик Mapei для акрилования профилей, вариант lux, картридж 310 мл."
Klej montażowy do listew Soudal Mamut/Fix All 290ml,Монтажный клей для профилей Soudal Mamut,KLEJ_MONTAZOWY,Soudal,Leroy Merlin,"budget,norm,lux",l,PLN,12.30,18.99,15.44,https://www.soudal.com/pl-pl/diy/produkty/kleje-montazowe,"karta produktu Soudal Mamut Glue / Fix All (kartusz 290 ml = 0.29 l), cena netto za kartusz","Mocny klej montazowy Soudal (mamut) do listew przypodlogowych i dylatacyjnych, kartusz 290 ml.","Сильный монтажный клей Soudal (мамут) для плинтусов и дилатационных профилей, картридж 290 мл."
Listwa dylatacyjna aluminiowa L=2.7m,Дилатационный алюминиевый профиль L=2.7м,LISTWA_DYLATACYJNA,Salag,OBI,"budget,norm,lux",mb,PLN,6.30,9.69,7.88,https://bel-pol.pl/listwy-progowe,"katalog listwy progowe/dylatacyjne aluminiowe, cena netto za 1 mb (sztanga 2.7 m)","Aluminiowa listwa dylatacyjna/progowa do podlog, cena za mb; branch construction (profil techniczny).","Алюминиевый дилатационный/порожный профиль для полов, цена за пм; branch construction (технический профиль)."
Listwa progowa aluminiowa z docięciem szt,Порожный алюминиевый профиль с подрезкой шт,LISTWA_DYLATACYJNA,Salag,Castorama,"budget,norm,lux",szt,PLN,14.20,21.99,17.88,https://bel-pol.pl/listwy-progowe,"katalog listwy progowe aluminiowe, cena netto za 1 sztuke (odcinek przy wejsciu)","Listwa progowa aluminiowa przy wejsciu z docieciem na wymiar, liczona na sztuke.","Порожный алюминиевый профиль у входа с подрезкой по размеру, считается на штуку."
Listwa przypodłogowa MDF Salag 80mm 2.4m,Плинтус MDF Salag 80мм,LISTWA_PRZYPODLOGOWA,Salag,Bel-Pol,budget,mb,PLN,7.10,10.99,8.94,"https://bel-pol.pl/listwy-przypodlogowe/salag/listwa-przypodlogowa-bravo-80-mm-kaszmir-2,4m-br81f4,p24745,14.html","karta produktu Salag Bravo 80 mm (styrodur/MDF), cena detal netto 10.15/2.4m => ~4.2/mb, orientacyjnie 8.94 z klejem","Listwa przypodlogowa MDF/styrodur Salag 80 mm na klej, wariant budget; branch finishing (profil wykonczeniowy).","Плинтус MDF/стиродур Salag 80 мм на клей, вариант budget; branch finishing (отделочный профиль)."
Listwa przypodłogowa styrodur VOX Espumo 2.4m,Плинтус стиродур VOX Espumo,LISTWA_PRZYPODLOGOWA,VOX,Bel-Pol,"norm,lux",mb,PLN,8.40,12.99,10.56,"https://bel-pol.pl/listwy-przypodlogowe/vox/listwa-espumo-201-esp201-biala-2,4-m-201-esp201-2.4,p18166,14.html","karta produktu VOX Espumo 80 mm (styrodur), cena detal netto 10.14/2.4m => ~4.2/mb, orientacyjnie z klejem","Listwa przypodlogowa styrodur VOX Espumo na klej, wariant norm/lux; branch finishing.","Плинтус стиродур VOX Espumo на клей, вариант norm/lux; branch finishing."
Panele podłogowe laminowane Egger AC4 8mm,Ламинат Egger AC4 8мм,PANEL_LAMINOWANY,Egger,Bel-Pol,budget,m2,PLN,42.80,65.94,53.61,https://bel-pol.pl/panele-podlogowe/egger,"lista Materiały pakiety - podloga Laminat Egger, cena detal 53.61/m2","Panele laminowane Egger AC4 8 mm, pokrycie podlogowe pakietu budget; branch finishing, +5% na docinke.","Ламинированные панели Egger AC4 8 мм, напольное покрытие пакета budget; branch finishing, +5% на подрезку."
Panele laminowane Metamorphose AC4 8mm,Ламинат Metamorphose AC4 8мм,PANEL_LAMINOWANY,Metamorphose,Bel-Pol,norm,m2,PLN,71.30,109.95,89.39,https://bel-pol.pl/panele-podlogowe/metamorphose,"lista Materiały pakiety - podloga Laminat Metamorphose, cena detal 89.39/m2","Panele laminowane Metamorphose AC4 8 mm, wariant norm (standard), branch finishing.","Ламинированные панели Metamorphose AC4 8 мм, вариант norm (standard), branch finishing."
Panele winylowe SPC Afirmax klasa 32 4mm,Виниловые панели SPC Afirmax класс 32 4мм,PANEL_WINYLOWY,Afirmax,Bel-Pol,budget,m2,PLN,57.70,88.99,72.35,https://bel-pol.pl/podloga-winylowa/afirmax,"lista Materiały pakiety - podloga Winyl Afirmax, cena detal 72.35/m2","Panele winylowe SPC Afirmax kl.32 4 mm, pokrycie budget na klik lub klej; branch finishing, +5% docinka.","Виниловые панели SPC Afirmax кл.32 4 мм, покрытие budget на клик или клей; branch finishing, +5% подрезка."
Panele winylowe SPC Arbiton klasa 33 4mm,Виниловые панели SPC Arbiton класс 33 4мм,PANEL_WINYLOWY,Arbiton,Bel-Pol,norm,m2,PLN,90.15,138.99,113.00,https://bel-pol.pl/panele-winylowe/arbiton,"lista Materiały pakiety - podloga Winyl Arbiton, cena detal 113.00/m2","Panele winylowe SPC Arbiton kl.33 4 mm (prosta deska), wariant norm; branch finishing.","Виниловые панели SPC Arbiton кл.33 4 мм (прямая доска), вариант norm; branch finishing."
Panele winylowe SPC Arbiton jodełka 5mm,Виниловые панели SPC Arbiton ёлочка 5мм,PANEL_WINYLOWY,Arbiton,Bel-Pol,lux,m2,PLN,116.10,178.99,145.52,https://bel-pol.pl/panele-winylowe/arbiton,"lista Materiały pakiety - podloga Winyl jodelka Arbiton, cena detal 145.52/m2","Panele winylowe SPC Arbiton jodelka 5 mm, wariant lux do ukladu jodelkowego; branch finishing, +10% docinka jodelki.","Виниловые панели SPC Arbiton ёлочка 5 мм, вариант lux для ёлочной укладки; branch finishing, +10% подрезка ёлочки."
Deska warstwowa Barlinek Jodła Klasyczna 14mm,Многослойная доска Barlinek классическая ёлка 14мм,DESKA_WARSTWOWA,Barlinek,Bel-Pol,lux,m2,PLN,221.60,341.94,278.00,https://bel-pol.pl/deska-barlinecka/barlinek,"lista Materiały pakiety - podloga Deska prosta Barlinek, cena detal 278.00/m2","Deska warstwowa debowa Barlinek 14 mm (uklad prosty), wariant lux; branch finishing, +7% docinka.","Многослойная дубовая доска Barlinek 14 мм (прямая укладка), вариант lux; branch finishing, +7% подрезка."
Deska warstwowa Barlinek Jodła Francuska 14mm,Многослойная доска Barlinek французская ёлка 14мм,DESKA_WARSTWOWA,Barlinek,Bel-Pol,lux,m2,PLN,280.60,432.99,352.00,https://bel-pol.pl/deska-barlinecka/barlinek,"lista Materiały pakiety - podloga Deska jodelka Barlinek, cena detal 352.00/m2","Deska warstwowa debowa Barlinek 14 mm jodla francuska (jodelka), wariant lux; branch finishing, +12% docinka jodelki.","Многослойная дубовая доска Barlinek 14 мм французская ёлка; вариант lux; branch finishing, +12% подрезка ёлочки."
Podkład podłogowy Arbiton Multiprotec 2mm,Подложка напольная Arbiton Multiprotec 2мм,PODKLAD_PODLOGOWY,Arbiton,Bel-Pol,"budget,norm",m2,PLN,2.60,4.02,3.27,https://bel-pol.pl/podklad/arbiton,"lista Materiały pakiety - podloga Podkład Arbiton Multiprotec, cena detal 26.74/8m2 => 3.27/m2","Podklad akustyczny Arbiton pod panele/winyl (3w1), pokrycie ~1.05 m2/m2; branch finishing.","Акустическая подложка Arbiton под панели/винил (3в1), покрытие ~1.05 м2/м2; branch finishing."
Podkład podłogowy Arbiton Multiprotec LVT 1.4mm,Подложка напольная Arbiton Multiprotec LVT 1.4мм,PODKLAD_PODLOGOWY,Arbiton,Bel-Pol,lux,m2,PLN,2.85,4.38,3.56,https://bel-pol.pl/podklad-pod-panele/arbiton,"lista Materiały pakiety - podloga Podkład Multiprotec LVT, cena detal 29.18/8.5m2 => 3.56/m2","Podklad Arbiton pod winyl klik (1.4 mm), wariant lux, pokrycie ~1.05 m2/m2; branch finishing.","Подложка Arbiton под винил-клик (1.4 мм), вариант lux, покрытие ~1.05 м2/м2; branch finishing."
Folia paroizolacyjna PE 0.2mm,Пароизоляционная плёнка PE 0.2мм,FOLIA_PAROIZOLACYJNA,Arbiton,PSB Mrówka,"budget,norm,lux",m2,PLN,0.85,1.29,1.05,https://bel-pol.pl/folie-i-akcesoria,"katalog folie budowlane PE, cena netto za m2 (rolka przeliczona)","Folia paroizolacyjna PE pod podklad i panele na podlozu mineralnym, pokrycie ~1.05 m2/m2; branch finishing.","Пароизоляционная плёнка PE под подложку и панели на минеральном основании, покрытие ~1.05 м2/м2; branch finishing."
Folia ochronna malarska PE,Защитная плёнка малярная PE,FOLIA_OCHRONNA,Soudal,PSB Mrówka,"budget,norm,lux",m2,PLN,0.55,0.85,0.69,https://www.soudal.com/pl-pl/diy/produkty,"katalog folia ochronna PE, cena netto za m2 (rolka przeliczona)","Folia ochronna PE do zabezpieczenia gotowej podlogi na czas prac, pokrycie ~1.05 m2/m2.","Защитная плёнка PE для укрытия готового пола на время работ, покрытие ~1.05 м2/м2."
Tektura ochronna falista,Защитный гофрокартон,TEKTURA_OCHRONNA,Soudal,Castorama,"norm,lux",m2,PLN,1.15,1.79,1.45,https://www.castorama.pl/s/tektura-ochronna,"katalog tektura/plyta ochronna, cena netto za m2","Tektura falista do twardego zabezpieczenia gotowej podlogi, pokrycie ~1.0 m2/m2.","Гофрокартон для жёсткой защиты готового пола, покрытие ~1.0 м2/м2."
Taśma malarska ochronna 48mm,Малярная лента защитная 48мм,TASMA_MALARSKA,Soudal,PSB Mrówka,"budget,norm,lux",szt,PLN,4.20,6.49,5.28,https://www.soudal.com/pl-pl/diy/produkty,"katalog tasma malarska 48 mm x 50 m, cena netto za rolke (szt)","Tasma malarska do mocowania folii/tektury zabezpieczajacej podloge, liczona na sztuki (rolki).","Малярная лента для крепления плёнки/картона, защищающих пол, считается на штуки (рулоны)."
Piana montażowa niskorozprężna do drzwi Soudal Doors 750ml,Монтажная пена низкорасширяемая для дверей Soudal Doors 750мл,PIANA_MONTAZOWA,Soudal,PSB Mrówka,budget,szt,PLN,22.00,36.00,29.27,https://sasza.pasaz24.pl/product/PIANKA-PISTOLETOWA-SOUDAL-DOORS-NISKOPREZNA-s9637,"karta produktu Soudafoam Doors 750ml, cena netto 29.27 PLN/puszka","Pistoletowa piana PU niskorozprezna dedykowana do montazu stolarki drzwiowej (drewno/MDF/PVC/stal), 1 puszka na komplet oscieznicy - budzetowy standard PL.","Пистолетная ПУ-пена низкорасширяемая для монтажа дверной столярки (дерево/МДФ/ПВХ/сталь), 1 баллон на комплект коробки - бюджетный стандарт PL."
Piana montażowa niskorozprężna Tytan Professional 750ml,Монтажная пена низкорасширяемая Tytan Professional 750мл,PIANA_MONTAZOWA,Tytan,Castorama,"norm,lux",szt,PLN,24.50,39.90,32.44,https://tytan.com/en/,"katalog Tytan Professional piana pistoletowa niskoprezna 750ml, cena netto orientacyjna","Niskorozprezna piana pistoletowa PU Tytan do montazu oscieznic bez odksztalcania ram, wariant norm/lux, 1 puszka na komplet drzwi.","Низкорасширяемая пистолетная ПУ-пена Tytan для монтажа коробок без деформации рам, вариант norm/lux, 1 баллон на комплект двери."
Klej montażowy hybrydowy Soudal Fix All 290ml,Монтажный клей гибридный Soudal Fix All 290мл,KLEJ_MONTAZOWY,Soudal,Leroy Merlin,"budget,norm,lux",szt,PLN,18.00,29.99,24.38,https://www.soudal.com/nl-be/diy/producten/fix-all/fix-all/fix-all-high-tack,"karta produktu Soudal Fix All (SMX Polymer), cena netto orientacyjna za kartusz 290ml","Elastyczny klej montazowy hybrydowy SMX do mocowania listew/opasek i punktowego klejenia elementow stolarki, 1 kartusz na kilka kompletow.","Эластичный гибридный монтажный клей SMX для крепления наличников и точечной приклейки элементов столярки, 1 картридж на несколько комплектов."
Silikon sanitarny Den Braven 280ml,Силикон санитарный Den Braven 280мл,SILIKON,Den Braven,Castorama,"budget,norm,lux",szt,PLN,11.00,17.99,14.63,https://www.topepoxy.eu/en/acetic-silicones:den-braven/,"karta produktu Den Braven silikon (acetic/sanitary), cena netto orientacyjna za kartusz 280ml","Silikon do uszczelnienia styku szafki/blatu ze sciana i obrobki drzwi, odporny na wilgoc i plesn, 1 kartusz na kilka kompletow.","Силикон для герметизации стыка шкафа/столешницы со стеной и обработки двери, влаго- и плеснестойкий, 1 картридж на несколько комплектов."
Akryl malarski Den Braven 300ml,Акрил малярный Den Braven 300мл,AKRYL,Den Braven,PSB Mrówka,"norm,lux",szt,PLN,7.50,11.99,9.75,https://www.toolteam24.com/en-GB/catalog/den-braven-katalog-chemieprodukte-acryl-silikon-montagekleber-pu-schaum-Page-8-558.html,"katalog Den Braven Universal Acryl, cena netto orientacyjna za kartusz 300ml","Akryl dyspersyjny malarski do wypelnienia szczelin przy obrobce otworu drzwi ukrytych (do malowania), 1 kartusz na kilka kompletow.","Акрил дисперсионный малярный для заполнения щелей при обработке проёма скрытых дверей (под покраску), 1 картридж на несколько комплектов."
Wkręty do ościeżnic / montażowe Wkręt-Met,Саморезы для коробок / монтажные Wkręt-Met,WKRETY,Wkręt-Met,Leroy Merlin,"budget,norm,lux",szt,PLN,0.12,0.20,0.16,https://www.leroymerlin.fr/produits/marques/soudal/soudal-fix-all-p.html,"katalog Wkret-Met wkrety montazowe, cena netto orientacyjna za sztuke (opak. wieloszt.)","Wkret montazowy/do oscieznic (stal ocynk), material zuzywalny do mocowania oscieznic, klamek, szafek; cena za 1 szt z opak. wieloszt.","Саморез монтажный/для коробок (сталь оцинк.), расходный материал для крепления коробок, ручек, шкафов; цена за 1 шт из многошт. упаковки."
Kołek rozporowy ramowy Wkręt-Met,Дюбель рамный распорный Wkręt-Met,KOLKI,Wkręt-Met,PSB Mrówka,"budget,norm,lux",szt,PLN,0.22,0.35,0.28,https://www.leroymerlin.fr/produits/marques/soudal/soudal-fix-all-p.html,"katalog Wkret-Met kolki ramowe, cena netto orientacyjna za sztuke (opak. wieloszt.)","Kolek ramowy z wkretem do mocowania oscieznic/szafek w murze, material zuzywalny; cena za 1 szt z opak. wieloszt.","Рамный дюбель с саморезом для крепления коробок/шкафов в стене, расходный материал; цена за 1 шт из многошт. упаковки."
Kliny montażowe do drzwi (komplet klinów),Клинья монтажные для дверей (клин),KLINY,Wkręt-Met,OBI,"budget,norm,lux",szt,PLN,0.30,0.49,0.40,https://www.leroymerlin.fr/produits/marques/soudal/soudal-fix-all-p.html,"katalog kliny montazowe plastikowe, cena netto orientacyjna za sztuke (opak. wieloszt.)","Klin montazowy do ustawienia i unieruchomienia oscieznicy przed pianowaniem, material zuzywalny; cena za 1 szt.","Монтажный клин для установки и фиксации коробки перед запениванием, расходный материал; цена за 1 шт."
Obrzeże okleiny brzegowej melamina rolka,Кромка меламиновая (кромкование) лист,OBRZEZE,Erbauer,OBI,"budget,norm,lux",szt,PLN,0.90,1.49,1.21,https://www.castorama.pl/s/papier-scierny-125mm?Marka=Erbauer,"katalog obrzeze melaminowe do oklejania krawedzi, cena netto orientacyjna za odcinek na 1 strone skrzydla","Obrzeze melaminowe do oklejenia przycietej krawedzi skrzydla drzwi po docieciu, material zuzywalny; ~1 odcinek na 1 strone.","Меламиновая кромка для оклейки подрезанного края дверного полотна после подгонки, расходный материал; ~1 отрезок на 1 сторону."
Papier ścierny arkusz gr.180,Наждачная бумага лист зерно 180,PAPIER_SCIERNY,Erbauer,Castorama,"budget,norm,lux",szt,PLN,0.65,0.99,0.81,https://www.castorama.pl/s/papier-scierny-125mm?Marka=Erbauer,"katalog Castorama papier scierny Erbauer, cena netto za 1 arkusz (opak. wieloszt.)","Arkusz papieru sciernego gr.180 do wygladzenia przycietej krawedzi skrzydla, material zuzywalny.","Лист наждачной бумаги зерно 180 для зачистки подрезанного края полотна, расходный материал."
Taśma malarska 38mm rolka 50m,Малярная лента 38мм рулон 50м,TASMA_MALARSKA,Den Braven,Leroy Merlin,"norm,lux",szt,PLN,5.00,7.99,6.50,https://www.toolteam24.com/en-GB/catalog/den-braven-katalog-chemieprodukte-acryl-silikon-montagekleber-pu-schaum-Page-3-558.html,"katalog tasma malarska 38mm/50m, cena netto orientacyjna za 1 rolke","Tasma malarska do zabezpieczenia okuc/oscieznicy przy malowaniu skrzydla drzwi ukrytych, material zuzywalny; ~1 rolka na kilka skrzydel.","Малярная лента для защиты фурнитуры/коробки при покраске полотна скрытых дверей, расходный материал; ~1 рулон на несколько полотен."
Podkład akrylowy do drewna/MDF Śnieżka 1L,Грунт акриловый по дереву/МДФ Śnieżka 1Л,PODKLAD,Śnieżka,PSB Mrówka,"norm,lux",l,PLN,18.00,27.99,22.76,https://www.sniezka.md/,"katalog Sniezka podklad akrylowy do drewna, cena netto orientacyjna za 1L","Podklad akrylowy gruntujacy pod farbe na skrzydle drzwi ukrytych (MDF/drewno), poprawia przyczepnosc i krycie.","Акриловый грунт под краску на полотне скрытых дверей (МДФ/дерево), улучшает адгезию и укрывистость."
Farba lateksowa biała Śnieżka 1L,Краска латексная белая Śnieżka 1Л,FARBA,Śnieżka,Castorama,budget,l,PLN,20.00,29.99,24.39,https://www.sniezka.md/,"karta produktu Sniezka emulsja lateksowa, cena netto orientacyjna za 1L; zuzycie ~0.22 l/m2 (2 warstwy)","Biala farba lateksowa do malowania skrzydla drzwi ukrytych, zuzycie ~0.22 l/m2 przy dwoch warstwach, wariant budzetowy.","Белая латексная краска для покраски полотна скрытых дверей, расход ~0.22 л/м2 при двух слоях, бюджетный вариант."
Farba lateksowa premium biała Dekoral 1L,Краска латексная премиум белая Dekoral 1Л,FARBA,Dekoral,Leroy Merlin,"norm,lux",l,PLN,26.00,39.99,32.51,https://domal.pl/produkt/dulux-easy-care-biala-25l/,"karta produktu Dekoral farba lateksowa premium, cena netto orientacyjna za 1L; zuzycie ~0.2-0.22 l/m2 (2 warstwy)","Premium biala farba lateksowa o wyzszej odpornosci mechanicznej do skrzydla drzwi, wariant norm/lux, zuzycie ~0.2-0.22 l/m2.","Премиум белая латексная краска с повышенной механической стойкостью для полотна двери, вариант norm/lux, расход ~0.2-0.22 л/м2."
Klej montażowy Tytan Professional Mocny Chwyt 290ml,Монтажный клей Tytan Professional 290мл,KLEJ_MONTAZOWY,Tytan,Castorama,budget,l,PLN,20.00,32.99,26.82,https://www.selena.pl/pl/produkty/klej-montazowy-mocny-chwyt-tytan-professional,"karta produktu Tytan Mocny Chwyt (kartusz 290 ml = 0.29 l), cena netto przeliczona z kartusza na 1 l","Uniwersalny klej montazowy Tytan do przyklejania parapetow, listew i akcesoriow do podloza; kartusz 0.29 l, wariant budget.","Универсальный монтажный клей Tytan для приклеивания подоконников, планок и аксессуаров к основанию; картридж 0.29 л, вариант budget."
Klej montażowy Soudal 300ml,Монтажный клей Soudal 300мл,KLEJ_MONTAZOWY,Soudal,Leroy Merlin,"norm,lux",l,PLN,22.00,36.00,29.27,https://www.soudal.pl,"karta produktu Soudal klej montazowy (kartusz 300 ml = 0.3 l), cena netto przeliczona z kartusza na 1 l","Klej montazowy Soudal o wysokiej sile poczatkowego chwytu do parapetow i listew przysufitowych, wariant norm/lux.","Монтажный клей Soudal с высокой начальной силой схватывания для подоконников и потолочных планок, вариант norm/lux."
Akryl malarski Soudal 300ml,Акрил малярный Soudal 300мл,AKRYL,Soudal,Castorama,"budget,norm,lux",l,PLN,7.90,12.29,9.99,https://www.soudal.com/pl-pl/diy/produkty/akryle,"karta produktu Soudal Akryl (kartusz 300 ml = 0.3 l), cena netto za kartusz","Elastyczny akryl malarski do wypelnienia styku listwy przysufitowej ze sciana/sufitem przed malowaniem, przemalowywalny, kartusz 0.3 l.","Эластичный малярный акрил для заделки стыка потолочной планки со стеной/потолком перед покраской, окрашиваемый, картридж 0.3 л."
Klej do luster neutralny Soudal 290ml,Клей для зеркал нейтральный Soudal 290мл,KLEJ_DO_LUSTER,Soudal,Leroy Merlin,"budget,norm,lux",l,PLN,24.00,39.00,31.71,https://www.soudal.pl,"karta produktu Soudal klej do luster (neutralny, kartusz 290 ml = 0.29 l), cena netto przeliczona z kartusza na 1 l","Specjalny neutralny klej do luster nie uszkadzajacy powloki srebra, do montazu lustra lazienkowego/szkla, kartusz 0.29 l.","Специальный нейтральный клей для зеркал, не повреждающий серебряное покрытие, для монтажа зеркала/стекла, картридж 0.29 л."
Taśma dwustronna montażowa piankowa,Двусторонняя монтажная лента вспененная,TASMA_DWUSTRONNA,Tytan,Castorama,"norm,lux",m2,PLN,25.00,42.00,34.15,https://www.castorama.pl/s/tasma-dwustronna,"katalog Castorama tasma dwustronna montazowa piankowa, cena netto przeliczona na 1 m2 powierzchni klejenia","Mocna piankowa tasma dwustronna do wstepnego mocowania lustra/szkla przed zwiazaniem kleju, rozliczana po m2 przyklejenia.","Прочная вспененная двусторонняя лента для предварительной фиксации зеркала/стекла до схватывания клея, учитывается по м2 приклеивания."
Syfon i wężyk przyłączeniowy AGD,Сифон и подводка для бытовой техники,SYFON_WEZYK,Erbauer,OBI,"budget,norm,lux",szt,PLN,15.00,24.60,20.00,https://www.obi.pl,"katalog OBI syfon/wezyk przylaczeniowy do zmywarki/pralki, cena netto orientacyjna za komplet (1 szt)","Minimalny osprzet przylaczeniowy (syfon, wezyk) do podlaczenia AGD po ustawieniu; komplet liczony na sztuke.","Минимальная присоединительная арматура (сифон, подводка) для подключения бытовой техники после установки; комплект считается на штуку."
Worki na śmieci LDPE 120L,Мешки для мусора ПВД 120л,MATERIALY_POMOCNICZE,Erbauer,Castorama,"budget,norm,lux",szt,PLN,0.85,1.29,1.05,https://www.castorama.pl/s/worki-na-smieci,"katalog Castorama worki na odpady budowlane 120L, cena netto za 1 szt (opak. wieloszt.)","Mocny worek LDPE 120L na gruz i odpady poremontowe, podstawowy material pomocniczy prac porzadkowych, wszystkie pakiety.","Прочный мешок ПВД 120л для строймусора и отходов после ремонта, базовый вспомогательный материал уборочных работ, все пакеты."
Folia ochronna budowlana malarska,Плёнка защитная строительная малярная,MATERIALY_POMOCNICZE,Erbauer,Leroy Merlin,"budget,norm,lux",m2,PLN,0.12,0.22,0.18,https://www.leroymerlin.pl/materialy-budowlane/folie-i-oslony,"katalog Leroy Merlin folia ochronna malarska, cena netto za 1 m2 (rolka)","Cienka folia ochronna do zabezpieczenia posadzek i stref przejscia podczas prac, material zuzywalny, wszystkie pakiety.","Тонкая защитная плёнка для защиты полов и зон прохода во время работ, расходный материал, все пакеты."
Czyściwo / ręcznik papierowy przemysłowy,Протирочный материал / промышленное бумажное полотенце,MATERIALY_POMOCNICZE,Erbauer,OBI,"norm,lux",szt,PLN,0.10,0.17,0.14,https://www.obi.pl/reczniki-papierowe,"katalog OBI czyściwo/reczniki przemyslowe, cena netto za 1 listek (rolka wieloszt.)","Przemyslowy recznik papierowy/czyściwo do przecierania powierzchni i usuwania kurzu, wariant norm/lux prac porzadkowych.","Промышленное бумажное полотенце/протирочный материал для протирки поверхностей и удаления пыли, вариант norm/lux уборочных работ."
Worek do odkurzacza budowlanego,Мешок для строительного пылесоса,MATERIALY_POMOCNICZE,Erbauer,Castorama,lux,szt,PLN,3.20,4.99,4.06,https://www.castorama.pl/s/worki-do-odkurzaczy,"katalog Castorama worki filtracyjne do odkurzacza budowlanego, cena netto za 1 szt (opak. 5 szt)","Worek filtracyjny do odkurzacza budowlanego na pyl remontowy, wariant lux (odkurzanie na mokro/sucho), material zuzywalny.","Фильтр-мешок для строительного пылесоса под ремонтную пыль, вариант lux (сухая/влажная уборка), расходный материал."
