work_code,work_pl,work_unit,branch,material_type,material_ref,material_unit,norm_qty,packages,waste_pct,justification_pl,justification_ru,source_type,source_doc,source_url,source_ref
1.01,Zabezpieczenie na czas prac okien drzwi drogi transportu,m2,construction,FOLIA_OCHRONNA,Folia ochronna malarska HDPE,m2,0.10,"budget,norm,lux",0,Zabezpieczenie zuzywa ~0.10 m2 folii na 1 m2 chronionej powierzchni; anchor Excela 0.10 szt/m2 znormalizowany do m2 folii.,Защита расходует ~0.10 м2 плёнки на 1 м2 защищаемой поверхности; якорь Excel 0.10 шт/м2 нормализован в м2 плёнки.,excel,Excel Matrix v3.0 Oferta,,"wiersz 1.01 arkusza Oferta, kolumna folia ochronna 0.10"
1.01,Zabezpieczenie na czas prac okien drzwi drogi transportu,m2,construction,TEKTURA_OCHRONNA,Tektura falista malarska ochronna,m2,0.10,"budget,norm,lux",0,Zabezpieczenie posadzek/progow zuzywa ~0.10 m2 tektury na 1 m2; anchor Excela 0.10 tektura malarska.,Защита полов/порогов расходует ~0.10 м2 картона на 1 м2; якорь Excel 0.10 малярный картон.,excel,Excel Matrix v3.0 Oferta,,"wiersz 1.01 arkusza Oferta, kolumna tektura malarska 0.10"
1.01,Zabezpieczenie na czas prac okien drzwi drogi transportu,m2,construction,TASMA_MALARSKA,Taśma malarska papierowa 38mm,szt,0.10,"budget,norm,lux",0,Mocowanie folii i ochrona krawedzi zuzywa ~0.10 rolki tasmy malarskiej na 1 m2; anchor Excela 0.10 tasma malarska (rolka=szt).,Крепление плёнки и защита кромок расходует ~0.10 ленты на 1 м2; якорь Excel 0.10 малярная лента (рулон=шт).,excel,Excel Matrix v3.0 Oferta,,"wiersz 1.01 arkusza Oferta, kolumna tasma malarska 0.10"
1.01,Zabezpieczenie na czas prac okien drzwi drogi transportu,m2,construction,TASMA_TYNKARSKA,Taśma tynkarska zewnętrzna 48mm,szt,0.20,"norm,lux",0,Wariant norm/lux; solidniejsze zabezpieczenie oscieznic zuzywa ~0.20 rolki tasmy tynkarskiej na 1 m2; anchor Excela 0.20 tasma tynkarska (rolka=szt).,Вариант norm/lux; более прочная защита откосов расходует ~0.20 ленты на 1 м2; якорь Excel 0.20 штукатурная лента (рулон=шт).,excel,Excel Matrix v3.0 Oferta,,"wiersz 1.01 arkusza Oferta, kolumna tasma tynkarska 0.20"
1.01,Zabezpieczenie na czas prac okien drzwi drogi transportu,m2,construction,NAROZNIK_OCHRONNY,Narożnik papierowy ochronny,szt,0.20,"norm,lux",0,Wariant norm/lux; ochrona naroznikow oscieznic i naroz scian zuzywa ~0.20 szt naroznika na 1 m2; anchor Excela 0.20 narozniki papierowe.,Вариант norm/lux; защита углов откосов и стен расходует ~0.20 шт уголка на 1 м2; якорь Excel 0.20 картонные уголки.,excel,Excel Matrix v3.0 Oferta,,"wiersz 1.01 arkusza Oferta, kolumna narozniki papierowe 0.20"
1.02,Rozbiórki ściany murowanej,m2,construction,WOREK_NA_GRUZ,Worek na gruz big bag 1m3,szt,0.35,"budget,norm,lux",0,"Rozbiorka 1 m2 sciany murowanej daje gruz wymagajacy ~0.35 worka big bag 1m3 (sciana ~0.12m ~0.12 m3/m2, worek ~1m3 przy zaladunku ~0.35); zalozenie eksperckie.","Демонтаж 1 м2 кирпичной стены даёт мусор ~0.35 биг-бэга 1м3 (стена ~0.12м ~0.12 м3/м2, при загрузке ~0.35); экспертное допущение.",expert,Praktyka wykonawcza (material zuzywalny na wynoszenie gruzu),,zalozenie eksperckie ~0.35 szt/m2 na gromadzenie gruzu; brak normy Excel
1.02,Rozbiórki ściany murowanej,m2,construction,TARCZA_TNACA,Tarcza diamentowa do cięcia 125mm,szt,0.05,budget,0,Ciecie muru przy rozbiorce zuzywa material scierny; ~0.05 tarczy diamentowej 125mm na 1 m2 wg zuzycia przy twardym materiale (zalozenie eksperckie).,Резка кладки при демонтаже расходует абразив; ~0.05 алмазного диска 125мм на 1 м2 по износу на твёрдом материале (экспертное допущение).,expert,Praktyka wykonawcza (material scierny zuzywalny),,zalozenie eksperckie ~0.05 szt/m2; SKU tarczy 125mm
1.02,Rozbiórki ściany murowanej,m2,construction,TARCZA_TNACA,Tarcza diamentowa segmentowa 125mm,szt,0.04,"norm,lux",0,"Wariant norm/lux; wytrzymalsza tarcza segmentowa Rubi zuzywa ~0.04 szt na 1 m2 ciecia muru (dluzsza zywotnosc, zalozenie eksperckie).","Вариант norm/lux; более стойкий сегментный диск Rubi расходует ~0.04 шт на 1 м2 резки кладки (больший ресурс, экспертное допущение).",expert,Praktyka wykonawcza (material scierny zuzywalny),,zalozenie eksperckie ~0.04 szt/m2; SKU tarczy segmentowej 125mm
1.03,Naprawa posadzek i stropu po pracach wyburzeniowych,mb,construction,ZAPRAWA_NAPRAWCZA,Zaprawa wyrównująco-naprawcza Atlas ZW 330 25kg,kg,4.00,"budget,norm,lux",0,"Naprawa pasa posadzki/stropu po wyburzeniu zuzywa ~4.0 kg/mb zaprawy ZW 330; karta podaje ~1.5 kg/m2/mm, pas ~0.2m przy ubytku ~13mm daje ~4 kg/mb.","Ремонт полосы пола/перекрытия после демонтажа расходует ~4.0 кг/пм раствора ZW 330; карта даёт ~1.5 кг/м2/мм, полоса ~0.2м при выемке ~13мм даёт ~4 кг/пм.",producer_tds,Atlas ZW 330 — Karta produktu,https://www.atlas.com.pl/de/produkt/atlas-zw-330/,sekcja Zuzycie/Verbrauch (~1.5 kg/m2/mm)
1.03,Naprawa posadzek i stropu po pracach wyburzeniowych,mb,construction,GRUNT_UNIWERSALNY,Grunt uniwersalny CT 17 (odp.),l,0.03,"budget,norm,lux",0,"Gruntowanie pasa naprawy przed zaprawa zuzywa ~0.03 l/mb gruntu (pas ~0.2m, ~0.15 l/m2); przygotowanie podloza dla przyczepnosci.","Грунтование полосы ремонта перед раствором расходует ~0.03 л/пм грунта (полоса ~0.2м, ~0.15 л/м2); подготовка основания для адгезии.",producer_tds,Ceresit CT 17 — Karta produktu,https://www.ceresit.com/products/interoir-finishing/product.html/ceresit-ct-17/SAP_0201JAC014F1.html,sekcja Zuzycie (~0.1-0.2 l/m2)
1.04,Wentylacja - relokacja otworów,kpl,construction,ZAPRAWA_MURARSKA,Zaprawa murarska Atlas M-10 25kg,kg,6.00,"budget,norm,lux",0,Relokacja otworu wentylacyjnego: zamurowanie starego i osadzenie w nowym zuzywa ~6.0 kg/kpl zaprawy murarskiej; zalozenie eksperckie wg objetosci uzupelnienia.,Перенос вентотверстия: заделка старого и установка в новом расходует ~6.0 кг/компл кладочного раствора; экспертное допущение по объёму заделки.,expert,Praktyka wykonawcza + Atlas Zaprawa Murarska (rzad wielkosci),https://www.atlas.com.pl/wp-content/uploads/2026/08/62bb80692ad76d2f493e0beecb20f760543ee718_pl_9735_20240507_153354.pdf,zalozenie eksperckie ~6 kg/kpl; karta zaprawy jako anchor materialu
1.04,Wentylacja - relokacja otworów,kpl,construction,PIANKA_MONTAZOWA,Pianka montażowa poliuretanowa Soudal 750ml,szt,1.00,"norm,lux",0,Wariant norm/lux; osadzenie i uszczelnienie relokowanego kanalu zuzywa ~1.0 puszke pianki montazowej na komplet (zalozenie eksperckie).,Вариант norm/lux; установка и уплотнение перенесённого канала расходует ~1.0 баллон монтажной пены на комплект (экспертное допущение).,expert,Praktyka wykonawcza (uszczelnienie kanalu),,zalozenie eksperckie ~1 szt/kpl; SKU pianki 750ml
1.05,Wentylacja - poszerzenie otworu,kpl,construction,TARCZA_TNACA,Tarcza diamentowa do cięcia 125mm,szt,0.20,budget,0,Poszerzenie otworu wentylacyjnego przez ciecie muru zuzywa ~0.20 tarczy diamentowej na komplet (zalozenie eksperckie wg twardosci muru).,Расширение вентотверстия резкой кладки расходует ~0.20 алмазного диска на комплект (экспертное допущение по твёрдости кладки).,expert,Praktyka wykonawcza (material scierny zuzywalny),,zalozenie eksperckie ~0.20 szt/kpl; SKU tarczy 125mm
1.05,Wentylacja - poszerzenie otworu,kpl,construction,TARCZA_TNACA,Tarcza diamentowa segmentowa 125mm,szt,0.15,"norm,lux",0,Wariant norm/lux; poszerzenie otworu wytrzymalsza tarcza segmentowa Rubi zuzywa ~0.15 szt na komplet (zalozenie eksperckie).,Вариант norm/lux; расширение отверстия более стойким сегментным диском Rubi расходует ~0.15 шт на комплект (экспертное допущение).,expert,Praktyka wykonawcza (material scierny zuzywalny),,zalozenie eksperckie ~0.15 szt/kpl; SKU tarczy segmentowej 125mm
1.05,Wentylacja - poszerzenie otworu,kpl,construction,ZAPRAWA_NAPRAWCZA,Zaprawa wyrównująco-naprawcza Atlas ZW 330 25kg,kg,2.00,"budget,norm,lux",0,"Wykonczenie poszerzonego otworu zuzywa ~2.0 kg/kpl zaprawy naprawczej ZW 330 do zabudowy krawedzi (zalozenie eksperckie, karta ~1.5 kg/m2/mm).","Отделка расширенного отверстия расходует ~2.0 кг/компл ремонтного раствора ZW 330 для заделки кромок (экспертное допущение, карта ~1.5 кг/м2/мм).",producer_tds,Atlas ZW 330 — Karta produktu,https://www.atlas.com.pl/de/produkt/atlas-zw-330/,sekcja Zuzycie/Verbrauch (~1.5 kg/m2/mm)
1.06,Wentylacja - dostosowanie (wydłużenie kanału),kpl,construction,PIANKA_MONTAZOWA,Pianka montażowa poliuretanowa Soudal 750ml,szt,1.00,"norm,lux",0,Wydluzenie kanalu: osadzenie i uszczelnienie dostawki zuzywa ~1.0 puszke pianki montazowej na komplet (zalozenie eksperckie).,Удлинение канала: установка и уплотнение вставки расходует ~1.0 баллон монтажной пены на комплект (экспертное допущение).,expert,Praktyka wykonawcza (uszczelnienie kanalu),,zalozenie eksperckie ~1 szt/kpl; SKU pianki 750ml
1.06,Wentylacja - dostosowanie (wydłużenie kanału),kpl,construction,ZAPRAWA_NAPRAWCZA,Zaprawa wyrównująco-naprawcza Atlas ZW 330 25kg,kg,2.00,"budget,norm,lux",0,"Zabudowa i wykonczenie wydluzonego kanalu zuzywa ~2.0 kg/kpl zaprawy naprawczej ZW 330 (zalozenie eksperckie, karta ~1.5 kg/m2/mm).","Заделка и отделка удлинённого канала расходует ~2.0 кг/компл ремонтного раствора ZW 330 (экспертное допущение, карта ~1.5 кг/м2/мм).",producer_tds,Atlas ZW 330 — Karta produktu,https://www.atlas.com.pl/de/produkt/atlas-zw-330/,sekcja Zuzycie/Verbrauch (~1.5 kg/m2/mm)
1.07,Naprawa ścian i stropów po bruzdowaniu po firmie zewnętrznej,mb,construction,ZAPRAWA_TYNKARSKA,Zaprawa tynkarska cementowo-wapienna Atlas 25kg,kg,1.50,"norm,lux",0,Wypelnienie bruzdy po instalacjach zuzywa ~1.5 kg/mb zaprawy tynkarskiej; bruzda ~0.03m x ~0.03m ~0.9 dm3/mb przy gestosci ~1.6 daje rzad ~1.5 kg (karta ~1.5-2 kg/m2/mm).,Заполнение штробы после инсталляций расходует ~1.5 кг/пм штукатурного раствора; штроба ~0.03м x ~0.03м ~0.9 дм3/пм при плотности ~1.6 даёт ~1.5 кг (карта ~1.5-2 кг/м2/мм).,producer_tds,Atlas Zaprawa Tynkarska — Karta techniczna,https://cdn.shopify.com/s/files/1/0916/9050/0443/files/pl_9738_20240507_110925.pdf?v=1745357168,sekcja Zuzycie/Wydajnosc (~1.5-2.0 kg/m2/mm)
1.07,Naprawa ścian i stropów po bruzdowaniu po firmie zewnętrznej,mb,construction,ZAPRAWA_NAPRAWCZA,Zaprawa wyrównująco-naprawcza Atlas ZW 330 25kg,kg,1.50,budget,0,Wariant budget; wypelnienie bruzdy zaprawa naprawcza ZW 330 ~1.5 kg/mb wg objetosci bruzdy (karta ~1.5 kg/m2/mm).,Вариант budget; заполнение штробы ремонтным раствором ZW 330 ~1.5 кг/пм по объёму штробы (карта ~1.5 кг/м2/мм).,producer_tds,Atlas ZW 330 — Karta produktu,https://www.atlas.com.pl/de/produkt/atlas-zw-330/,sekcja Zuzycie/Verbrauch (~1.5 kg/m2/mm)
1.07,Naprawa ścian i stropów po bruzdowaniu po firmie zewnętrznej,mb,construction,GLADZ_GIPSOWA,Gładź gipsowa Atlas Omega 20kg,kg,0.40,"budget,norm,lux",0,Wykonczenie zabruzdowanego pasa cienka warstwa gladzi zuzywa ~0.40 kg/mb; karta Atlas Omega ~0.8 kg/m2/mm dla pasa ~0.05m.,Финишная заделка штробленой полосы тонким слоем шпаклёвки расходует ~0.40 кг/пм; карта Atlas Omega ~0.8 кг/м2/мм для полосы ~0.05м.,producer_tds,Atlas Omega — Karta produktu,https://www.atlas.com.pl/produkt/omega/,sekcja srednie zuzycie (~0.8 kg/m2/mm)
1.08,Wyburzenie posadzki cementowej z wynoszeniem,m2,construction,WOREK_NA_GRUZ,Worek na gruz big bag 1m3,szt,0.15,"budget,norm,lux",0,"Wyburzenie 1 m2 posadzki cementowej (~0.05m) daje ~0.05 m3 gruzu na m2, wynoszenie zuzywa ~0.15 worka big bag 1m3 przy realnym zaladunku (zalozenie eksperckie).","Демонтаж 1 м2 цементной стяжки (~0.05м) даёт ~0.05 м3 мусора на м2, вынос расходует ~0.15 биг-бэга 1м3 при реальной загрузке (экспертное допущение).",expert,Praktyka wykonawcza (material zuzywalny na wynoszenie gruzu),,zalozenie eksperckie ~0.15 szt/m2; brak normy Excel
1.08,Wyburzenie posadzki cementowej z wynoszeniem,m2,construction,TARCZA_TNACA,Tarcza diamentowa do cięcia 125mm,szt,0.03,budget,0,Naciecie posadzki cementowej przed skuciem zuzywa ~0.03 tarczy diamentowej 125mm na m2 (zalozenie eksperckie).,Прорезка цементной стяжки перед сколом расходует ~0.03 алмазного диска 125мм на м2 (экспертное допущение).,expert,Praktyka wykonawcza (material scierny zuzywalny),,zalozenie eksperckie ~0.03 szt/m2; SKU tarczy 125mm
1.08,Wyburzenie posadzki cementowej z wynoszeniem,m2,construction,TARCZA_TNACA,Tarcza diamentowa segmentowa 125mm,szt,0.025,"norm,lux",0,Wariant norm/lux; naciecie posadzki wytrzymalsza tarcza segmentowa Rubi zuzywa ~0.025 szt na m2 (zalozenie eksperckie).,Вариант norm/lux; прорезка стяжки более стойким сегментным диском Rubi расходует ~0.025 шт на м2 (экспертное допущение).,expert,Praktyka wykonawcza (material scierny zuzywalny),,zalozenie eksperckie ~0.025 szt/m2; SKU tarczy segmentowej 125mm
1.09,Demontaże / wyburzenie płytek,m2,construction,WOREK_NA_GRUZ,Worek na gruz big bag 1m3,szt,0.05,"budget,norm,lux",0,"Skucie plytek z klejem z 1 m2 daje cienka warstwe gruzu (~0.02 m3/m2), wynoszenie zuzywa ~0.05 worka big bag 1m3 (zalozenie eksperckie).","Скол плитки с клеем с 1 м2 даёт тонкий слой мусора (~0.02 м3/м2), вынос расходует ~0.05 биг-бэга 1м3 (экспертное допущение).",expert,Praktyka wykonawcza (material zuzywalny na wynoszenie gruzu),,zalozenie eksperckie ~0.05 szt/m2; brak normy Excel
1.09,Demontaże / wyburzenie płytek,m2,construction,TARCZA_TNACA,Tarcza diamentowa do cięcia 125mm,szt,0.02,budget,0,Naciecie fug/plytek przy demontazu zuzywa ~0.02 tarczy diamentowej 125mm na m2 (zalozenie eksperckie).,Прорезка швов/плитки при демонтаже расходует ~0.02 алмазного диска 125мм на м2 (экспертное допущение).,expert,Praktyka wykonawcza (material scierny zuzywalny),,zalozenie eksperckie ~0.02 szt/m2; SKU tarczy 125mm
1.09,Demontaże / wyburzenie płytek,m2,construction,TARCZA_TNACA,Tarcza diamentowa segmentowa 125mm,szt,0.015,"norm,lux",0,Wariant norm/lux; naciecie plytek wytrzymalsza tarcza segmentowa Rubi zuzywa ~0.015 szt na m2 (zalozenie eksperckie).,Вариант norm/lux; прорезка плитки более стойким сегментным диском Rubi расходует ~0.015 шт на м2 (экспертное допущение).,expert,Praktyka wykonawcza (material scierny zuzywalny),,zalozenie eksperckie ~0.015 szt/m2; SKU tarczy segmentowej 125mm
1.10,Demontaże / wyburzenie paneli podłogowych ułożonych na pływająco,m2,construction,WOREK_NA_GRUZ,Worek na gruz big bag 1m3,szt,0.04,"budget,norm,lux",0,Demontaz paneli na plywajaco (bez kleju) daje lekki odpad; wynoszenie zuzywa ~0.04 worka big bag 1m3 na m2 (zalozenie eksperckie).,Демонтаж плавающего ламината (без клея) даёт лёгкий отход; вынос расходует ~0.04 биг-бэга 1м3 на м2 (экспертное допущение).,expert,Praktyka wykonawcza (material zuzywalny na wynoszenie odpadu),,zalozenie eksperckie ~0.04 szt/m2; brak normy Excel
1.11,Demontaże / wyburzenie paneli deski ułożonych na klej,m2,construction,WOREK_NA_GRUZ,Worek na gruz big bag 1m3,szt,0.05,"budget,norm,lux",0,Demontaz paneli/deski na klej wymaga zerwania z podloza; wynoszenie odpadu zuzywa ~0.05 worka big bag 1m3 na m2 (zalozenie eksperckie).,Демонтаж приклеенного ламината/доски требует срыва с основания; вынос отхода расходует ~0.05 биг-бэга 1м3 на м2 (экспертное допущение).,expert,Praktyka wykonawcza (material zuzywalny na wynoszenie odpadu),,zalozenie eksperckie ~0.05 szt/m2; brak normy Excel
1.11,Demontaże / wyburzenie paneli deski ułożonych na klej,m2,construction,TARCZA_TNACA,Tarcza diamentowa segmentowa 125mm,szt,0.01,"norm,lux",0,Wariant norm/lux; resztki kleju/podkladu po desce na klej moga wymagac szlifu/ciecia ~0.01 tarczy na m2 (zalozenie eksperckie).,Вариант norm/lux; остатки клея/подложки от приклеенной доски могут потребовать шлифа/резки ~0.01 диска на м2 (экспертное допущение).,expert,Praktyka wykonawcza (material scierny zuzywalny),,zalozenie eksperckie ~0.01 szt/m2; SKU tarczy segmentowej 125mm
1.12,Demontaże / wyburzenie listw przypodłogowych,mb,construction,WOREK_NA_GRUZ,Worek na gruz big bag 1m3,szt,0.01,"budget,norm,lux",0,Demontaz listw przypodlogowych daje minimalny odpad; wynoszenie zuzywa ~0.01 worka big bag 1m3 na mb (zalozenie eksperckie).,Демонтаж плинтусов даёт минимальный отход; вынос расходует ~0.01 биг-бэга 1м3 на пм (экспертное допущение).,expert,Praktyka wykonawcza (material zuzywalny na wynoszenie odpadu),,zalozenie eksperckie ~0.01 szt/mb; brak normy Excel
2.01,Obniżenie wysokości otworów drzwiowych - dostosowanie do stolarki,kpl,construction,ZAPRAWA_MURARSKA,Zaprawa murarska cementowo-wapienna Atlas,kg,8.00,"budget,norm,lux",0,Obniżenie nadproża otworu zużywa ~8 kg zaprawy murarskiej na komplet do przemurowania i osadzenia; wartość ekspercka dla pojedynczego otworu.,Понижение перемычки проёма расходует ~8 кг кладочного раствора на комплект для перекладки и посадки; экспертное значение для одного проёма.,expert,Praktyka wykonawcza (brak normy Excel/KNR),,założenie eksperckie ~8 kg/kpl; SKU zaprawy murarskiej Atlas
2.01,Obniżenie wysokości otworów drzwiowych - dostosowanie do stolarki,kpl,construction,BELKA_NADPROZOWA,Nadproże / belka nadprożowa L19 (1.2m),szt,1.00,"budget,norm,lux",0,Dostosowanie otworu wymaga ~1 nadproża prefabrykowanego na komplet przy przemurowaniu górnej krawędzi; wartość ekspercka.,Подгонка проёма требует ~1 сборной перемычки на комплект при перекладке верхней кромки; экспертное значение.,expert,Praktyka wykonawcza (brak normy Excel/KNR),,założenie eksperckie ~1 szt/kpl; SKU nadproża Solbet L19
2.02,Zmniejszenie otworu (GK + wyrównanie) <3cm,kpl,construction,PLYTA_GK,Płyta gipsowo-kartonowa Norgips GKB 12.5mm,m2,0.30,budget,0,Zmniejszenie otworu <3cm okładziną GK zużywa ~0.3 m2 płyty na komplet (wąski pas przy krawędzi); wartość ekspercka.,Уменьшение проёма <3см обшивкой ГК расходует ~0.3 м2 листа на комплект (узкая полоса у кромки); экспертное значение.,expert,Praktyka wykonawcza (brak normy Excel/KNR),,założenie eksperckie ~0.3 m2/kpl; SKU płyty GKB Norgips
2.02,Zmniejszenie otworu (GK + wyrównanie) <3cm,kpl,construction,PLYTA_GK,Płyta gipsowo-kartonowa Rigips RB 12.5mm,m2,0.30,"norm,lux",0,Wariant norm/lux; zmniejszenie otworu <3cm zużywa ~0.3 m2 płyty Rigips RB na komplet; wartość ekspercka.,Вариант norm/lux; уменьшение проёма <3см расходует ~0.3 м2 листа Rigips RB на комплект; экспертное значение.,expert,Praktyka wykonawcza (brak normy Excel/KNR),,założenie eksperckie ~0.3 m2/kpl; SKU płyty RB Rigips
2.02,Zmniejszenie otworu (GK + wyrównanie) <3cm,kpl,construction,MASA_SPOINOWA,Masa szpachlowa do spoin Rigips Vario,kg,0.50,budget,0,Wyrównanie <3cm zużywa ~0.5 kg masy szpachlowej na komplet do wypełnienia i wygładzenia łączeń; wartość ekspercka.,Выравнивание <3см расходует ~0.5 кг шпаклёвки на комплект для заполнения и выглаживания стыков; экспертное значение.,expert,Praktyka wykonawcza (brak normy Excel/KNR),,założenie eksperckie ~0.5 kg/kpl; SKU masy Vario Rigips
2.02,Zmniejszenie otworu (GK + wyrównanie) <3cm,kpl,construction,MASA_SPOINOWA,Masa szpachlowa do spoin Rigips Uniflott,kg,0.50,"norm,lux",0,Wariant norm/lux; wyrównanie <3cm zużywa ~0.5 kg masy Uniflott na komplet; wartość ekspercka.,Вариант norm/lux; выравнивание <3см расходует ~0.5 кг массы Uniflott на комплект; экспертное значение.,expert,Praktyka wykonawcza (brak normy Excel/KNR),,założenie eksperckie ~0.5 kg/kpl; SKU masy Uniflott Rigips
2.03,Zmniejszenie otworu (GK + wyrównanie) >3cm,kpl,construction,PLYTA_GK,Płyta gipsowo-kartonowa Norgips GKB 12.5mm,m2,0.60,budget,0,Zmniejszenie otworu >3cm okładziną GK zużywa ~0.6 m2 płyty na komplet (szerszy pas obu stron); wartość ekspercka.,Уменьшение проёма >3см обшивкой ГК расходует ~0.6 м2 листа на комплект (более широкая полоса с обеих сторон); экспертное значение.,expert,Praktyka wykonawcza (brak normy Excel/KNR),,założenie eksperckie ~0.6 m2/kpl; SKU płyty GKB Norgips
2.03,Zmniejszenie otworu (GK + wyrównanie) >3cm,kpl,construction,PLYTA_GK,Płyta gipsowo-kartonowa Rigips RB 12.5mm,m2,0.60,"norm,lux",0,Wariant norm/lux; zmniejszenie otworu >3cm zużywa ~0.6 m2 płyty Rigips RB na komplet; wartość ekspercka.,Вариант norm/lux; уменьшение проёма >3см расходует ~0.6 м2 листа Rigips RB на комплект; экспертное значение.,expert,Praktyka wykonawcza (brak normy Excel/KNR),,założenie eksperckie ~0.6 m2/kpl; SKU płyty RB Rigips
2.03,Zmniejszenie otworu (GK + wyrównanie) >3cm,kpl,construction,PROFIL_GK,Profil przyścienny UD 27/28 budżetowy (3m),mb,2.00,budget,0,Ramka wzmacniająca >3cm zużywa ~2 mb profilu UD na komplet do stelaża wypełnienia; wartość ekspercka.,Усиливающая рамка >3см расходует ~2 пм профиля UD на комплект для каркаса заполнения; экспертное значение.,expert,Praktyka wykonawcza (brak normy Excel/KNR),,założenie eksperckie ~2 mb/kpl; SKU profilu UD Siniat
2.03,Zmniejszenie otworu (GK + wyrównanie) >3cm,kpl,construction,PROFIL_GK,Profil przyścienny UD 27/28 (3m),mb,2.00,"norm,lux",0,Wariant norm/lux; ramka wzmacniająca zużywa ~2 mb profilu UD Rigips na komplet; wartość ekspercka.,Вариант norm/lux; усиливающая рамка расходует ~2 пм профиля UD Rigips на комплект; экспертное значение.,expert,Praktyka wykonawcza (brak normy Excel/KNR),,założenie eksperckie ~2 mb/kpl; SKU profilu UD Rigips
2.03,Zmniejszenie otworu (GK + wyrównanie) >3cm,kpl,construction,MASA_SPOINOWA,Masa szpachlowa do spoin Rigips Vario,kg,0.90,budget,0,Wyrównanie >3cm zużywa ~0.9 kg masy szpachlowej na komplet (większa powierzchnia łączeń); wartość ekspercka.,Выравнивание >3см расходует ~0.9 кг шпаклёвки на комплект (большая площадь стыков); экспертное значение.,expert,Praktyka wykonawcza (brak normy Excel/KNR),,założenie eksperckie ~0.9 kg/kpl; SKU masy Vario Rigips
2.03,Zmniejszenie otworu (GK + wyrównanie) >3cm,kpl,construction,MASA_SPOINOWA,Masa szpachlowa do spoin Rigips Uniflott,kg,0.90,"norm,lux",0,Wariant norm/lux; wyrównanie >3cm zużywa ~0.9 kg masy Uniflott na komplet; wartość ekspercka.,Вариант norm/lux; выравнивание >3см расходует ~0.9 кг массы Uniflott на комплект; экспертное значение.,expert,Praktyka wykonawcza (brak normy Excel/KNR),,założenie eksperckie ~0.9 kg/kpl; SKU masy Uniflott Rigips
2.04,Poszerzenie otworu drzwiowego ściany <5 cm,kpl,construction,ZAPRAWA_MURARSKA,Zaprawa murarska cementowo-wapienna Atlas,kg,5.00,"budget,norm,lux",0,Poszerzenie otworu <5cm z uzupełnieniem ubytku zużywa ~5 kg zaprawy murarskiej na komplet; wartość ekspercka.,Расширение проёма <5см с заделкой скола расходует ~5 кг кладочного раствора на комплект; экспертное значение.,expert,Praktyka wykonawcza (brak normy Excel/KNR),,założenie eksperckie ~5 kg/kpl; SKU zaprawy murarskiej Atlas
2.05,Poszerzenie otworu drzwiowego ściany >5 cm,kpl,construction,ZAPRAWA_MURARSKA,Zaprawa murarska cementowo-wapienna Atlas,kg,10.00,"budget,norm,lux",0,Poszerzenie otworu >5cm z przemurowaniem ościeża zużywa ~10 kg zaprawy murarskiej na komplet; wartość ekspercka.,Расширение проёма >5см с перекладкой откоса расходует ~10 кг кладочного раствора на комплект; экспертное значение.,expert,Praktyka wykonawcza (brak normy Excel/KNR),,założenie eksperckie ~10 kg/kpl; SKU zaprawy murarskiej Atlas
2.05,Poszerzenie otworu drzwiowego ściany >5 cm,kpl,construction,BELKA_NADPROZOWA,Nadproże / belka nadprożowa L19 (1.2m),szt,1.00,"budget,norm,lux",0,Poszerzenie >5cm może wymagać wymiany/osadzenia ~1 nadproża na komplet dla stabilności otworu; wartość ekspercka.,Расширение >5см может потребовать замены/установки ~1 перемычки на комплект для устойчивости проёма; экспертное значение.,expert,Praktyka wykonawcza (brak normy Excel/KNR),,założenie eksperckie ~1 szt/kpl; SKU nadproża Solbet L19
2.06,Demontaż / montaż belki poprzecznej w ścianie z bloczków,kpl,construction,ZAPRAWA_MURARSKA,Zaprawa murarska cementowo-wapienna Atlas,kg,12.00,"budget,norm,lux",0,Demontaż i ponowny montaż belki poprzecznej zużywa ~12 kg zaprawy murarskiej na komplet do osadzenia i uzupełnień; wartość ekspercka.,Демонтаж и повторный монтаж поперечной балки расходует ~12 кг кладочного раствора на комплект для посадки и заделок; экспертное значение.,expert,Praktyka wykonawcza (brak normy Excel/KNR),,założenie eksperckie ~12 kg/kpl; SKU zaprawy murarskiej Atlas
2.07,Nowa belka poprzeczna w ścianie z bloczków,kpl,construction,BELKA_NADPROZOWA,Nadproże / belka nadprożowa L19 (1.2m),szt,1.00,"budget,norm,lux",0,Nowa belka poprzeczna to ~1 prefabrykowane nadproże na komplet osadzone w murze z bloczków; wartość ekspercka.,"Новая поперечная балка - ~1 сборная перемычка на комплект, посаженная в кладку из блоков; экспертное значение.",expert,Praktyka wykonawcza (brak normy Excel/KNR),,założenie eksperckie ~1 szt/kpl; SKU nadproża Solbet L19
2.07,Nowa belka poprzeczna w ścianie z bloczków,kpl,construction,ZAPRAWA_MURARSKA,Zaprawa murarska cementowo-wapienna Atlas,kg,8.00,"budget,norm,lux",0,Osadzenie nowej belki poprzecznej zużywa ~8 kg zaprawy murarskiej na komplet do podparcia i wypełnienia; wartość ekspercka.,Посадка новой поперечной балки расходует ~8 кг кладочного раствора на комплект для опоры и заполнения; экспертное значение.,expert,Praktyka wykonawcza (brak normy Excel/KNR),,założenie eksperckie ~8 kg/kpl; SKU zaprawy murarskiej Atlas
2.08,Wycięcie posadzki pod nową ścianę murowaną z bloczków,mb,construction,ZAPRAWA_MURARSKA,Zaprawa murarska cementowo-wapienna Atlas,kg,3.00,"budget,norm,lux",0,Wycięcie posadzki i przygotowanie podparcia pod ścianę zużywa ~3 kg zaprawy na mb do wypełnienia bruzdy; wartość ekspercka.,Вырезка стяжки и подготовка опоры под стену расходует ~3 кг раствора на пм для заполнения штробы; экспертное значение.,expert,Praktyka wykonawcza (brak normy Excel/KNR),,założenie eksperckie ~3 kg/mb; SKU zaprawy murarskiej Atlas
2.09,Ściana murowana z bloczków komórkowych do 10cm gr.,m2,construction,BLOCZEK_KOMORKOWY,Bloczek z betonu komórkowego Solbet 100mm,szt,7.00,"budget,norm",0,Ściana z bloczków komórkowych 100mm zużywa ~7 szt/m2 (bloczek 590x240); karta Solbet Optimal 12cm podaje ~7 szt/m2 dla tego formatu.,Стена из газоблоков 100мм расходует ~7 шт/м2 (блок 590x240); карта Solbet Optimal 12см указывает ~7 шт/м2 для этого формата.,producer_tds,Solbet Optimal — karta produktu (bloczki),https://solbet-lubartow.pl/produkty/bloczki/,"sekcja Zużycie/wydajność, ~7 szt/m2"
2.09,Ściana murowana z bloczków komórkowych do 10cm gr.,m2,construction,BLOCZEK_KOMORKOWY,Bloczek z betonu komórkowego Ytong 100mm,szt,8.40,lux,0,Wariant lux; ściana z bloczków Ytong 100mm (599x199) zużywa ~8.4 szt/m2 wg formatu wysokości 199mm z karty producenta.,Вариант lux; стена из блоков Ytong 100мм (599x199) расходует ~8.4 шт/м2 по формату высотой 199мм из карты производителя.,producer_tds,Ytong — karta produktu (bloczki),https://www.ytong.pl/bloczki-ytong.php,"sekcja Zużycie, ~8.4 szt/m2 (599x199)"
2.09,Ściana murowana z bloczków komórkowych do 10cm gr.,m2,construction,ZAPRAWA_KLEJ_BLOCZKI,Zaprawa klejowa do betonu komórkowego Solbet,kg,1.50,"budget,norm",0,Murowanie na cienką spoinę ściany 10cm zużywa ~1.5 kg zaprawy klejowej/m2 wg karty producenta dla tej grubości.,Кладка на тонкий шов стены 10см расходует ~1.5 кг клеевого раствора/м2 по карте производителя для этой толщины.,producer_tds,Solbet — zaprawa do cienkich spoin (karta),https://solbet-lubartow.pl/produkty/chemia-budowlana/,"sekcja Zużycie, ~1.5 kg/m2 dla 10cm"
2.09,Ściana murowana z bloczków komórkowych do 10cm gr.,m2,construction,ZAPRAWA_KLEJ_BLOCZKI,Zaprawa klejowa do betonu komórkowego Ytong,kg,1.50,lux,0,Wariant lux; murowanie na cienką spoinę zużywa ~1.5 kg zaprawy Ytong/m2 dla ściany 10cm wg karty producenta.,Вариант lux; кладка на тонкий шов расходует ~1.5 кг раствора Ytong/м2 для стены 10см по карте производителя.,producer_tds,Ytong — zaprawa cienkowarstwowa (karta),https://www.ytong.pl/zaprawy-i-kleje.php,"sekcja Zużycie, ~1.5 kg/m2 dla 10cm"
2.10,Gładź startowa i tynkowanie ściany murowanej,m2,construction,GRUNT_UNIWERSALNY,Grunt uniwersalny CT 17 (odp.),l,0.10,"budget,norm,lux",0,"Przygotowanie ściany murowanej pod gładź startową zużywa ~0.1 l/m2 gruntu (kolumna tynk kg w Excelu pusta, przyjęto gruntowanie chłonnego bloczka).","Подготовка кладочной стены под стартовую шпаклёвку расходует ~0.1 л/м2 грунта (столбец штукатурки в Excel пуст, принято грунтование впитывающего блока).",excel,Excel Matrix v3.0 Oferta,,"wiersz 2.10 arkusza Oferta, kolumna tynk kg (pusta) + gruntowanie"
2.10,Gładź startowa i tynkowanie ściany murowanej,m2,construction,MASA_SPOINOWA,Masa szpachlowa do spoin Rigips Vario,kg,1.30,budget,0,"Gładź startowa ściany murowanej zużywa ~1.3 kg/m2 masy szpachlowej wg anchor Excela (gładź start 1.30 kg), warstwa wyrównująca na bloczku.","Стартовая шпаклёвка кладочной стены расходует ~1.3 кг/м2 массы по якорю Excel (старт 1.30 кг), выравнивающий слой на блоке.",excel,Excel Matrix v3.0 Oferta,,"wiersz 2.10 arkusza Oferta, kolumna gładź start 1.30 kg"
2.10,Gładź startowa i tynkowanie ściany murowanej,m2,construction,MASA_SPOINOWA,Masa szpachlowa do spoin Rigips Uniflott,kg,1.30,"norm,lux",0,Wariant norm/lux; gładź startowa ~1.3 kg/m2 masą Uniflott wg anchor Excela (gładź start 1.30 kg) na ścianie murowanej.,Вариант norm/lux; стартовая шпаклёвка ~1.3 кг/м2 массой Uniflott по якорю Excel (старт 1.30 кг) на кладочной стене.,excel,Excel Matrix v3.0 Oferta,,"wiersz 2.10 arkusza Oferta, kolumna gładź start 1.30 kg"
2.11,Ścianka GK płytowana obustronnie podwójnie szpachlowanie łączeń,m2,construction,PLYTA_GK,Płyta gipsowo-kartonowa Norgips GKB 12.5mm,m2,4.10,budget,2,Ścianka GK obustronnie podwójnie = 4 warstwy płyty => ~4 m2/m2 ściany + ~2% zapasu na docinki; standardowa norma suchej zabudowy.,ГК-перегородка двусторонняя двойная = 4 слоя листа => ~4 м2/м2 стены + ~2% на подрезку; стандартная норма сухого строительства.,producer_tds,Norgips GKB — karta produktu (systemy ścian),https://www.norgips.pl/produkty/plyty-gipsowo-kartonowe,"system ścianki działowej podwójnie płytowanej, 4x płyta"
2.11,Ścianka GK płytowana obustronnie podwójnie szpachlowanie łączeń,m2,construction,PLYTA_GK,Płyta gipsowo-kartonowa Rigips RB 12.5mm,m2,4.10,"norm,lux",2,Wariant norm/lux; ścianka obustronnie podwójnie = ~4 m2/m2 płyty Rigips RB + ~2% zapasu na docinki.,Вариант norm/lux; перегородка двусторонняя двойная = ~4 м2/м2 листа Rigips RB + ~2% на подрезку.,producer_tds,Rigips RB — karta produktu (systemy ścian),https://www.rigips.pl/produkty/plyty,"system ścianki działowej podwójnie płytowanej, 4x płyta"
2.11,Ścianka GK płytowana obustronnie podwójnie szpachlowanie łączeń,m2,construction,PROFIL_GK,Profil ścienny CW 75 (3m),mb,2.00,"norm,lux",0,Ruszt ścianki działowej CW co ~60cm daje ~2 mb profilu CW/m2 ściany; standardowe zagęszczenie słupków.,Каркас перегородки CW через ~60см даёт ~2 пм профиля CW/м2 стены; стандартный шаг стоек.,producer_tds,Rigips CW 75 — karta profili,https://www.rigips.pl/produkty/profile-i-akcesoria,"rozstaw słupków co 60cm, ~2 mb/m2"
2.11,Ścianka GK płytowana obustronnie podwójnie szpachlowanie łączeń,m2,construction,PROFIL_GK,Profil ścienny UW 75 (3m),mb,0.70,"norm,lux",0,Profile poziome UW góra/dół ścianki dają ~0.7 mb/m2 przy typowej wysokości i długości pola; standard konstrukcji.,Горизонтальные профили UW верх/низ перегородки дают ~0.7 пм/м2 при типовой высоте и длине поля; стандарт конструкции.,producer_tds,Rigips UW 75 — karta profili,https://www.rigips.pl/produkty/profile-i-akcesoria,"obwód UW góra/dół, ~0.7 mb/m2"
2.11,Ścianka GK płytowana obustronnie podwójnie szpachlowanie łączeń,m2,construction,PROFIL_GK,Profil przyścienny UD 27/28 budżetowy (3m),mb,2.70,budget,0,Wariant budżet; ruszt ścianki z profili UD/CD daje ~2.7 mb profilu/m2 (słupki + obwód); przybliżenie dla pakietu budget.,Вариант бюджет; каркас перегородки из профилей UD/CD даёт ~2.7 пм профиля/м2 (стойки + обвод); приближение для пакета budget.,expert,Praktyka wykonawcza (ruszt uproszczony),,założenie eksperckie ~2.7 mb/m2; SKU profilu UD Siniat
2.11,Ścianka GK płytowana obustronnie podwójnie szpachlowanie łączeń,m2,construction,WKRET_GK,Wkręt do płyt GK 3.5x25mm,szt,24.00,budget,0,Podwójne płytowanie obustronne wymaga ~24 wkrętów/m2 (warstwa 1) + drugą warstwę na 3.5x35; norma ~20-25 szt/m2 na warstwę.,Двойная двусторонняя обшивка требует ~24 саморезов/м2 (слой 1) + второй слой на 3.5x35; норма ~20-25 шт/м2 на слой.,producer_tds,Rigips — wkręty do GK (karta),https://www.rigips.pl/produkty/profile-i-akcesoria,"rozstaw wkrętów co ~25cm, ~20-25 szt/m2/warstwę"
2.11,Ścianka GK płytowana obustronnie podwójnie szpachlowanie łączeń,m2,construction,WKRET_GK,Wkręt do płyt GK 3.5x35mm,szt,24.00,"norm,lux",0,Wariant norm/lux; druga i zewnętrzna warstwa płyt mocowana wkrętem 3.5x35 => ~24 szt/m2 dla warstw zewnętrznych.,Вариант norm/lux; второй и внешний слой листов крепится саморезом 3.5x35 => ~24 шт/м2 для внешних слоёв.,producer_tds,Knauf — wkręty do GK (karta),https://www.knauf.pl/produkty/wkrety-i-akcesoria,"rozstaw wkrętów co ~25cm, ~20-25 szt/m2/warstwę"
2.11,Ścianka GK płytowana obustronnie podwójnie szpachlowanie łączeń,m2,construction,MASA_SPOINOWA,Masa szpachlowa do spoin Rigips Vario,kg,0.70,budget,0,Szpachlowanie łączeń dwuwarstwowej okładziny obustronnej zużywa ~0.7 kg masy spoinowej/m2 ściany; typowa norma spoinowania.,Заделка стыков двухслойной двусторонней обшивки расходует ~0.7 кг шпаклёвки для швов/м2 стены; типовая норма.,producer_tds,Rigips Vario — masa do spoin (karta),https://www.rigips.pl/produkty/masy-szpachlowe,"sekcja Zużycie, ~0.3-0.5 kg/m2 na warstwę okładziny"
2.11,Ścianka GK płytowana obustronnie podwójnie szpachlowanie łączeń,m2,construction,MASA_SPOINOWA,Masa szpachlowa do spoin Rigips Uniflott,kg,0.70,"norm,lux",0,Wariant norm/lux; szpachlowanie łączeń zużywa ~0.7 kg masy Uniflott/m2 ściany dla okładziny podwójnej obustronnej.,Вариант norm/lux; заделка стыков расходует ~0.7 кг массы Uniflott/м2 стены для двойной двусторонней обшивки.,producer_tds,Rigips Uniflott — masa do spoin (karta),https://www.rigips.pl/produkty/masy-szpachlowe,"sekcja Zużycie, spoiny bez taśmy"
2.12,Wypełnienie wełną akustyczną ściany gk,m2,construction,WELNA_AKUSTYCZNA,Wełna mineralna akustyczna 50mm,m2,1.00,budget,0,Wypełnienie wnętrza ścianki GK wełną 50mm zużywa ~1 m2 wełny/m2 ściany; standardowa norma izolacji akustycznej.,Заполнение внутренней полости ГК-перегородки ватой 50мм расходует ~1 м2 ваты/м2 стены; стандартная норма звукоизоляции.,producer_tds,Rockwool — wełna do ścian działowych (karta),https://www.rockwool.com/pl/produkty-i-zastosowania/katalog-produktow/,"zastosowanie ściany działowe, ~1 m2/m2"
2.12,Wypełnienie wełną akustyczną ściany gk,m2,construction,WELNA_AKUSTYCZNA,Wełna mineralna akustyczna 75mm,m2,1.00,"norm,lux",0,Wariant norm/lux; wypełnienie ścianki wełną 75mm (profil CW 75) zużywa ~1 m2 wełny/m2 ściany; lepsza izolacja akustyczna.,Вариант norm/lux; заполнение перегородки ватой 75мм (профиль CW 75) расходует ~1 м2 ваты/м2 стены; лучшая звукоизоляция.,producer_tds,Rockwool — wełna 75mm (karta),https://www.rockwool.com/pl/produkty-i-zastosowania/katalog-produktow/,"zastosowanie ściany działowe CW75, ~1 m2/m2"
2.13,Przedścianka GK płytowana jednostronnie podwójnie szpachlowanie łączeń,m2,construction,PLYTA_GK,Płyta gipsowo-kartonowa Norgips GKB 12.5mm,m2,2.05,budget,2,Przedścianka jednostronna podwójnie = 2 warstwy płyty => ~2 m2/m2 + ~2% zapasu na docinki; standardowa norma okładziny.,Фальшстена односторонняя двойная = 2 слоя листа => ~2 м2/м2 + ~2% на подрезку; стандартная норма облицовки.,producer_tds,Norgips GKB — karta produktu (okładziny),https://www.norgips.pl/produkty/plyty-gipsowo-kartonowe,"okładzina 2x płyta jednostronnie, ~2 m2/m2"
2.13,Przedścianka GK płytowana jednostronnie podwójnie szpachlowanie łączeń,m2,construction,PLYTA_GK,Płyta gipsowo-kartonowa Rigips RB 12.5mm,m2,2.05,"norm,lux",2,Wariant norm/lux; przedścianka jednostronna podwójnie = ~2 m2/m2 płyty Rigips RB + ~2% zapasu.,Вариант norm/lux; фальшстена односторонняя двойная = ~2 м2/м2 листа Rigips RB + ~2% запаса.,producer_tds,Rigips RB — karta produktu (okładziny),https://www.rigips.pl/produkty/plyty,"okładzina 2x płyta jednostronnie, ~2 m2/m2"
2.13,Przedścianka GK płytowana jednostronnie podwójnie szpachlowanie łączeń,m2,construction,PROFIL_GK,Profil sufitowy CD 60/27 (4m),mb,2.20,"budget,norm,lux",0,Ruszt przedścianki z profili CD co ~60cm + obwód daje ~2.2 mb profilu/m2 okładziny; standard konstrukcji ściennej.,Каркас фальшстены из профилей CD через ~60см + обвод даёт ~2.2 пм профиля/м2 облицовки; стандарт настенной конструкции.,producer_tds,Rigips CD 60/27 — karta profili,https://www.rigips.pl/produkty/profile-i-akcesoria,"rozstaw profili co 60cm, ~2.2 mb/m2"
2.13,Przedścianka GK płytowana jednostronnie podwójnie szpachlowanie łączeń,m2,construction,WKRET_GK,Wkręt do płyt GK 3.5x25mm,szt,22.00,budget,0,Przedścianka jednostronna podwójnie mocowana ~22 wkrętów/m2 (warstwa 1); norma ~20-25 szt/m2 na warstwę.,Односторонняя двойная фальшстена крепится ~22 саморезами/м2 (слой 1); норма ~20-25 шт/м2 на слой.,producer_tds,Rigips — wkręty do GK (karta),https://www.rigips.pl/produkty/profile-i-akcesoria,"rozstaw wkrętów co ~25cm, ~20-25 szt/m2/warstwę"
2.13,Przedścianka GK płytowana jednostronnie podwójnie szpachlowanie łączeń,m2,construction,WKRET_GK,Wkręt do płyt GK 3.5x35mm,szt,22.00,"norm,lux",0,Wariant norm/lux; zewnętrzna warstwa przedścianki mocowana wkrętem 3.5x35 => ~22 szt/m2.,Вариант norm/lux; внешний слой фальшстены крепится саморезом 3.5x35 => ~22 шт/м2.,producer_tds,Knauf — wkręty do GK (karta),https://www.knauf.pl/produkty/wkrety-i-akcesoria,"rozstaw wkrętów co ~25cm, ~20-25 szt/m2/warstwę"
2.13,Przedścianka GK płytowana jednostronnie podwójnie szpachlowanie łączeń,m2,construction,MASA_SPOINOWA,Masa szpachlowa do spoin Rigips Vario,kg,0.50,budget,0,Szpachlowanie łączeń jednostronnej okładziny podwójnej zużywa ~0.5 kg masy spoinowej/m2; typowa norma.,Заделка стыков односторонней двойной облицовки расходует ~0.5 кг шпаклёвки для швов/м2; типовая норма.,producer_tds,Rigips Vario — masa do spoin (karta),https://www.rigips.pl/produkty/masy-szpachlowe,"sekcja Zużycie, ~0.3-0.5 kg/m2"
2.13,Przedścianka GK płytowana jednostronnie podwójnie szpachlowanie łączeń,m2,construction,MASA_SPOINOWA,Masa szpachlowa do spoin Rigips Uniflott,kg,0.50,"norm,lux",0,Wariant norm/lux; szpachlowanie łączeń przedścianki zużywa ~0.5 kg masy Uniflott/m2.,Вариант norm/lux; заделка стыков фальшстены расходует ~0.5 кг массы Uniflott/м2.,producer_tds,Rigips Uniflott — masa do spoin (karta),https://www.rigips.pl/produkty/masy-szpachlowe,"sekcja Zużycie, spoiny bez taśmy"
2.14,Licowanie ścian płytą GK bez szpachlowania,m2,construction,PLYTA_GK,Płyta gipsowo-kartonowa Norgips GKB 12.5mm,m2,1.05,budget,3,Licowanie ściany pojedynczą płytą GK bez szpachlowania = ~1 m2/m2 + ~3% zapasu na docinki; okładzina jednowarstwowa.,Облицовка стены одиночным ГК-листом без шпаклёвки = ~1 м2/м2 + ~3% на подрезку; однослойная обшивка.,producer_tds,Norgips GKB — karta produktu (okładziny),https://www.norgips.pl/produkty/plyty-gipsowo-kartonowe,"okładzina 1x płyta, ~1 m2/m2"
2.14,Licowanie ścian płytą GK bez szpachlowania,m2,construction,PLYTA_GK,Płyta gipsowo-kartonowa Rigips RB 12.5mm,m2,1.05,"norm,lux",3,Wariant norm/lux; licowanie ściany płytą Rigips RB bez szpachlowania = ~1 m2/m2 + ~3% zapasu.,Вариант norm/lux; облицовка стены листом Rigips RB без шпаклёвки = ~1 м2/м2 + ~3% запаса.,producer_tds,Rigips RB — karta produktu (okładziny),https://www.rigips.pl/produkty/plyty,"okładzina 1x płyta, ~1 m2/m2"
2.14,Licowanie ścian płytą GK bez szpachlowania,m2,construction,WKRET_GK,Wkręt do płyt GK 3.5x25mm,szt,20.00,budget,0,Licowanie jednowarstwowe mocowane ~20 wkrętów/m2; dolna granica normy ~20-25 szt/m2 dla pojedynczej płyty.,Однослойная облицовка крепится ~20 саморезами/м2; нижняя граница нормы ~20-25 шт/м2 для одиночного листа.,producer_tds,Rigips — wkręty do GK (karta),https://www.rigips.pl/produkty/profile-i-akcesoria,"rozstaw wkrętów co ~25cm, ~20 szt/m2"
2.14,Licowanie ścian płytą GK bez szpachlowania,m2,construction,WKRET_GK,Wkręt do płyt GK 3.5x35mm,szt,20.00,"norm,lux",0,Wariant norm/lux; licowanie jednowarstwowe płytą mocowane wkrętem 3.5x35 => ~20 szt/m2.,Вариант norm/lux; однослойная облицовка листом крепится саморезом 3.5x35 => ~20 шт/м2.,producer_tds,Knauf — wkręty do GK (karta),https://www.knauf.pl/produkty/wkrety-i-akcesoria,"rozstaw wkrętów co ~25cm, ~20 szt/m2"
2.15,Licowanie / przedścianka z płyty OSB,m2,construction,PLYTA_OSB,Płyta OSB-3 12mm,m2,1.05,"budget,norm,lux",3,Licowanie/przedścianka płytą OSB-3 12mm = ~1 m2/m2 + ~3% zapasu na docinki; okładzina jednowarstwowa OSB.,Облицовка/фальшстена плитой OSB-3 12мм = ~1 м2/м2 + ~3% на подрезку; однослойная обшивка OSB.,retail,Castorama — płyta OSB-3 12mm (katalog),https://www.castorama.pl/produkty/budowa/plyty-budowlane/plyty-osb,"karta OSB-3 12mm, powierzchnia 1 m2/m2"
2.15,Licowanie / przedścianka z płyty OSB,m2,construction,WKRET_GK,Wkręt do płyt GK 3.5x35mm,szt,18.00,"budget,norm,lux",0,Mocowanie płyty OSB do rusztu zużywa ~18 wkrętów/m2 dłuższym wkrętem 3.5x35 (grubsza płyta); przybliżenie.,Крепление плиты OSB к каркасу расходует ~18 саморезов/м2 более длинным саморезом 3.5x35 (толще лист); приближение.,expert,Praktyka wykonawcza (mocowanie OSB),,założenie eksperckie ~18 szt/m2; SKU wkrętu 3.5x35
2.16,Obszycie stelażu WC płytą GK (do 120x100 cm),kpl,construction,PLYTA_GK_IMPREGNOWANA,Płyta gipsowo-kartonowa impregnowana Rigips RBI 12.5mm,m2,2.60,"budget,norm,lux",5,Obudowa stelaża WC (do 120x100) dwuwarstwowo płytą impregnowaną = ~2.4 m2 + ~5% docinki => ~2.6 m2 na komplet; łazienka wymaga płyty H2.,Обшивка инсталляции WC (до 120x100) двухслойно влагостойким листом = ~2.4 м2 + ~5% подрезка => ~2.6 м2 на комплект; ванная требует H2.,producer_tds,Rigips RBI — karta produktu (pom. wilgotne),https://www.rigips.pl/produkty/plyty,"zastosowanie pom. mokre, 2 warstwy do 1.2 m2 pola"
2.16,Obszycie stelażu WC płytą GK (do 120x100 cm),kpl,construction,PROFIL_GK,Profil sufitowy CD 60/27 (4m),mb,4.00,"budget,norm,lux",0,Ruszt obudowy stelaża WC zużywa ~4 mb profilu CD na komplet do skrzynki wokół stelaża; wartość ekspercka.,Каркас обшивки инсталляции WC расходует ~4 пм профиля CD на комплект для короба вокруг инсталляции; экспертное значение.,expert,Praktyka wykonawcza (obudowa stelaża),,założenie eksperckie ~4 mb/kpl; SKU profilu CD Rigips
2.16,Obszycie stelażu WC płytą GK (do 120x100 cm),kpl,construction,WKRET_GK,Wkręt do płyt GK 3.5x35mm,szt,55.00,"budget,norm,lux",0,Obudowa stelaża dwuwarstwowa mocowana ~55 wkrętów na komplet (~22 szt/m2 x 2 warstwy x pole); przybliżenie.,Двухслойная обшивка инсталляции крепится ~55 саморезами на комплект (~22 шт/м2 x 2 слоя x поле); приближение.,expert,Praktyka wykonawcza (obudowa stelaża),,założenie eksperckie ~55 szt/kpl; SKU wkrętu 3.5x35
2.16,Obszycie stelażu WC płytą GK (do 120x100 cm),kpl,construction,MASA_SPOINOWA,Masa szpachlowa do spoin Rigips Uniflott,kg,1.00,"budget,norm,lux",0,Szpachlowanie łączeń obudowy stelaża zużywa ~1 kg masy spoinowej na komplet; wartość ekspercka.,Заделка стыков обшивки инсталляции расходует ~1 кг шпаклёвки для швов на комплект; экспертное значение.,expert,Praktyka wykonawcza (obudowa stelaża),,założenie eksperckie ~1 kg/kpl; SKU masy Uniflott Rigips
2.17,Obudowa wanny gk (1 strona),kpl,construction,PLYTA_GK_IMPREGNOWANA,Płyta gipsowo-kartonowa impregnowana Rigips RBI 12.5mm,m2,1.05,"budget,norm,lux",5,Obudowa jednej strony wanny płytą impregnowaną = ~1 m2 + ~5% docinki na komplet; pom. mokre wymaga płyty H2.,Обшивка одной стороны ванны влагостойким листом = ~1 м2 + ~5% подрезка на комплект; влажное помещение требует H2.,producer_tds,Rigips RBI — karta produktu (pom. wilgotne),https://www.rigips.pl/produkty/plyty,"zastosowanie pom. mokre, ~1 m2 pola na stronę"
2.17,Obudowa wanny gk (1 strona),kpl,construction,PROFIL_GK,Profil sufitowy CD 60/27 (4m),mb,3.00,"budget,norm,lux",0,Ruszt obudowy jednej strony wanny zużywa ~3 mb profilu CD na komplet; wartość ekspercka.,Каркас обшивки одной стороны ванны расходует ~3 пм профиля CD на комплект; экспертное значение.,expert,Praktyka wykonawcza (obudowa wanny),,założenie eksperckie ~3 mb/kpl; SKU profilu CD Rigips
2.17,Obudowa wanny gk (1 strona),kpl,construction,WKRET_GK,Wkręt do płyt GK 3.5x35mm,szt,22.00,"budget,norm,lux",0,Obudowa jednej strony wanny mocowana ~22 wkrętów na komplet (~1 m2 pola); przybliżenie.,Обшивка одной стороны ванны крепится ~22 саморезами на комплект (~1 м2 поля); приближение.,expert,Praktyka wykonawcza (obudowa wanny),,założenie eksperckie ~22 szt/kpl; SKU wkrętu 3.5x35
2.18,Obudowa wanny gk (2/3 strona),kpl,construction,PLYTA_GK_IMPREGNOWANA,Płyta gipsowo-kartonowa impregnowana Rigips RBI 12.5mm,m2,2.60,"budget,norm,lux",5,Obudowa 2/3 stron wanny płytą impregnowaną = ~2.5 m2 + ~5% docinki => ~2.6 m2 na komplet; pom. mokre wymaga H2.,Обшивка 2/3 сторон ванны влагостойким листом = ~2.5 м2 + ~5% подрезка => ~2.6 м2 на комплект; влажное помещение требует H2.,producer_tds,Rigips RBI — karta produktu (pom. wilgotne),https://www.rigips.pl/produkty/plyty,"zastosowanie pom. mokre, ~2.5 m2 pola (2/3 strony)"
2.18,Obudowa wanny gk (2/3 strona),kpl,construction,PROFIL_GK,Profil sufitowy CD 60/27 (4m),mb,6.00,"budget,norm,lux",0,Ruszt obudowy 2/3 stron wanny zużywa ~6 mb profilu CD na komplet; wartość ekspercka.,Каркас обшивки 2/3 сторон ванны расходует ~6 пм профиля CD на комплект; экспертное значение.,expert,Praktyka wykonawcza (obudowa wanny),,założenie eksperckie ~6 mb/kpl; SKU profilu CD Rigips
2.18,Obudowa wanny gk (2/3 strona),kpl,construction,WKRET_GK,Wkręt do płyt GK 3.5x35mm,szt,55.00,"budget,norm,lux",0,Obudowa 2/3 stron wanny mocowana ~55 wkrętów na komplet (~2.5 m2 pola); przybliżenie.,Обшивка 2/3 сторон ванны крепится ~55 саморезами на комплект (~2.5 м2 поля); приближение.,expert,Praktyka wykonawcza (obudowa wanny),,założenie eksperckie ~55 szt/kpl; SKU wkrętu 3.5x35
2.19,Wykonanie rewizji pod wanną,kpl,construction,PLYTA_GK_IMPREGNOWANA,Płyta gipsowo-kartonowa impregnowana Rigips RBI 12.5mm,m2,0.30,"budget,norm,lux",5,Rewizja pod wanną (klapka dostępowa) zużywa ~0.3 m2 płyty impregnowanej na komplet; mały panel dostępowy w pom. mokrym.,Ревизия под ванной (лючок доступа) расходует ~0.3 м2 влагостойкого листа на комплект; малая панель доступа во влажном помещении.,expert,Praktyka wykonawcza (rewizja/klapka),,założenie eksperckie ~0.3 m2/kpl; SKU płyty RBI Rigips
2.19,Wykonanie rewizji pod wanną,kpl,construction,PROFIL_GK,Profil przyścienny UD 27/28 budżetowy (3m),mb,1.50,budget,0,Ramka rewizji pod wanną zużywa ~1.5 mb profilu UD na komplet do obramowania klapki; wartość ekspercka.,Рамка ревизии под ванной расходует ~1.5 пм профиля UD на комплект для обрамления лючка; экспертное значение.,expert,Praktyka wykonawcza (rewizja/klapka),,założenie eksperckie ~1.5 mb/kpl; SKU profilu UD Siniat
2.19,Wykonanie rewizji pod wanną,kpl,construction,PROFIL_GK,Profil przyścienny UD 27/28 (3m),mb,1.50,"norm,lux",0,Wariant norm/lux; ramka rewizji zużywa ~1.5 mb profilu UD Rigips na komplet; wartość ekspercka.,Вариант norm/lux; рамка ревизии расходует ~1.5 пм профиля UD Rigips на комплект; экспертное значение.,expert,Praktyka wykonawcza (rewizja/klapka),,założenie eksperckie ~1.5 mb/kpl; SKU profilu UD Rigips
2.20,Półka z GK do szerokości 80 cm,kpl,construction,PLYTA_GK,Płyta gipsowo-kartonowa Norgips GKB 12.5mm,m2,0.80,budget,5,Półka z GK do 80cm szerokości zużywa ~0.8 m2 płyty na komplet (blat + boki/spód); wartość ekspercka.,Полка из ГК до 80см ширины расходует ~0.8 м2 листа на комплект (столешница + боковины/низ); экспертное значение.,expert,Praktyka wykonawcza (półka GK),,założenie eksperckie ~0.8 m2/kpl; SKU płyty GKB Norgips
2.20,Półka z GK do szerokości 80 cm,kpl,construction,PLYTA_GK,Płyta gipsowo-kartonowa Rigips RB 12.5mm,m2,0.80,"norm,lux",5,Wariant norm/lux; półka z GK do 80cm zużywa ~0.8 m2 płyty Rigips RB na komplet; wartość ekspercka.,Вариант norm/lux; полка из ГК до 80см расходует ~0.8 м2 листа Rigips RB на комплект; экспертное значение.,expert,Praktyka wykonawcza (półka GK),,założenie eksperckie ~0.8 m2/kpl; SKU płyty RB Rigips
2.20,Półka z GK do szerokości 80 cm,kpl,construction,PROFIL_GK,Profil przyścienny UD 27/28 budżetowy (3m),mb,3.00,budget,0,Konstrukcja półki z profili UD zużywa ~3 mb na komplet (ramka nośna); wartość ekspercka.,Конструкция полки из профилей UD расходует ~3 пм на комплект (несущая рамка); экспертное значение.,expert,Praktyka wykonawcza (półka GK),,założenie eksperckie ~3 mb/kpl; SKU profilu UD Siniat
2.20,Półka z GK do szerokości 80 cm,kpl,construction,PROFIL_GK,Profil przyścienny UD 27/28 (3m),mb,3.00,"norm,lux",0,Wariant norm/lux; konstrukcja półki z profili UD Rigips zużywa ~3 mb na komplet; wartość ekspercka.,Вариант norm/lux; конструкция полки из профилей UD Rigips расходует ~3 пм на комплект; экспертное значение.,expert,Praktyka wykonawcza (półka GK),,założenie eksperckie ~3 mb/kpl; SKU profilu UD Rigips
2.20,Półka z GK do szerokości 80 cm,kpl,construction,MASA_SPOINOWA,Masa szpachlowa do spoin Rigips Uniflott,kg,0.60,"budget,norm,lux",0,Szpachlowanie krawędzi i łączeń półki zużywa ~0.6 kg masy spoinowej na komplet; wartość ekspercka.,Заделка кромок и стыков полки расходует ~0.6 кг шпаклёвки для швов на комплект; экспертное значение.,expert,Praktyka wykonawcza (półka GK),,założenie eksperckie ~0.6 kg/kpl; SKU masy Uniflott Rigips
2.21,Wnęka w zabudowie z GK do szerokości 80 cm,kpl,construction,PLYTA_GK,Płyta gipsowo-kartonowa Norgips GKB 12.5mm,m2,1.20,budget,5,Wnęka w zabudowie GK do 80cm zużywa ~1.2 m2 płyty na komplet (dno + boki + góra wnęki); wartość ekspercka.,Ниша в ГК-конструкции до 80см расходует ~1.2 м2 листа на комплект (дно + боковины + верх ниши); экспертное значение.,expert,Praktyka wykonawcza (wnęka GK),,założenie eksperckie ~1.2 m2/kpl; SKU płyty GKB Norgips
2.21,Wnęka w zabudowie z GK do szerokości 80 cm,kpl,construction,PLYTA_GK,Płyta gipsowo-kartonowa Rigips RB 12.5mm,m2,1.20,"norm,lux",5,Wariant norm/lux; wnęka w zabudowie GK do 80cm zużywa ~1.2 m2 płyty Rigips RB na komplet; wartość ekspercka.,Вариант norm/lux; ниша в ГК-конструкции до 80см расходует ~1.2 м2 листа Rigips RB на комплект; экспертное значение.,expert,Praktyka wykonawcza (wnęka GK),,założenie eksperckie ~1.2 m2/kpl; SKU płyty RB Rigips
2.21,Wnęka w zabudowie z GK do szerokości 80 cm,kpl,construction,PROFIL_GK,Profil przyścienny UD 27/28 budżetowy (3m),mb,4.00,budget,0,Konstrukcja wnęki z profili UD zużywa ~4 mb na komplet (obramowanie i podziały); wartość ekspercka.,Конструкция ниши из профилей UD расходует ~4 пм на комплект (обрамление и перегородки); экспертное значение.,expert,Praktyka wykonawcza (wnęka GK),,założenie eksperckie ~4 mb/kpl; SKU profilu UD Siniat
2.21,Wnęka w zabudowie z GK do szerokości 80 cm,kpl,construction,PROFIL_GK,Profil przyścienny UD 27/28 (3m),mb,4.00,"norm,lux",0,Wariant norm/lux; konstrukcja wnęki z profili UD Rigips zużywa ~4 mb na komplet; wartość ekspercka.,Вариант norm/lux; конструкция ниши из профилей UD Rigips расходует ~4 пм на комплект; экспертное значение.,expert,Praktyka wykonawcza (wnęka GK),,założenie eksperckie ~4 mb/kpl; SKU profilu UD Rigips
2.21,Wnęka w zabudowie z GK do szerokości 80 cm,kpl,construction,KATOWNIK_ALUMINIOWY,Kątownik aluminiowy narożnikowy do GK (2.5m),mb,2.00,"budget,norm,lux",0,Krawędzie wnęki zabezpieczone narożnikiem aluminiowym ~2 mb na komplet; wartość ekspercka.,Кромки ниши защищены алюминиевым уголком ~2 пм на комплект; экспертное значение.,expert,Praktyka wykonawcza (wnęka GK),,założenie eksperckie ~2 mb/kpl; SKU narożnika aluminiowego Rigips
2.22,Płyta betonowa (półka / blat) do wymiarów 60x90 cm,kpl,construction,MIESZANKA_BETONOWA,Beton / mieszanka betonowa C16/20 (worek 25kg),kg,25.00,"budget,norm,lux",0,Płyta betonowa 60x90 cm o gr. ~40mm zużywa ~25 kg mieszanki betonowej na komplet (0.54 m2 x ~46 kg/m2 dla 40mm w przybliżeniu).,Бетонная плита 60x90 см толщиной ~40мм расходует ~25 кг бетонной смеси на комплект (0.54 м2 x ~46 кг/м2 для 40мм приближённо).,expert,Praktyka wykonawcza (płyta betonowa),,założenie eksperckie ~25 kg/kpl (0.54 m2 x 40mm); SKU mieszanki betonowej
2.23,Montaż narożnika aluminiowego dla konstrukcji suchej zabudowy,mb,construction,KATOWNIK_ALUMINIOWY,Kątownik aluminiowy narożnikowy do GK (2.5m),mb,1.05,"budget,norm,lux",5,Montaż narożnika aluminiowego zużywa ~1 mb kątownika na mb krawędzi + ~5% zapasu na docinki; standard wykończenia narożników.,Монтаж алюминиевого уголка расходует ~1 пм уголка на пм кромки + ~5% на подрезку; стандарт отделки углов.,retail,Rigips — narożnik aluminiowy (karta akcesoriów),https://www.rigips.pl/produkty/profile-i-akcesoria,"karta narożnika aluminiowego 25x25, 1 mb/mb"
2.23,Montaż narożnika aluminiowego dla konstrukcji suchej zabudowy,mb,construction,MASA_SPOINOWA,Masa szpachlowa do spoin Rigips Uniflott,kg,0.20,"budget,norm,lux",0,Osadzenie i zaszpachlowanie narożnika aluminiowego zużywa ~0.2 kg masy spoinowej/mb; wartość ekspercka.,Установка и заделка алюминиевого уголка расходует ~0.2 кг шпаклёвки для швов/пм; экспертное значение.,expert,Praktyka wykonawcza (montaż narożnika),,założenie eksperckie ~0.2 kg/mb; SKU masy Uniflott Rigips
2.24,Wykończenie połączeń ścian z sufitem za pomocą narożników papierowych,mb,construction,NAROZNIK_PAPIEROWY,Narożnik papierowy z wkładką (30m),mb,1.05,"budget,norm,lux",5,Wykończenie połączenia ściana-sufit narożnikiem papierowym zużywa ~1 mb/mb + ~5% zapasu; standard wykończenia narożników.,Отделка стыка стена-потолок бумажным уголком расходует ~1 пм/пм + ~5% запаса; стандарт отделки углов.,producer_tds,Rigips — narożnik papierowy z wkładką (karta),https://www.rigips.pl/produkty/masy-szpachlowe,"karta narożnika papierowego, 1 mb/mb"
2.24,Wykończenie połączeń ścian z sufitem za pomocą narożników papierowych,mb,construction,MASA_SPOINOWA,Masa szpachlowa do spoin Rigips Vario,kg,0.25,budget,0,Wtopienie i zaszpachlowanie narożnika papierowego zużywa ~0.25 kg masy spoinowej/mb; typowa norma.,Утапливание и заделка бумажного уголка расходует ~0.25 кг шпаклёвки для швов/пм; типовая норма.,producer_tds,Rigips Vario — masa do spoin (karta),https://www.rigips.pl/produkty/masy-szpachlowe,"sekcja Zużycie, cienka warstwa pod taśmę"
2.24,Wykończenie połączeń ścian z sufitem za pomocą narożników papierowych,mb,construction,MASA_SPOINOWA,Masa szpachlowa do spoin Rigips Uniflott,kg,0.25,"norm,lux",0,Wariant norm/lux; wtopienie narożnika papierowego zużywa ~0.25 kg masy Uniflott/mb.,Вариант norm/lux; утапливание бумажного уголка расходует ~0.25 кг массы Uniflott/пм.,producer_tds,Rigips Uniflott — masa do spoin (karta),https://www.rigips.pl/produkty/masy-szpachlowe,"sekcja Zużycie, cienka warstwa"
2.25,Sufit podwieszany prosty wraz z obróbką łączeń,m2,construction,PLYTA_GK,Płyta gipsowo-kartonowa Norgips GKB 12.5mm,m2,1.05,budget,3,Sufit podwieszany prosty jednowarstwowy = ~1 m2/m2 płyty + ~3% zapasu na docinki; standardowa norma sufitu GK.,Подвесной прямой потолок однослойный = ~1 м2/м2 листа + ~3% на подрезку; стандартная норма ГК-потолка.,producer_tds,Norgips GKB — karta produktu (sufity),https://www.norgips.pl/produkty/plyty-gipsowo-kartonowe,"system sufitu podwieszanego, 1x płyta ~1 m2/m2"
2.25,Sufit podwieszany prosty wraz z obróbką łączeń,m2,construction,PLYTA_GK,Płyta gipsowo-kartonowa Rigips RB 12.5mm,m2,1.05,"norm,lux",3,Wariant norm/lux; sufit podwieszany prosty = ~1 m2/m2 płyty Rigips RB + ~3% zapasu.,Вариант norm/lux; подвесной прямой потолок = ~1 м2/м2 листа Rigips RB + ~3% запаса.,producer_tds,Rigips RB — karta produktu (sufity),https://www.rigips.pl/produkty/plyty,"system sufitu podwieszanego, 1x płyta ~1 m2/m2"
2.25,Sufit podwieszany prosty wraz z obróbką łączeń,m2,construction,PROFIL_GK,Profil sufitowy CD 60/27 (4m),mb,3.00,"budget,norm,lux",0,Ruszt sufitu z profili CD co ~40cm daje ~3 mb profilu CD/m2 sufitu; standardowe zagęszczenie rusztu nośnego.,Каркас потолка из профилей CD через ~40см даёт ~3 пм профиля CD/м2 потолка; стандартный шаг несущего каркаса.,producer_tds,Rigips CD 60/27 — karta profili,https://www.rigips.pl/produkty/profile-i-akcesoria,"rozstaw CD co ~40cm, ~3 mb/m2"
2.25,Sufit podwieszany prosty wraz z obróbką łączeń,m2,construction,PROFIL_GK,Profil przyścienny UD 27/28 (3m),mb,0.80,"budget,norm,lux",0,Profil obwodowy UD sufitu daje ~0.8 mb/m2 (obwód pomieszczenia); standard rusztu sufitowego.,Направляющий профиль UD потолка даёт ~0.8 пм/м2 (периметр помещения); стандарт потолочного каркаса.,producer_tds,Rigips UD 27 — karta profili,https://www.rigips.pl/produkty/profile-i-akcesoria,"obwód UD, ~0.8 mb/m2"
2.25,Sufit podwieszany prosty wraz z obróbką łączeń,m2,construction,WKRET_GK,Wkręt do płyt GK 3.5x25mm,szt,17.00,budget,0,Mocowanie płyty sufitowej zużywa ~17 wkrętów/m2 (rozstaw co ~17cm na profilach); norma sufitowa.,Крепление потолочного листа расходует ~17 саморезов/м2 (шаг ~17см по профилям); потолочная норма.,producer_tds,Rigips — wkręty do GK (karta),https://www.rigips.pl/produkty/profile-i-akcesoria,"rozstaw wkrętów sufit co ~17cm, ~17 szt/m2"
2.25,Sufit podwieszany prosty wraz z obróbką łączeń,m2,construction,WKRET_GK,Wkręt do płyt GK 3.5x35mm,szt,17.00,"norm,lux",0,Wariant norm/lux; mocowanie płyty sufitowej wkrętem 3.5x35 => ~17 szt/m2.,Вариант norm/lux; крепление потолочного листа саморезом 3.5x35 => ~17 шт/м2.,producer_tds,Knauf — wkręty do GK (karta),https://www.knauf.pl/produkty/wkrety-i-akcesoria,"rozstaw wkrętów sufit co ~17cm, ~17 szt/m2"
2.25,Sufit podwieszany prosty wraz z obróbką łączeń,m2,construction,MASA_SPOINOWA,Masa szpachlowa do spoin Rigips Vario,kg,0.45,budget,0,Obróbka łączeń sufitu zużywa ~0.45 kg masy spoinowej/m2; typowa norma spoinowania jednowarstwowego.,Обработка стыков потолка расходует ~0.45 кг шпаклёвки для швов/м2; типовая норма одинарного шва.,producer_tds,Rigips Vario — masa do spoin (karta),https://www.rigips.pl/produkty/masy-szpachlowe,"sekcja Zużycie, ~0.3-0.5 kg/m2"
2.25,Sufit podwieszany prosty wraz z obróbką łączeń,m2,construction,MASA_SPOINOWA,Masa szpachlowa do spoin Rigips Uniflott,kg,0.45,"norm,lux",0,Wariant norm/lux; obróbka łączeń sufitu zużywa ~0.45 kg masy Uniflott/m2.,Вариант norm/lux; обработка стыков потолка расходует ~0.45 кг массы Uniflott/м2.,producer_tds,Rigips Uniflott — masa do spoin (karta),https://www.rigips.pl/produkty/masy-szpachlowe,"sekcja Zużycie, spoiny bez taśmy"
2.25,Sufit podwieszany prosty wraz z obróbką łączeń,m2,construction,TASMA_SPOINOWA,Taśma spoinowa papierowa 50mm (23m),mb,1.20,budget,0,Spoinowanie łączeń płyt sufitowych zużywa ~1.2 mb taśmy spoinowej/m2; standardowe zbrojenie spoin.,Заделка стыков потолочных листов расходует ~1.2 пм ленты для швов/м2; стандартное армирование швов.,producer_tds,Rigips — taśma spoinowa papierowa (karta),https://www.rigips.pl/produkty/masy-szpachlowe,"karta taśmy spoinowej, ~1.2 mb/m2"
2.26,Uskok przy suficie podwieszany,mb,construction,PLYTA_GK,Płyta gipsowo-kartonowa Norgips GKB 12.5mm,m2,0.40,budget,5,Uskok (stopień) sufitu podwieszanego zużywa ~0.4 m2 płyty/mb (czoło + spód uskoku); wartość ekspercka.,Уступ (ступень) подвесного потолка расходует ~0.4 м2 листа/пм (лицо + низ уступа); экспертное значение.,expert,Praktyka wykonawcza (uskok sufitu),,założenie eksperckie ~0.4 m2/mb; SKU płyty GKB Norgips
2.26,Uskok przy suficie podwieszany,mb,construction,PLYTA_GK,Płyta gipsowo-kartonowa Rigips RB 12.5mm,m2,0.40,"norm,lux",5,Wariant norm/lux; uskok sufitu zużywa ~0.4 m2 płyty Rigips RB/mb; wartość ekspercka.,Вариант norm/lux; уступ потолка расходует ~0.4 м2 листа Rigips RB/пм; экспертное значение.,expert,Praktyka wykonawcza (uskok sufitu),,założenie eksperckie ~0.4 m2/mb; SKU płyty RB Rigips
2.26,Uskok przy suficie podwieszany,mb,construction,PROFIL_GK,Profil sufitowy CD 60/27 (4m),mb,2.50,"budget,norm,lux",0,Konstrukcja uskoku z profili CD zużywa ~2.5 mb/mb (ramka czoła i spodu uskoku); wartość ekspercka.,Конструкция уступа из профилей CD расходует ~2.5 пм/пм (рамка лица и низа уступа); экспертное значение.,expert,Praktyka wykonawcza (uskok sufitu),,założenie eksperckie ~2.5 mb/mb; SKU profilu CD Rigips
2.26,Uskok przy suficie podwieszany,mb,construction,KATOWNIK_ALUMINIOWY,Kątownik aluminiowy narożnikowy do GK (2.5m),mb,1.05,"budget,norm,lux",5,Krawędź uskoku zabezpieczona narożnikiem aluminiowym ~1 mb/mb + ~5% zapasu; wykończenie krawędzi.,Кромка уступа защищена алюминиевым уголком ~1 пм/пм + ~5% запаса; отделка кромки.,expert,Praktyka wykonawcza (uskok sufitu),,założenie eksperckie ~1 mb/mb; SKU narożnika aluminiowego Rigips
2.26,Uskok przy suficie podwieszany,mb,construction,MASA_SPOINOWA,Masa szpachlowa do spoin Rigips Uniflott,kg,0.35,"budget,norm,lux",0,Szpachlowanie łączeń i krawędzi uskoku zużywa ~0.35 kg masy spoinowej/mb; wartość ekspercka.,Заделка стыков и кромок уступа расходует ~0.35 кг шпаклёвки для швов/пм; экспертное значение.,expert,Praktyka wykonawcza (uskok sufitu),,założenie eksperckie ~0.35 kg/mb; SKU masy Uniflott Rigips
2.27,Karnisze z GK 5 cm szerokości z narożnikiem i szpachlowaniem,mb,construction,PLYTA_GK,Płyta gipsowo-kartonowa Norgips GKB 12.5mm,m2,0.25,budget,5,Karnisz GK 5cm szerokości zużywa ~0.25 m2 płyty/mb (wąska skrzynka karnisza); wartość ekspercka.,Карнизный короб ГК 5см ширины расходует ~0.25 м2 листа/пм (узкий короб карниза); экспертное значение.,expert,Praktyka wykonawcza (karnisz GK),,założenie eksperckie ~0.25 m2/mb; SKU płyty GKB Norgips
2.27,Karnisze z GK 5 cm szerokości z narożnikiem i szpachlowaniem,mb,construction,PLYTA_GK,Płyta gipsowo-kartonowa Rigips RB 12.5mm,m2,0.25,"norm,lux",5,Wariant norm/lux; karnisz GK 5cm zużywa ~0.25 m2 płyty Rigips RB/mb; wartość ekspercka.,Вариант norm/lux; карнизный короб ГК 5см расходует ~0.25 м2 листа Rigips RB/пм; экспертное значение.,expert,Praktyka wykonawcza (karnisz GK),,założenie eksperckie ~0.25 m2/mb; SKU płyty RB Rigips
2.27,Karnisze z GK 5 cm szerokości z narożnikiem i szpachlowaniem,mb,construction,PROFIL_GK,Profil sufitowy CD 60/27 (4m),mb,2.00,"budget,norm,lux",0,Konstrukcja karnisza z profili CD zużywa ~2 mb/mb (ramka skrzynki karnisza); wartość ekspercka.,Конструкция карниза из профилей CD расходует ~2 пм/пм (рамка короба карниза); экспертное значение.,expert,Praktyka wykonawcza (karnisz GK),,założenie eksperckie ~2 mb/mb; SKU profilu CD Rigips
2.27,Karnisze z GK 5 cm szerokości z narożnikiem i szpachlowaniem,mb,construction,KATOWNIK_ALUMINIOWY,Kątownik aluminiowy narożnikowy do GK (2.5m),mb,1.05,"budget,norm,lux",5,Krawędzie karnisza zabezpieczone narożnikiem aluminiowym ~1 mb/mb + ~5% zapasu; wykończenie krawędzi.,Кромки карниза защищены алюминиевым уголком ~1 пм/пм + ~5% запаса; отделка кромки.,expert,Praktyka wykonawcza (karnisz GK),,założenie eksperckie ~1 mb/mb; SKU narożnika aluminiowego Rigips
2.27,Karnisze z GK 5 cm szerokości z narożnikiem i szpachlowaniem,mb,construction,MASA_SPOINOWA,Masa szpachlowa do spoin Rigips Uniflott,kg,0.30,"budget,norm,lux",0,Szpachlowanie karnisza z narożnikiem zużywa ~0.3 kg masy spoinowej/mb; wartość ekspercka.,Заделка карниза с уголком расходует ~0.3 кг шпаклёвки для швов/пм; экспертное значение.,expert,Praktyka wykonawcza (karnisz GK),,założenie eksperckie ~0.3 kg/mb; SKU masy Uniflott Rigips
2.28,Wnęka w suficie GK,mb,construction,PLYTA_GK,Płyta gipsowo-kartonowa Norgips GKB 12.5mm,m2,0.45,budget,5,Wnęka w suficie GK zużywa ~0.45 m2 płyty/mb (boki + dno wnęki sufitowej); wartość ekspercka.,Ниша в ГК-потолке расходует ~0.45 м2 листа/пм (боковины + дно потолочной ниши); экспертное значение.,expert,Praktyka wykonawcza (wnęka sufitowa),,założenie eksperckie ~0.45 m2/mb; SKU płyty GKB Norgips
2.28,Wnęka w suficie GK,mb,construction,PLYTA_GK,Płyta gipsowo-kartonowa Rigips RB 12.5mm,m2,0.45,"norm,lux",5,Wariant norm/lux; wnęka w suficie GK zużywa ~0.45 m2 płyty Rigips RB/mb; wartość ekspercka.,Вариант norm/lux; ниша в ГК-потолке расходует ~0.45 м2 листа Rigips RB/пм; экспертное значение.,expert,Praktyka wykonawcza (wnęka sufitowa),,założenie eksperckie ~0.45 m2/mb; SKU płyty RB Rigips
2.28,Wnęka w suficie GK,mb,construction,PROFIL_GK,Profil sufitowy CD 60/27 (4m),mb,3.00,"budget,norm,lux",0,Konstrukcja wnęki sufitowej z profili CD zużywa ~3 mb/mb (ramka i podziały wnęki); wartość ekspercka.,Конструкция потолочной ниши из профилей CD расходует ~3 пм/пм (рамка и перегородки ниши); экспертное значение.,expert,Praktyka wykonawcza (wnęka sufitowa),,założenie eksperckie ~3 mb/mb; SKU profilu CD Rigips
2.28,Wnęka w suficie GK,mb,construction,MASA_SPOINOWA,Masa szpachlowa do spoin Rigips Uniflott,kg,0.40,"budget,norm,lux",0,Szpachlowanie łączeń wnęki sufitowej zużywa ~0.4 kg masy spoinowej/mb; wartość ekspercka.,Заделка стыков потолочной ниши расходует ~0.4 кг шпаклёвки для швов/пм; экспертное значение.,expert,Praktyka wykonawcza (wnęka sufitowa),,założenie eksperckie ~0.4 kg/mb; SKU masy Uniflott Rigips
3.01,Punkt wod-kan bez wkucia - nowy / relokacja,szt,construction,RURA_PP,Rura PP-R PN20 fi20,mb,2.50,"budget,norm",0,Punkt wod-kan zuzywa srednio ~2.5 mb rury PP-R fi20 na podejscie cieplej/zimnej wody (zalozenie wykonawcze); karta systemu KAN-therm PP potwierdza dobor rury do punktu.,Точка вод-кан расходует в среднем ~2.5 пм трубы PP-R fi20 на подводку горячей/холодной воды (рабочее допущение); карта системы KAN-therm PP подтверждает подбор трубы для точки.,expert,KAN-therm PP — karta systemu + zalozenie wykonawcze,https://fr.kan-therm.com/system/system-kan-therm-pp,karta systemu KAN-therm PP; norma ilosciowa ~2.5 mb/punkt - zalozenie wykonawcze
3.01,Punkt wod-kan bez wkucia - nowy / relokacja,szt,construction,KSZTALTKI_PP,Kształtki PP-R zgrzewane (kolano/mufa/trójnik),szt,4.00,"budget,norm",0,Na jeden punkt wodny przypada srednio ~4 ksztaltki PP-R (kolana/mufy/trojnik) do zgrzania trasy; zalozenie wykonawcze zgodne z katalogiem ksztaltek KAN-therm.,На одну водяную точку приходится в среднем ~4 фитинга PP-R (колена/муфты/тройник) для сварки трассы; рабочее допущение согласно каталогу фитингов KAN-therm.,expert,KAN-therm PP — katalog ksztaltek + zalozenie wykonawcze,https://onninen.pl/ro/serie/kan-therm-pp/latura:2,katalog ksztaltek PP-R; ~4 szt/punkt - zalozenie wykonawcze
3.01,Punkt wod-kan bez wkucia - nowy / relokacja,szt,construction,RURA_KANALIZACYJNA_PVC,Rura kanalizacyjna PVC-U fi50,mb,1.50,"budget,norm,lux",0,Podejscie kanalizacyjne punktu (umywalka/prysznic) zuzywa ~1.5 mb rury PVC-U fi50; karta Wavin KG potwierdza rure kielichowa do podejsc.,Канализационная подводка точки (умывальник/душ) расходует ~1.5 пм трубы PVC-U fi50; карта Wavin KG подтверждает раструбную трубу для подводок.,expert,Wavin KG PVC-U — karta produktu + zalozenie wykonawcze,https://www.wavin.com/de-de/product/e57049e0-21ba-4622-a29b-d8d72acef588,karta Wavin KG fi50; ~1.5 mb/punkt - zalozenie wykonawcze
3.01,Punkt wod-kan bez wkucia - nowy / relokacja,szt,construction,KSZTALTKI_KANALIZACYJNE,Kształtki kanalizacyjne PVC (kolano/trójnik/redukcja),szt,3.00,"budget,norm,lux",0,Podejscie kan. punktu zuzywa ~3 ksztaltki PVC (kolano/trojnik/redukcja) do podlaczenia do pionu; zalozenie wykonawcze wg katalogu Wavin KG.,Канализационная подводка точки расходует ~3 фитинга PVC (колено/тройник/переход) для подключения к стояку; рабочее допущение по каталогу Wavin KG.,expert,Wavin KG PVC-U — katalog ksztaltek + zalozenie wykonawcze,https://www.wavin.com/de-de/product/e57049e0-21ba-4622-a29b-d8d72acef588,katalog ksztaltek Wavin KG; ~3 szt/punkt - zalozenie wykonawcze
3.01,Punkt wod-kan bez wkucia - nowy / relokacja,szt,construction,USZCZELNIENIE_GWINTU,Taśma teflonowa PTFE,szt,1.00,"budget,norm",0,Uszczelnienie polaczen gwintowanych punktu zuzywa ~1 porcje tasmy teflonowej PTFE na punkt; material zuzywalny (zalozenie wykonawcze).,Уплотнение резьбовых соединений точки расходует ~1 порцию ленты ФУМ на точку; расходный материал (рабочее допущение).,expert,Praktyka wykonawcza (material uszczelniajacy zuzywalny),https://www.leroymerlin.pl,zalozenie eksperckie ~1 szt/punkt; SKU tasmy PTFE
3.01,Punkt wod-kan bez wkucia - nowy / relokacja,szt,construction,RURA_PEX,Rura PEX/Al/PEX fi16,mb,2.50,"norm,lux",0,Wariant norm/lux; punkt wodny zuzywa ~2.5 mb rury PEX/Al fi16 na podejscie; katalog KAN-therm potwierdza rure wielowarstwowa do punktow.,Вариант norm/lux; водяная точка расходует ~2.5 пм трубы PEX/Al fi16 на подводку; каталог KAN-therm подтверждает многослойную трубу для точек.,expert,KAN-therm — katalog rur wielowarstwowych + zalozenie wykonawcze,https://fr.kan-therm.com/,katalog rur PEX/Al KAN-therm; ~2.5 mb/punkt - zalozenie wykonawcze
3.01,Punkt wod-kan bez wkucia - nowy / relokacja,szt,construction,KSZTALTKI_PEX,Kształtki zaciskowe PEX/Al (kolano/trójnik),szt,4.00,"norm,lux",0,Wariant norm/lux; punkt wodny zuzywa ~4 zlaczki zaciskowe PEX/Al do polaczenia trasy; zalozenie wykonawcze wg katalogu KAN-therm.,Вариант norm/lux; водяная точка расходует ~4 пресс-фитинга PEX/Al для соединения трассы; рабочее допущение по каталогу KAN-therm.,expert,KAN-therm — katalog zlaczek zaciskowych + zalozenie wykonawcze,https://onninen.pl/ro/serie/kan-therm-pp/latura:2,katalog zlaczek zaciskowych; ~4 szt/punkt - zalozenie wykonawcze
3.01,Punkt wod-kan bez wkucia - nowy / relokacja,szt,construction,USZCZELNIENIE_GWINTU,Pakuły lniane + pasta uszczelniająca,szt,1.00,"norm,lux",0,Wariant norm/lux; trwale uszczelnienie polaczen gwintowanych punktu zuzywa ~1 porcje pakul z pasta; material zuzywalny (zalozenie wykonawcze).,Вариант norm/lux; надёжное уплотнение резьбовых соединений точки расходует ~1 порцию льна с пастой; расходный материал (рабочее допущение).,expert,Praktyka wykonawcza (material uszczelniajacy zuzywalny),https://www.leroymerlin.pl,zalozenie eksperckie ~1 szt/punkt; SKU pakuly+pasta
3.02,Likwidacja (zaślepienie) punktu hydrauliki istniejącego,szt,construction,ZASLEPKA,Korek mosiężny gwintowany,szt,1.00,"budget,norm,lux",0,Likwidacja punktu wody polega na zaslepieniu ~1 korkiem mosieznym gwintowanym na przylacze; norma minimalna (zalozenie wykonawcze).,Ликвидация водяной точки сводится к глушению ~1 латунной резьбовой заглушкой на подводку; минимальная норма (рабочее допущение).,expert,Praktyka wykonawcza (zaslepienie punktu),https://www.leroymerlin.pl,zalozenie eksperckie ~1 szt/punkt; SKU korek mosiezny
3.02,Likwidacja (zaślepienie) punktu hydrauliki istniejącego,szt,construction,ZASLEPKA,Zaślepka/korek kanalizacyjny PVC,szt,1.00,"budget,norm,lux",0,"Likwidacja podejscia kanalizacyjnego polega na zaslepieniu ~1 korkiem PVC; norma minimalna (zalozenie wykonawcze), katalog Wavin KG potwierdza korki.","Ликвидация канализационной подводки сводится к глушению ~1 пробкой PVC; минимальная норма (рабочее допущение), каталог Wavin KG подтверждает пробки.",expert,Wavin KG — katalog zaslepek + zalozenie wykonawcze,https://www.wavin.com/de-de/product/e57049e0-21ba-4622-a29b-d8d72acef588,katalog korkow Wavin KG; ~1 szt/punkt - zalozenie wykonawcze
3.03,Likwidacja grzejników,szt,construction,ZASLEPKA,Korek mosiężny gwintowany,szt,2.00,"budget,norm,lux",0,Likwidacja grzejnika wymaga zaslepienia dwoch przylaczy (zasilanie+powrot) ~2 korkami mosieznymi gwintowanymi; norma minimalna (zalozenie wykonawcze).,Ликвидация радиатора требует глушения двух подводок (подача+обратка) ~2 латунными резьбовыми заглушками; минимальная норма (рабочее допущение).,expert,Praktyka wykonawcza (zaslepienie grzejnika),https://www.leroymerlin.pl,zalozenie eksperckie ~2 szt/grzejnik; SKU korek mosiezny
3.03,Likwidacja grzejników,szt,construction,USZCZELNIENIE_GWINTU,Taśma teflonowa PTFE,szt,1.00,"budget,norm,lux",0,Uszczelnienie korkow na przylaczach grzejnika zuzywa ~1 porcje tasmy teflonowej PTFE na grzejnik; material zuzywalny (zalozenie wykonawcze).,Уплотнение заглушек на подводках радиатора расходует ~1 порцию ленты ФУМ на радиатор; расходный материал (рабочее допущение).,expert,Praktyka wykonawcza (material uszczelniajacy zuzywalny),https://www.leroymerlin.pl,zalozenie eksperckie ~1 szt/grzejnik; SKU tasmy PTFE
3.04,Bruzdowanie / wkucie rur,mb,construction,TARCZA_TNACA,Tarcza do cięcia betonu/muru fi125,szt,0.10,"budget,norm,lux",0,Bruzdowanie/wkucie rur zuzywa material scierny: ~0.1 tarczy diamentowej fi125 na mb bruzdy (dwa naciecia + wykruszenie); zalozenie wykonawcze.,Штробление/врезка труб расходует абразив: ~0.1 алмазного диска fi125 на пм штробы (два реза + выборка); рабочее допущение.,expert,Praktyka wykonawcza (material scierny zuzywalny),https://www.castorama.pl,zalozenie eksperckie ~0.1 szt/mb; SKU tarcza fi125
3.04,Bruzdowanie / wkucie rur,mb,construction,UCHWYT_OBEJMA,Uchwyt/obejma do rur z wkładką gumową,szt,2.00,"budget,norm,lux",0,Trasa rury w bruzdzie mocowana jest obejmami co ~0.5 m => ~2 obejmy na mb bruzdy; zalozenie wykonawcze wg katalogu uchwytow do rur.,Трасса трубы в штробе крепится хомутами через ~0.5 м => ~2 хомута на пм штробы; рабочее допущение по каталогу креплений труб.,expert,Katalog uchwytow do rur PP + zalozenie wykonawcze,https://plastbor.com/uchwyty-do-rur-pp/,katalog obejm do rur; ~2 szt/mb (rozstaw ~0.5 m) - zalozenie wykonawcze
3.05,Tynkowanie bruzd,mb,construction,ZAPRAWA_TYNKARSKA,Zaprawa tynkarska cementowo-wapienna 25kg,kg,1.75,"budget,norm,lux",0,Zatynkowanie bruzdy po ulozeniu rur zuzywa ~1.75 kg/mb zaprawy tynkarskiej (srodek zakresu 1.5-2 kg/mb dla typowej bruzdy); karta Atlas potwierdza zaprawe.,Заделка штробы после укладки труб расходует ~1.75 кг/пм штукатурного раствора (середина диапазона 1.5-2 кг/пм для типовой штробы); карта Atlas подтверждает раствор.,expert,Atlas — karta zaprawy tynkarskiej + zalozenie wykonawcze,https://www.atlas.com.pl,karta zaprawy tynkarskiej Atlas; ~1.5-2 kg/mb bruzdy - zalozenie wykonawcze
3.06,Bateria umywalkowa/bidet podtynkowa dwupunktowa - montaż podtynkowy,szt,construction,BATERIA_PODTYNKOWA,Bateria umywalkowa podtynkowa dwupunktowa,szt,1.00,"norm,lux",0,Montaz podtynkowy zuzywa 1 czesc podtynkowa baterii dwupunktowej na punkt; wariant norm/lux (czesc montowana w scianie).,Скрытый монтаж расходует 1 скрытую часть двухточечного смесителя на точку; вариант norm/lux (часть в стене).,expert,Praktyka wykonawcza (montaz baterii podtynkowej),https://catalog.geberit.de/de-DE/product/PRO_3933392,katalog baterii podtynkowych; 1 szt/punkt - dobor materialowy
3.06,Bateria umywalkowa/bidet podtynkowa dwupunktowa - montaż podtynkowy,szt,construction,USZCZELNIENIE_GWINTU,Taśma teflonowa PTFE,szt,1.00,"norm,lux",0,Uszczelnienie przylaczy baterii podtynkowej zuzywa ~1 porcje tasmy teflonowej PTFE na punkt; material zuzywalny (zalozenie wykonawcze).,Уплотнение подводок скрытого смесителя расходует ~1 порцию ленты ФУМ на точку; расходный материал (рабочее допущение).,expert,Praktyka wykonawcza (material uszczelniajacy zuzywalny),https://www.leroymerlin.pl,zalozenie eksperckie ~1 szt/punkt; SKU tasmy PTFE
3.06,Bateria umywalkowa/bidet podtynkowa dwupunktowa - montaż podtynkowy,szt,construction,KSZTALTKI_PP,Kształtki PP-R zgrzewane (kolano/mufa/trójnik),szt,2.00,norm,0,"Podlaczenie baterii podtynkowej do rur PP zuzywa ~2 ksztaltki PP-R (przylacza cieplej/zimnej); wariant norm, zalozenie wykonawcze.","Подключение скрытого смесителя к трубам PP расходует ~2 фитинга PP-R (подводки горячей/холодной); вариант norm, рабочее допущение.",expert,KAN-therm PP — katalog ksztaltek + zalozenie wykonawcze,https://onninen.pl/ro/serie/kan-therm-pp/latura:2,katalog ksztaltek PP-R; ~2 szt/punkt - zalozenie wykonawcze
3.06,Bateria umywalkowa/bidet podtynkowa dwupunktowa - montaż podtynkowy,szt,construction,KSZTALTKI_PEX,Kształtki zaciskowe PEX/Al (kolano/trójnik),szt,2.00,lux,0,Wariant lux; podlaczenie baterii podtynkowej rurami PEX/Al zuzywa ~2 zlaczki zaciskowe (przylacza cieplej/zimnej); zalozenie wykonawcze.,Вариант lux; подключение скрытого смесителя трубами PEX/Al расходует ~2 пресс-фитинга (подводки горячей/холодной); рабочее допущение.,expert,KAN-therm — katalog zlaczek zaciskowych + zalozenie wykonawcze,https://onninen.pl/ro/serie/kan-therm-pp/latura:2,katalog zlaczek zaciskowych; ~2 szt/punkt - zalozenie wykonawcze
3.07,Bateria prysznicowa podtynkowa - montaż podtynkowy (kpl deszczownica słuchawka sterownik),kpl,construction,BATERIA_PODTYNKOWA,Bateria prysznicowa podtynkowa z deszczownicą (kpl),kpl,1.00,"norm,lux",0,"Montaz podtynkowy zestawu prysznicowego zuzywa 1 kpl (deszczownica+sluchawka+sterownik) na punkt; wariant norm/lux, dobor materialowy.","Скрытый монтаж душевого набора расходует 1 компл (тропический душ+лейка+переключатель) на точку; вариант norm/lux, подбор материала.",expert,Praktyka wykonawcza (montaz zestawu podtynkowego),https://catalog.geberit.de/de-DE/product/PRO_3933392,katalog zestawow podtynkowych prysznicowych; 1 kpl/punkt - dobor materialowy
3.07,Bateria prysznicowa podtynkowa - montaż podtynkowy (kpl deszczownica słuchawka sterownik),kpl,construction,KSZTALTKI_PP,Kształtki PP-R zgrzewane (kolano/mufa/trójnik),szt,3.00,norm,0,"Podlaczenie podtynkowego zestawu prysznicowego do rur PP zuzywa ~3 ksztaltki PP-R (przylacza + rozprowadzenie); wariant norm, zalozenie wykonawcze.","Подключение скрытого душевого набора к трубам PP расходует ~3 фитинга PP-R (подводки + разводка); вариант norm, рабочее допущение.",expert,KAN-therm PP — katalog ksztaltek + zalozenie wykonawcze,https://onninen.pl/ro/serie/kan-therm-pp/latura:2,katalog ksztaltek PP-R; ~3 szt/kpl - zalozenie wykonawcze
3.07,Bateria prysznicowa podtynkowa - montaż podtynkowy (kpl deszczownica słuchawka sterownik),kpl,construction,KSZTALTKI_PEX,Kształtki zaciskowe PEX/Al (kolano/trójnik),szt,3.00,lux,0,Wariant lux; podlaczenie zestawu prysznicowego rurami PEX/Al zuzywa ~3 zlaczki zaciskowe; zalozenie wykonawcze.,Вариант lux; подключение душевого набора трубами PEX/Al расходует ~3 пресс-фитинга; рабочее допущение.,expert,KAN-therm — katalog zlaczek zaciskowych + zalozenie wykonawcze,https://onninen.pl/ro/serie/kan-therm-pp/latura:2,katalog zlaczek zaciskowych; ~3 szt/kpl - zalozenie wykonawcze
3.07,Bateria prysznicowa podtynkowa - montaż podtynkowy (kpl deszczownica słuchawka sterownik),kpl,construction,USZCZELNIENIE_GWINTU,Pakuły lniane + pasta uszczelniająca,szt,1.00,"norm,lux",0,Trwale uszczelnienie polaczen gwintowanych zestawu prysznicowego zuzywa ~1 porcje pakul z pasta; material zuzywalny (zalozenie wykonawcze).,Надёжное уплотнение резьбовых соединений душевого набора расходует ~1 порцию льна с пастой; расходный материал (рабочее допущение).,expert,Praktyka wykonawcza (material uszczelniajacy zuzywalny),https://www.leroymerlin.pl,zalozenie eksperckie ~1 szt/kpl; SKU pakuly+pasta
3.08,Stelaż miski WC lub bidetowej,szt,construction,STELAZ_PODTYNKOWY,Stelaż podtynkowy WC TECEprofil,szt,1.00,budget,0,"Montaz stelaza WC zuzywa 1 stelaz podtynkowy na punkt; wariant budzetowy TECEprofil, karta systemu potwierdza modul WC.","Монтаж инсталляции WC расходует 1 скрытую инсталляцию на точку; бюджетный вариант TECEprofil, карта системы подтверждает модуль WC.",expert,TECEprofil — karta systemu + dobor materialowy,https://www.tece.com/it/strutture-idrauliche/teceprofil/montaggio,karta systemu TECEprofil; 1 szt/punkt - dobor materialowy
3.08,Stelaż miski WC lub bidetowej,szt,construction,STELAZ_PODTYNKOWY,Stelaż podtynkowy WC Geberit Duofix,szt,1.00,"norm,lux",0,"Montaz stelaza WC zuzywa 1 stelaz podtynkowy Geberit Duofix na punkt; wariant norm/lux, karta produktu potwierdza komplet ze spluczka.","Монтаж инсталляции WC расходует 1 скрытую инсталляцию Geberit Duofix на точку; вариант norm/lux, карта продукта подтверждает комплект с бачком.",expert,Geberit Duofix — karta produktu + dobor materialowy,https://catalog.geberit.de/de-DE/product/PRO_3933392,karta produktu Geberit Duofix; 1 szt/punkt - dobor materialowy
3.08,Stelaż miski WC lub bidetowej,szt,construction,ZAPRAWA_MONTAZOWA,Zaprawa montażowa szybkowiążąca 25kg,kg,3.00,"budget,norm,lux",0,Stabilizacja i osadzenie stopy stelaza WC zuzywa ~3 kg zaprawy montazowej szybkowiazacej na punkt; karta Atlas potwierdza zaprawe (zalozenie wykonawcze).,Стабилизация и посадка опоры инсталляции WC расходует ~3 кг быстротвердеющего монтажного раствора на точку; карта Atlas подтверждает раствор (рабочее допущение).,expert,Atlas — karta zaprawy montazowej + zalozenie wykonawcze,https://www.atlas.com.pl,karta zaprawy montazowej Atlas; ~3 kg/punkt - zalozenie wykonawcze
3.08,Stelaż miski WC lub bidetowej,szt,construction,RURA_KANALIZACYJNA_PVC,Rura kanalizacyjna PVC-U fi110,mb,1.00,"budget,norm,lux",0,Podejscie kanalizacyjne miski WC zuzywa ~1 mb rury PVC-U fi110 na punkt; karta Wavin KG potwierdza rure DN110 do podejscia WC.,Канализационная подводка унитаза расходует ~1 пм трубы PVC-U fi110 на точку; карта Wavin KG подтверждает трубу DN110 для подводки WC.,expert,Wavin KG PVC-U — karta produktu + zalozenie wykonawcze,https://www.wavin.com/de-de/product/e57049e0-21ba-4622-a29b-d8d72acef588,karta Wavin KG fi110; ~1 mb/punkt - zalozenie wykonawcze
3.09,Odpływ liniowy - wykucie i obsadzenie,szt,construction,ODPLYW_LINIOWY,Odpływ liniowy prysznicowy TECEdrainline,szt,1.00,"norm,lux",0,"Wykucie i obsadzenie zuzywa 1 odplyw liniowy na punkt; wariant norm/lux TECEdrainline, karta montazu potwierdza osadzenie w zaprawie.","Врезка и посадка расходует 1 линейный трап на точку; вариант norm/lux TECEdrainline, карта монтажа подтверждает установку в растворе.",expert,TECEdrainline — karta montazu + dobor materialowy,https://www.tece.com/it/drenaggi/tecedrainprofile/montaggio,karta montazu TECEdrainline; 1 szt/punkt - dobor materialowy
3.09,Odpływ liniowy - wykucie i obsadzenie,szt,construction,ZAPRAWA_MONTAZOWA,Zaprawa montażowa szybkowiążąca 25kg,kg,8.00,"norm,lux",0,Obsadzenie korpusu odplywu liniowego w podlodze zuzywa ~8 kg zaprawy montazowej szybkowiazacej na punkt; karta Atlas potwierdza zaprawe (zalozenie wykonawcze).,Посадка корпуса линейного трапа в полу расходует ~8 кг быстротвердеющего монтажного раствора на точку; карта Atlas подтверждает раствор (рабочее допущение).,expert,Atlas — karta zaprawy montazowej + zalozenie wykonawcze,https://www.atlas.com.pl,karta zaprawy montazowej Atlas; ~8 kg/punkt - zalozenie wykonawcze
3.09,Odpływ liniowy - wykucie i obsadzenie,szt,construction,TARCZA_TNACA,Tarcza do cięcia betonu/muru fi125,szt,0.30,"norm,lux",0,Wykucie gniazda pod odplyw liniowy w jastrychu/betonie zuzywa ~0.3 tarczy diamentowej fi125 na punkt; material zuzywalny (zalozenie wykonawcze).,Врезка гнезда под линейный трап в стяжке/бетоне расходует ~0.3 алмазного диска fi125 на точку; расходный материал (рабочее допущение).,expert,Praktyka wykonawcza (material scierny zuzywalny),https://www.castorama.pl,zalozenie eksperckie ~0.3 szt/punkt; SKU tarcza fi125
3.10,Odpływ liniowy - wykonanie spadku,szt,construction,ZAPRAWA_MONTAZOWA,Zaprawa montażowa szybkowiążąca 25kg,kg,12.00,"norm,lux",0,Wykonanie spadku w brodziku do odplywu liniowego zuzywa ~12 kg zaprawy na punkt (warstwa spadkowa na powierzchni brodzika); karta Atlas potwierdza zaprawe (zalozenie wykonawcze).,Устройство уклона в поддоне к линейному трапу расходует ~12 кг раствора на точку (уклонная стяжка по площади поддона); карта Atlas подтверждает раствор (рабочее допущение).,expert,Atlas — karta zaprawy montazowej + zalozenie wykonawcze,https://www.atlas.com.pl,karta zaprawy montazowej Atlas; ~12 kg/punkt (warstwa spadkowa) - zalozenie wykonawcze
3.11,Odpływ punktowy - montaż kompletny,szt,construction,ODPLYW_PUNKTOWY,Odpływ punktowy prysznicowy,szt,1.00,"budget,norm,lux",0,Montaz kompletny zuzywa 1 odplyw punktowy z syfonem i kratka na punkt; dobor materialowy we wszystkich pakietach.,Комплектный монтаж расходует 1 точечный трап с сифоном и решёткой на точку; подбор материала во всех пакетах.,expert,Praktyka wykonawcza (montaz odplywu punktowego),https://www.leroymerlin.pl,katalog odplywow punktowych; 1 szt/punkt - dobor materialowy
3.11,Odpływ punktowy - montaż kompletny,szt,construction,ZAPRAWA_MONTAZOWA,Zaprawa montażowa szybkowiążąca 25kg,kg,5.00,"budget,norm,lux",0,Osadzenie odplywu punktowego w podlodze zuzywa ~5 kg zaprawy montazowej szybkowiazacej na punkt; karta Atlas potwierdza zaprawe (zalozenie wykonawcze).,Посадка точечного трапа в полу расходует ~5 кг быстротвердеющего монтажного раствора на точку; карта Atlas подтверждает раствор (рабочее допущение).,expert,Atlas — karta zaprawy montazowej + zalozenie wykonawcze,https://www.atlas.com.pl,karta zaprawy montazowej Atlas; ~5 kg/punkt - zalozenie wykonawcze
3.11,Odpływ punktowy - montaż kompletny,szt,construction,KSZTALTKI_KANALIZACYJNE,Kształtki kanalizacyjne PVC (kolano/trójnik/redukcja),szt,2.00,"budget,norm,lux",0,Podlaczenie odplywu punktowego do kanalizacji zuzywa ~2 ksztaltki PVC (kolano/redukcja) na punkt; zalozenie wykonawcze wg katalogu Wavin KG.,Подключение точечного трапа к канализации расходует ~2 фитинга PVC (колено/переход) на точку; рабочее допущение по каталогу Wavin KG.,expert,Wavin KG — katalog ksztaltek + zalozenie wykonawcze,https://www.wavin.com/de-de/product/e57049e0-21ba-4622-a29b-d8d72acef588,katalog ksztaltek Wavin KG; ~2 szt/punkt - zalozenie wykonawcze
3.11,Odpływ punktowy - montaż kompletny,szt,construction,KLEJ_MONTAZOWY,Klej montażowy poliuretanowy Soudal 290ml,szt,0.25,"norm,lux",0,Wariant norm/lux; punktowe doszczelnienie/mocowanie kolnierza odplywu punktowego zuzywa ~0.25 kartusza kleju Soudal na punkt; material zuzywalny (zalozenie wykonawcze).,Вариант norm/lux; точечное доуплотнение/фиксация фланца точечного трапа расходует ~0.25 картриджа клея Soudal на точку; расходный материал (рабочее допущение).,expert,Praktyka wykonawcza (klej montazowy zuzywalny),https://www.leroymerlin.pl,zalozenie eksperckie ~0.25 szt/punkt; SKU Soudal 290 ml
3.06,Bateria umywalkowa/bidet podtynkowa dwupunktowa - montaż podtynkowy,szt,construction,BATERIA_PODTYNKOWA,Bateria umywalkowa podtynkowa dwupunktowa,szt,1.00,budget,0,"Pakiet budget dziedziczy material z najtanszego dostepnego wariantu (fallback wg metodyki): 1 czesc podtynkowa baterii dwupunktowej na punkt, brak tanszego odpowiednika w kategorii.","Пакет budget наследует материал из самого дешёвого доступного варианта (фолбэк по методике): 1 скрытая часть двухточечного смесителя на точку, более дешёвого аналога в категории нет.",expert,Praktyka wykonawcza (fallback pakietu budget),https://catalog.geberit.de/de-DE/product/PRO_3933392,fallback do najtanszego wariantu; 1 szt/punkt - dobor materialowy
3.06,Bateria umywalkowa/bidet podtynkowa dwupunktowa - montaż podtynkowy,szt,construction,USZCZELNIENIE_GWINTU,Taśma teflonowa PTFE,szt,1.00,budget,0,Pakiet budget: uszczelnienie przylaczy baterii podtynkowej zuzywa ~1 porcje tasmy teflonowej PTFE na punkt; material zuzywalny (fallback).,Пакет budget: уплотнение подводок скрытого смесителя расходует ~1 порцию ленты ФУМ на точку; расходный материал (фолбэк).,expert,Praktyka wykonawcza (material uszczelniajacy zuzywalny),https://www.leroymerlin.pl,fallback pakietu budget; ~1 szt/punkt; SKU tasmy PTFE
3.07,Bateria prysznicowa podtynkowa - montaż podtynkowy (kpl deszczownica słuchawka sterownik),kpl,construction,BATERIA_PODTYNKOWA,Bateria prysznicowa podtynkowa z deszczownicą (kpl),kpl,1.00,budget,0,"Pakiet budget dziedziczy material z najtanszego dostepnego wariantu (fallback wg metodyki): 1 kpl podtynkowego zestawu prysznicowego na punkt, brak tanszego odpowiednika w kategorii.","Пакет budget наследует материал из самого дешёвого доступного варианта (фолбэк по методике): 1 компл скрытого душевого набора на точку, более дешёвого аналога в категории нет.",expert,Praktyka wykonawcza (fallback pakietu budget),https://catalog.geberit.de/de-DE/product/PRO_3933392,fallback do najtanszego wariantu; 1 kpl/punkt - dobor materialowy
3.09,Odpływ liniowy - wykucie i obsadzenie,szt,construction,ODPLYW_LINIOWY,Odpływ liniowy prysznicowy TECEdrainline,szt,1.00,budget,0,"Pakiet budget dziedziczy material z najtanszego dostepnego wariantu (fallback wg metodyki): 1 odplyw liniowy na punkt, brak tanszego odpowiednika liniowego w kategorii.","Пакет budget наследует материал из самого дешёвого доступного варианта (фолбэк по методике): 1 линейный трап на точку, более дешёвого линейного аналога в категории нет.",expert,Praktyka wykonawcza (fallback pakietu budget),https://www.tece.com/it/drenaggi/tecedrainprofile/montaggio,fallback do najtanszego wariantu; 1 szt/punkt - dobor materialowy
3.09,Odpływ liniowy - wykucie i obsadzenie,szt,construction,ZAPRAWA_MONTAZOWA,Zaprawa montażowa szybkowiążąca 25kg,kg,8.00,budget,0,Pakiet budget: obsadzenie korpusu odplywu liniowego zuzywa ~8 kg zaprawy montazowej szybkowiazacej na punkt; karta Atlas potwierdza zaprawe (fallback).,Пакет budget: посадка корпуса линейного трапа расходует ~8 кг быстротвердеющего монтажного раствора на точку; карта Atlas подтверждает раствор (фолбэк).,expert,Atlas — karta zaprawy montazowej + zalozenie wykonawcze,https://www.atlas.com.pl,fallback pakietu budget; ~8 kg/punkt - zalozenie wykonawcze
3.10,Odpływ liniowy - wykonanie spadku,szt,construction,ZAPRAWA_MONTAZOWA,Zaprawa montażowa szybkowiążąca 25kg,kg,12.00,budget,0,Pakiet budget dziedziczy material z najtanszego dostepnego wariantu (fallback wg metodyki): wykonanie spadku zuzywa ~12 kg zaprawy na punkt; karta Atlas potwierdza zaprawe.,Пакет budget наследует материал из самого дешёвого доступного варианта (фолбэк по методике): устройство уклона расходует ~12 кг раствора на точку; карта Atlas подтверждает раствор.,expert,Atlas — karta zaprawy montazowej + zalozenie wykonawcze,https://www.atlas.com.pl,fallback pakietu budget; ~12 kg/punkt (warstwa spadkowa) - zalozenie wykonawcze
4.01,Zawory kątowe,szt,construction,TASMA_TEFLONOWA,Taśma teflonowa uszczelniająca 12mm x 12m,szt,0.10,"budget,norm",0,"Montaż zaworu kątowego zużywa ~0.1 rolki taśmy teflonowej na uszczelnienie gwintu (jedno przyłącze); wartość ekspercka, materiał zużywalny.","Монтаж углового вентиля расходует ~0.1 рулона тефлоновой ленты на уплотнение резьбы (одно подключение); экспертное значение, расходный материал.",expert,Praktyka wykonawcza (uszczelnienie gwintu),https://fachowiec.com/sklep/products/9309702_tasma_teflonowa_12m_x_12mm_x_0.1mm_miditape,założenie eksperckie ~0.1 rolki/szt; SKU taśmy teflonowej 12mm
4.01,Zawory kątowe,szt,construction,TASMA_TEFLONOWA,Taśma teflonowa gruba do gwintów 19mm x 15m,szt,0.10,lux,0,Wariant lux; montaż zaworu kątowego zużywa ~0.1 rolki grubej taśmy teflonowej na uszczelnienie gwintu; wartość ekspercka.,Вариант lux; монтаж углового вентиля расходует ~0.1 рулона толстой тефлоновой ленты на уплотнение резьбы; экспертное значение.,expert,Praktyka wykonawcza (uszczelnienie gwintu),https://www.leroymerlin.pl/hydraulika/uszczelnienia-hydrauliczne,założenie eksperckie ~0.1 rolki/szt; SKU taśmy grubej
4.01,Zawory kątowe,szt,construction,USZCZELKI,Uszczelka gumowa/zestaw uszczelek do przyłączy,szt,1.00,"budget,norm,lux",0,"Podłączenie zaworu kątowego zużywa ~1 uszczelkę na przyłącze (nakrętka/wężyk); wartość ekspercka, materiał zużywalny.","Подключение углового вентиля расходует ~1 прокладку на подключение (гайка/подводка); экспертное значение, расходный материал.",expert,Praktyka wykonawcza (uszczelnienie połączenia),https://www.tycner.com.pl/pl/c/Uszczelki/56,założenie eksperckie ~1 szt/szt; SKU uszczelki Tycner
4.02,Przycisk WC,szt,construction,USZCZELKI,Uszczelka gumowa/zestaw uszczelek do przyłączy,szt,1.00,"budget,norm,lux",0,Montaż przycisku WC (ramka + przycisk na stelaż) zużywa ~1 uszczelkę/element pasujący na komplet; wartość ekspercka.,Монтаж кнопки WC (рамка + кнопка на инсталляцию) расходует ~1 прокладку/подгоночный элемент на комплект; экспертное значение.,expert,Praktyka wykonawcza (montaż przycisku),https://www.tycner.com.pl/pl/c/Uszczelki/56,założenie eksperckie ~1 szt/szt; SKU uszczelki Tycner
4.03,Miska WC wisząca,szt,construction,SILIKON_SANITARNY,Silikon sanitarny octowy Den Braven (310ml),szt,0.50,budget,0,Montaż końcowy miski wiszącej na stelaż zużywa ~0.5 kartusza silikonu sanitarnego na fugę styku z płytką; wartość ekspercka.,Финишный монтаж подвесной чаши на инсталляцию расходует ~0.5 картриджа санитарного силикона на шов примыкания к плитке; экспертное значение.,expert,Praktyka wykonawcza (uszczelnienie styku),https://www.den-braven.pl/silikon-sanitarny-500,założenie eksperckie ~0.5 szt/szt; SKU silikonu Den Braven
4.03,Miska WC wisząca,szt,construction,SILIKON_SANITARNY,Silikon sanitarny Soudal Silirub S (300ml),szt,0.50,"norm,lux",0,Wariant norm/lux; montaż miski wiszącej zużywa ~0.5 kartusza silikonu Silirub S na fugę przyłączeniową; wartość ekspercka.,Вариант norm/lux; монтаж подвесной чаши расходует ~0.5 картриджа силикона Silirub S на примыкающий шов; экспертное значение.,expert,Praktyka wykonawcza (uszczelnienie styku),https://www.soudal.at/pro/produkte/dichtstoffe/silikon/silirub-s,założenie eksperckie ~0.5 szt/szt; SKU Soudal Silirub S
4.03,Miska WC wisząca,szt,construction,USZCZELKI,Uszczelka gumowa/zestaw uszczelek do przyłączy,szt,1.00,"budget,norm,lux",0,"Podłączenie odpływu/mankietu miski wiszącej zużywa ~1 uszczelkę na komplet; wartość ekspercka, materiał zużywalny.","Подключение слива/манжеты подвесной чаши расходует ~1 прокладку на комплект; экспертное значение, расходный материал.",expert,Praktyka wykonawcza (uszczelnienie odpływu),https://www.tycner.com.pl/pl/c/Uszczelki/56,założenie eksperckie ~1 szt/szt; SKU uszczelki Tycner
4.04,Miska WC stojąca,szt,construction,SILIKON_SANITARNY,Silikon sanitarny octowy Den Braven (310ml),szt,0.60,budget,0,Montaż miski stojącej zużywa ~0.6 kartusza silikonu sanitarnego na fugę wokół stopy miski; wartość ekspercka.,Монтаж напольной чаши расходует ~0.6 картриджа санитарного силикона на шов вокруг основания чаши; экспертное значение.,expert,Praktyka wykonawcza (uszczelnienie stopy miski),https://www.den-braven.pl/silikon-sanitarny-500,założenie eksperckie ~0.6 szt/szt; SKU silikonu Den Braven
4.04,Miska WC stojąca,szt,construction,SILIKON_SANITARNY,Silikon sanitarny Soudal Silirub S (300ml),szt,0.60,"norm,lux",0,Wariant norm/lux; montaż miski stojącej zużywa ~0.6 kartusza silikonu Silirub S na fugę wokół stopy; wartość ekspercka.,Вариант norm/lux; монтаж напольной чаши расходует ~0.6 картриджа силикона Silirub S на шов вокруг основания; экспертное значение.,expert,Praktyka wykonawcza (uszczelnienie stopy miski),https://www.soudal.at/pro/produkte/dichtstoffe/silikon/silirub-s,założenie eksperckie ~0.6 szt/szt; SKU Soudal Silirub S
4.04,Miska WC stojąca,szt,construction,KOLKI_SRUBY_MONTAZOWE,Zestaw montażowy kołki + śruby do ceramiki (kpl),szt,1.00,"budget,norm,lux",0,Miska stojąca mocowana do posadzki ~1 zestawem kołków i śrub do ceramiki na komplet; wartość ekspercka.,Напольная чаша крепится к полу ~1 комплектом дюбелей и винтов для керамики на комплект; экспертное значение.,expert,Praktyka wykonawcza (mocowanie ceramiki),https://www.castorama.pl/produkty/instalacje/hydraulika,założenie eksperckie ~1 szt/szt; SKU zestawu montażowego
4.05,Miska bidetowa wisząca,szt,construction,SILIKON_SANITARNY,Silikon sanitarny octowy Den Braven (310ml),szt,0.40,budget,0,Montaż bidetu wiszącego zużywa ~0.4 kartusza silikonu sanitarnego na fugę styku z płytką; wartość ekspercka.,Монтаж подвесного биде расходует ~0.4 картриджа санитарного силикона на шов примыкания к плитке; экспертное значение.,expert,Praktyka wykonawcza (uszczelnienie styku),https://www.den-braven.pl/silikon-sanitarny-500,założenie eksperckie ~0.4 szt/szt; SKU silikonu Den Braven
4.05,Miska bidetowa wisząca,szt,construction,SILIKON_SANITARNY,Silikon sanitarny Soudal Silirub S (300ml),szt,0.40,"norm,lux",0,Wariant norm/lux; montaż bidetu wiszącego zużywa ~0.4 kartusza silikonu Silirub S na fugę przyłączeniową; wartość ekspercka.,Вариант norm/lux; монтаж подвесного биде расходует ~0.4 картриджа силикона Silirub S на примыкающий шов; экспертное значение.,expert,Praktyka wykonawcza (uszczelnienie styku),https://www.soudal.at/pro/produkte/dichtstoffe/silikon/silirub-s,założenie eksperckie ~0.4 szt/szt; SKU Soudal Silirub S
4.05,Miska bidetowa wisząca,szt,construction,USZCZELKI,Uszczelka gumowa/zestaw uszczelek do przyłączy,szt,1.00,"budget,norm,lux",0,Podłączenie odpływu i baterii bidetu wiszącego zużywa ~1 uszczelkę na komplet; wartość ekspercka.,Подключение слива и смесителя подвесного биде расходует ~1 прокладку на комплект; экспертное значение.,expert,Praktyka wykonawcza (uszczelnienie odpływu),https://www.tycner.com.pl/pl/c/Uszczelki/56,założenie eksperckie ~1 szt/szt; SKU uszczelki Tycner
4.06,Odpływ liniowy - montaż końcowy,szt,construction,SILIKON_SANITARNY,Silikon sanitarny octowy Den Braven (310ml),szt,0.50,budget,0,Montaż końcowy rusztu odpływu liniowego zużywa ~0.5 kartusza silikonu sanitarnego na uszczelnienie kołnierza z płytką; wartość ekspercka.,Финишный монтаж решётки линейного трапа расходует ~0.5 картриджа санитарного силикона на уплотнение фланца с плиткой; экспертное значение.,expert,Praktyka wykonawcza (uszczelnienie kołnierza),https://www.den-braven.pl/silikon-sanitarny-500,założenie eksperckie ~0.5 szt/szt; SKU silikonu Den Braven
4.06,Odpływ liniowy - montaż końcowy,szt,construction,SILIKON_SANITARNY,Silikon sanitarny Soudal Silirub S (300ml),szt,0.50,"norm,lux",0,Wariant norm/lux; montaż końcowy odpływu liniowego zużywa ~0.5 kartusza silikonu Silirub S na uszczelnienie kołnierza; wartość ekspercka.,Вариант norm/lux; финишный монтаж линейного трапа расходует ~0.5 картриджа силикона Silirub S на уплотнение фланца; экспертное значение.,expert,Praktyka wykonawcza (uszczelnienie kołnierza),https://www.soudal.at/pro/produkte/dichtstoffe/silikon/silirub-s,założenie eksperckie ~0.5 szt/szt; SKU Soudal Silirub S
4.07,Przegroda szklana jednoskrzydłowa prysznicowa,szt,construction,SILIKON_SANITARNY,Silikon sanitarny octowy Den Braven (310ml),szt,0.70,budget,0,Montaż przegrody szklanej zużywa ~0.7 kartusza silikonu sanitarnego na uszczelnienie profili do ściany i brodzika; wartość ekspercka.,Монтаж стеклянной перегородки расходует ~0.7 картриджа санитарного силикона на уплотнение профилей к стене и поддону; экспертное значение.,expert,Praktyka wykonawcza (uszczelnienie profili),https://www.den-braven.pl/silikon-sanitarny-500,założenie eksperckie ~0.7 szt/szt; SKU silikonu Den Braven
4.07,Przegroda szklana jednoskrzydłowa prysznicowa,szt,construction,SILIKON_SANITARNY,Silikon sanitarny Soudal Silirub S (300ml),szt,0.70,"norm,lux",0,Wariant norm/lux; montaż przegrody szklanej zużywa ~0.7 kartusza silikonu Silirub S na uszczelnienie profili; wartość ekspercka.,Вариант norm/lux; монтаж стеклянной перегородки расходует ~0.7 картриджа силикона Silirub S на уплотнение профилей; экспертное значение.,expert,Praktyka wykonawcza (uszczelnienie profili),https://www.soudal.at/pro/produkte/dichtstoffe/silikon/silirub-s,założenie eksperckie ~0.7 szt/szt; SKU Soudal Silirub S
4.07,Przegroda szklana jednoskrzydłowa prysznicowa,szt,construction,KOLKI_SRUBY_MONTAZOWE,Zestaw montażowy kołki + śruby do ceramiki (kpl),szt,1.00,"budget,norm,lux",0,Profil ścienny przegrody mocowany ~1 zestawem kołków i śrub na komplet; wartość ekspercka.,Стеновой профиль перегородки крепится ~1 комплектом дюбелей и винтов на комплект; экспертное значение.,expert,Praktyka wykonawcza (mocowanie profilu),https://www.castorama.pl/produkty/instalacje/hydraulika,założenie eksperckie ~1 szt/szt; SKU zestawu montażowego
4.08,Wanna,szt,construction,SILIKON_SANITARNY,Silikon sanitarny octowy Den Braven (310ml),szt,1.00,budget,0,"Montaż wanny zużywa ~1 kartusz silikonu sanitarnego na fugę obwodową styku z płytką; wartość ekspercka, materiał zużywalny.","Монтаж ванны расходует ~1 картридж санитарного силикона на обводной шов примыкания к плитке; экспертное значение, расходный материал.",expert,Praktyka wykonawcza (uszczelnienie obwodu wanny),https://www.den-braven.pl/silikon-sanitarny-500,założenie eksperckie ~1 szt/szt; SKU silikonu Den Braven
4.08,Wanna,szt,construction,SILIKON_SANITARNY,Silikon sanitarny Soudal Silirub S (300ml),szt,1.00,"norm,lux",0,Wariant norm/lux; montaż wanny zużywa ~1 kartusz silikonu Silirub S na fugę obwodową; wartość ekspercka.,Вариант norm/lux; монтаж ванны расходует ~1 картридж силикона Silirub S на обводной шов; экспертное значение.,expert,Praktyka wykonawcza (uszczelnienie obwodu wanny),https://www.soudal.at/pro/produkte/dichtstoffe/silikon/silirub-s,założenie eksperckie ~1 szt/szt; SKU Soudal Silirub S
4.08,Wanna,szt,construction,KOLKI_SRUBY_MONTAZOWE,Zestaw montażowy kołki + śruby do ceramiki (kpl),szt,1.00,"budget,norm,lux",0,Stelaż/nóżki wanny stabilizowane ~1 zestawem kołków i śrub montażowych na komplet; wartość ekspercka.,Каркас/ножки ванны фиксируются ~1 комплектом монтажных дюбелей и винтов на комплект; экспертное значение.,expert,Praktyka wykonawcza (stabilizacja wanny),https://www.castorama.pl/produkty/instalacje/hydraulika,założenie eksperckie ~1 szt/szt; SKU zestawu montażowego
4.09,Parawan nawannowy,szt,construction,SILIKON_SANITARNY,Silikon sanitarny octowy Den Braven (310ml),szt,0.40,budget,0,Montaż parawanu nawannowego zużywa ~0.4 kartusza silikonu sanitarnego na uszczelnienie profilu ściennego i styku z wanną; wartość ekspercka.,Монтаж шторки на ванну расходует ~0.4 картриджа санитарного силикона на уплотнение стенового профиля и примыкания к ванне; экспертное значение.,expert,Praktyka wykonawcza (uszczelnienie profilu),https://www.den-braven.pl/silikon-sanitarny-500,założenie eksperckie ~0.4 szt/szt; SKU silikonu Den Braven
4.09,Parawan nawannowy,szt,construction,SILIKON_SANITARNY,Silikon sanitarny Soudal Silirub S (300ml),szt,0.40,"norm,lux",0,Wariant norm/lux; montaż parawanu nawannowego zużywa ~0.4 kartusza silikonu Silirub S na uszczelnienie profilu; wartość ekspercka.,Вариант norm/lux; монтаж шторки на ванну расходует ~0.4 картриджа силикона Silirub S на уплотнение профиля; экспертное значение.,expert,Praktyka wykonawcza (uszczelnienie profilu),https://www.soudal.at/pro/produkte/dichtstoffe/silikon/silirub-s,założenie eksperckie ~0.4 szt/szt; SKU Soudal Silirub S
4.09,Parawan nawannowy,szt,construction,KOLKI_SRUBY_MONTAZOWE,Zestaw montażowy kołki + śruby do ceramiki (kpl),szt,1.00,"budget,norm,lux",0,Profil ścienny parawanu mocowany ~1 zestawem kołków i śrub na komplet; wartość ekspercka.,Стеновой профиль шторки крепится ~1 комплектом дюбелей и винтов на комплект; экспертное значение.,expert,Praktyka wykonawcza (mocowanie profilu),https://www.castorama.pl/produkty/instalacje/hydraulika,założenie eksperckie ~1 szt/szt; SKU zestawu montażowego
4.10,Brodzik prysznicowy,szt,construction,SILIKON_SANITARNY,Silikon sanitarny octowy Den Braven (310ml),szt,0.80,budget,0,Montaż brodzika zużywa ~0.8 kartusza silikonu sanitarnego na fugę obwodową styku z płytką; wartość ekspercka.,Монтаж душевого поддона расходует ~0.8 картриджа санитарного силикона на обводной шов примыкания к плитке; экспертное значение.,expert,Praktyka wykonawcza (uszczelnienie obwodu brodzika),https://www.den-braven.pl/silikon-sanitarny-500,założenie eksperckie ~0.8 szt/szt; SKU silikonu Den Braven
4.10,Brodzik prysznicowy,szt,construction,SILIKON_SANITARNY,Silikon sanitarny Soudal Silirub S (300ml),szt,0.80,"norm,lux",0,Wariant norm/lux; montaż brodzika zużywa ~0.8 kartusza silikonu Silirub S na fugę obwodową; wartość ekspercka.,Вариант norm/lux; монтаж поддона расходует ~0.8 картриджа силикона Silirub S на обводной шов; экспертное значение.,expert,Praktyka wykonawcza (uszczelnienie obwodu brodzika),https://www.soudal.at/pro/produkte/dichtstoffe/silikon/silirub-s,założenie eksperckie ~0.8 szt/szt; SKU Soudal Silirub S
4.10,Brodzik prysznicowy,szt,construction,USZCZELKI,Uszczelka gumowa/zestaw uszczelek do przyłączy,szt,1.00,"budget,norm,lux",0,"Podłączenie syfonu brodzika zużywa ~1 uszczelkę na komplet; wartość ekspercka, materiał zużywalny.","Подключение сифона поддона расходует ~1 прокладку на комплект; экспертное значение, расходный материал.",expert,Praktyka wykonawcza (uszczelnienie syfonu),https://www.tycner.com.pl/pl/c/Uszczelki/56,założenie eksperckie ~1 szt/szt; SKU uszczelki Tycner
4.11,Drzwiczki systemowe prysznicowe,szt,construction,SILIKON_SANITARNY,Silikon sanitarny octowy Den Braven (310ml),szt,0.60,budget,0,Montaż drzwiczek systemowych prysznicowych zużywa ~0.6 kartusza silikonu sanitarnego na uszczelnienie profili do ściany i brodzika; wartość ekspercka.,Монтаж системных душевых дверей расходует ~0.6 картриджа санитарного силикона на уплотнение профилей к стене и поддону; экспертное значение.,expert,Praktyka wykonawcza (uszczelnienie profili),https://www.den-braven.pl/silikon-sanitarny-500,założenie eksperckie ~0.6 szt/szt; SKU silikonu Den Braven
4.11,Drzwiczki systemowe prysznicowe,szt,construction,SILIKON_SANITARNY,Silikon sanitarny Soudal Silirub S (300ml),szt,0.60,"norm,lux",0,Wariant norm/lux; montaż drzwiczek prysznicowych zużywa ~0.6 kartusza silikonu Silirub S na uszczelnienie profili; wartość ekspercka.,Вариант norm/lux; монтаж душевых дверей расходует ~0.6 картриджа силикона Silirub S на уплотнение профилей; экспертное значение.,expert,Praktyka wykonawcza (uszczelnienie profili),https://www.soudal.at/pro/produkte/dichtstoffe/silikon/silirub-s,założenie eksperckie ~0.6 szt/szt; SKU Soudal Silirub S
4.11,Drzwiczki systemowe prysznicowe,szt,construction,KOLKI_SRUBY_MONTAZOWE,Zestaw montażowy kołki + śruby do ceramiki (kpl),szt,1.00,"budget,norm,lux",0,Profile ścienne drzwiczek mocowane ~1 zestawem kołków i śrub na komplet; wartość ekspercka.,Стеновые профили дверей крепятся ~1 комплектом дюбелей и винтов на комплект; экспертное значение.,expert,Praktyka wykonawcza (mocowanie profili),https://www.castorama.pl/produkty/instalacje/hydraulika,założenie eksperckie ~1 szt/szt; SKU zestawu montażowego
4.12,Umywalka nablatowa,szt,construction,SILIKON_SANITARNY,Silikon sanitarny octowy Den Braven (310ml),szt,0.30,budget,0,Montaż umywalki nablatowej zużywa ~0.3 kartusza silikonu sanitarnego na uszczelnienie styku misy z blatem; wartość ekspercka.,Монтаж накладного умывальника расходует ~0.3 картриджа санитарного силикона на уплотнение примыкания чаши к столешнице; экспертное значение.,expert,Praktyka wykonawcza (uszczelnienie styku),https://www.den-braven.pl/silikon-sanitarny-500,założenie eksperckie ~0.3 szt/szt; SKU silikonu Den Braven
4.12,Umywalka nablatowa,szt,construction,SILIKON_SANITARNY,Silikon sanitarny Soudal Silirub S (300ml),szt,0.30,"norm,lux",0,Wariant norm/lux; montaż umywalki nablatowej zużywa ~0.3 kartusza silikonu Silirub S na uszczelnienie styku z blatem; wartość ekspercka.,Вариант norm/lux; монтаж накладного умывальника расходует ~0.3 картриджа силикона Silirub S на уплотнение примыкания к столешнице; экспертное значение.,expert,Praktyka wykonawcza (uszczelnienie styku),https://www.soudal.at/pro/produkte/dichtstoffe/silikon/silirub-s,założenie eksperckie ~0.3 szt/szt; SKU Soudal Silirub S
4.12,Umywalka nablatowa,szt,construction,USZCZELKI,Uszczelka gumowa/zestaw uszczelek do przyłączy,szt,1.00,"budget,norm,lux",0,Podłączenie syfonu i korka umywalki nablatowej zużywa ~1 uszczelkę na komplet; wartość ekspercka.,Подключение сифона и донного клапана накладного умывальника расходует ~1 прокладку на комплект; экспертное значение.,expert,Praktyka wykonawcza (uszczelnienie syfonu),https://www.tycner.com.pl/pl/c/Uszczelki/56,założenie eksperckie ~1 szt/szt; SKU uszczelki Tycner
4.13,Umywalka podblatowa (bez otworowania),szt,construction,KLEJ_MONTAZOWY,Klej montażowy hybrydowy Tytan FIX2 GT (290ml),szt,0.30,"norm,lux",0,Montaż umywalki podblatowej zużywa ~0.3 kartusza kleju montażowego hybrydowego do przyklejenia misy do spodu blatu; wartość ekspercka.,Монтаж подстольного умывальника расходует ~0.3 картриджа гибридного монтажного клея для приклеивания чаши к нижней стороне столешницы; экспертное значение.,expert,Praktyka wykonawcza (klejenie misy do blatu),https://tytan.com/pl/materialy-wideo/klej-montazowy-tytan-professional-fix2-gt-sila-szybkosc/,założenie eksperckie ~0.3 szt/szt; SKU kleju Tytan FIX2 GT
4.13,Umywalka podblatowa (bez otworowania),szt,construction,SILIKON_SANITARNY,Silikon sanitarny octowy Den Braven (310ml),szt,0.30,budget,0,Wariant budżet (fallback); montaż umywalki podblatowej zużywa ~0.3 kartusza silikonu sanitarnego do klejenia/uszczelnienia styku z blatem; wartość ekspercka.,Вариант бюджет (fallback); монтаж подстольного умывальника расходует ~0.3 картриджа санитарного силикона для приклеивания/уплотнения примыкания к столешнице; экспертное значение.,expert,Praktyka wykonawcza (klejenie/uszczelnienie styku),https://www.den-braven.pl/silikon-sanitarny-500,założenie eksperckie ~0.3 szt/szt; SKU silikonu Den Braven
4.13,Umywalka podblatowa (bez otworowania),szt,construction,USZCZELKI,Uszczelka gumowa/zestaw uszczelek do przyłączy,szt,1.00,"budget,norm,lux",0,Podłączenie syfonu umywalki podblatowej zużywa ~1 uszczelkę na komplet; wartość ekspercka.,Подключение сифона подстольного умывальника расходует ~1 прокладку на комплект; экспертное значение.,expert,Praktyka wykonawcza (uszczelnienie syfonu),https://www.tycner.com.pl/pl/c/Uszczelki/56,założenie eksperckie ~1 szt/szt; SKU uszczelki Tycner
4.14,Syfon,szt,construction,USZCZELKI,Uszczelka gumowa/zestaw uszczelek do przyłączy,szt,2.00,"budget,norm,lux",0,"Montaż syfonu zużywa ~2 uszczelki na komplet (przyłącze do odpływu + do korka/misy); wartość ekspercka, materiał zużywalny.","Монтаж сифона расходует ~2 прокладки на комплект (подключение к сливу + к клапану/чаше); экспертное значение, расходный материал.",expert,Praktyka wykonawcza (uszczelnienie syfonu),https://www.tycner.com.pl/pl/c/Uszczelki/56,założenie eksperckie ~2 szt/szt; SKU uszczelki Tycner
4.14,Syfon,szt,construction,TASMA_TEFLONOWA,Taśma teflonowa uszczelniająca 12mm x 12m,szt,0.10,"budget,norm",0,Montaż syfonu z połączeniem gwintowanym zużywa ~0.1 rolki taśmy teflonowej na uszczelnienie gwintu; wartość ekspercka.,Монтаж сифона с резьбовым соединением расходует ~0.1 рулона тефлоновой ленты на уплотнение резьбы; экспертное значение.,expert,Praktyka wykonawcza (uszczelnienie gwintu),https://fachowiec.com/sklep/products/9309702_tasma_teflonowa_12m_x_12mm_x_0.1mm_miditape,założenie eksperckie ~0.1 rolki/szt; SKU taśmy teflonowej 12mm
4.14,Syfon,szt,construction,TASMA_TEFLONOWA,Taśma teflonowa gruba do gwintów 19mm x 15m,szt,0.10,lux,0,Wariant lux; montaż syfonu zużywa ~0.1 rolki grubej taśmy teflonowej na uszczelnienie gwintu; wartość ekspercka.,Вариант lux; монтаж сифона расходует ~0.1 рулона толстой тефлоновой ленты на уплотнение резьбы; экспертное значение.,expert,Praktyka wykonawcza (uszczelnienie gwintu),https://www.leroymerlin.pl/hydraulika/uszczelnienia-hydrauliczne,założenie eksperckie ~0.1 rolki/szt; SKU taśmy grubej
4.15,Bateria stojąca umywalkowa,szt,construction,TASMA_TEFLONOWA,Taśma teflonowa uszczelniająca 12mm x 12m,szt,0.10,"budget,norm",0,Montaż baterii stojącej umywalkowej zużywa ~0.1 rolki taśmy teflonowej na uszczelnienie gwintów przyłączy; wartość ekspercka.,Монтаж умывальникового смесителя на стойке расходует ~0.1 рулона тефлоновой ленты на уплотнение резьб подключений; экспертное значение.,expert,Praktyka wykonawcza (uszczelnienie gwintów),https://fachowiec.com/sklep/products/9309702_tasma_teflonowa_12m_x_12mm_x_0.1mm_miditape,założenie eksperckie ~0.1 rolki/szt; SKU taśmy teflonowej 12mm
4.15,Bateria stojąca umywalkowa,szt,construction,TASMA_TEFLONOWA,Taśma teflonowa gruba do gwintów 19mm x 15m,szt,0.10,lux,0,Wariant lux; montaż baterii stojącej umywalkowej zużywa ~0.1 rolki grubej taśmy teflonowej na uszczelnienie gwintów; wartość ekspercka.,Вариант lux; монтаж умывальникового смесителя расходует ~0.1 рулона толстой тефлоновой ленты на уплотнение резьб; экспертное значение.,expert,Praktyka wykonawcza (uszczelnienie gwintów),https://www.leroymerlin.pl/hydraulika/uszczelnienia-hydrauliczne,założenie eksperckie ~0.1 rolki/szt; SKU taśmy grubej
4.15,Bateria stojąca umywalkowa,szt,construction,WEZYK_PRZYLACZENIOWY,Wężyk przyłączeniowy w oplocie 1/2 x 3/8 (50cm),szt,2.00,budget,0,"Montaż baterii stojącej zużywa ~2 wężyki przyłączeniowe na komplet (woda ciepła i zimna); wartość ekspercka, materiał zużywalny.","Монтаж смесителя на стойке расходует ~2 гибкие подводки на комплект (горячая и холодная вода); экспертное значение, расходный материал.",expert,Praktyka wykonawcza (podłączenie baterii),https://www.tycner.com.pl/pl/c/Wezyki-w-oplocie/40,założenie eksperckie ~2 szt/szt; SKU wężyka Tycner 1/2 x 3/8
4.15,Bateria stojąca umywalkowa,szt,construction,WEZYK_PRZYLACZENIOWY,Wężyk przyłączeniowy w oplocie inox 1/2 x 3/8 (50cm),szt,2.00,"norm,lux",0,Wariant norm/lux; montaż baterii stojącej zużywa ~2 wężyki w oplocie inox na komplet (woda ciepła i zimna); wartość ekspercka.,Вариант norm/lux; монтаж смесителя на стойке расходует ~2 подводки в оплётке inox на комплект (горячая и холодная вода); экспертное значение.,expert,Praktyka wykonawcza (podłączenie baterii),https://www.leroymerlin.pl/hydraulika/przewody-i-weze-przylaczeniowe,założenie eksperckie ~2 szt/szt; SKU wężyka inox Kan
4.16,Bateria umywalkowa/bidet podtynkowa dwupunktowy - montaż końcowy,szt,construction,TASMA_TEFLONOWA,Taśma teflonowa uszczelniająca 12mm x 12m,szt,0.10,"budget,norm",0,Montaż końcowy baterii podtynkowej dwupunktowej zużywa ~0.1 rolki taśmy teflonowej na uszczelnienie gwintów wylewki/przyłączy; wartość ekspercka.,Финишный монтаж двухточечного скрытого смесителя расходует ~0.1 рулона тефлоновой ленты на уплотнение резьб излива/подключений; экспертное значение.,expert,Praktyka wykonawcza (uszczelnienie gwintów),https://fachowiec.com/sklep/products/9309702_tasma_teflonowa_12m_x_12mm_x_0.1mm_miditape,założenie eksperckie ~0.1 rolki/szt; SKU taśmy teflonowej 12mm
4.16,Bateria umywalkowa/bidet podtynkowa dwupunktowy - montaż końcowy,szt,construction,TASMA_TEFLONOWA,Taśma teflonowa gruba do gwintów 19mm x 15m,szt,0.10,lux,0,Wariant lux; montaż końcowy baterii podtynkowej dwupunktowej zużywa ~0.1 rolki grubej taśmy teflonowej na uszczelnienie gwintów; wartość ekspercka.,Вариант lux; финишный монтаж двухточечного скрытого смесителя расходует ~0.1 рулона толстой тефлоновой ленты на уплотнение резьб; экспертное значение.,expert,Praktyka wykonawcza (uszczelnienie gwintów),https://www.leroymerlin.pl/hydraulika/uszczelnienia-hydrauliczne,założenie eksperckie ~0.1 rolki/szt; SKU taśmy grubej
4.16,Bateria umywalkowa/bidet podtynkowa dwupunktowy - montaż końcowy,szt,construction,SILIKON_SANITARNY,Silikon sanitarny octowy Den Braven (310ml),szt,0.20,budget,0,Montaż końcowy elementów zewnętrznych baterii podtynkowej zużywa ~0.2 kartusza silikonu sanitarnego na uszczelnienie rozet z płytką; wartość ekspercka.,Финишный монтаж наружных элементов скрытого смесителя расходует ~0.2 картриджа санитарного силикона на уплотнение розеток с плиткой; экспертное значение.,expert,Praktyka wykonawcza (uszczelnienie rozet),https://www.den-braven.pl/silikon-sanitarny-500,założenie eksperckie ~0.2 szt/szt; SKU silikonu Den Braven
4.16,Bateria umywalkowa/bidet podtynkowa dwupunktowy - montaż końcowy,szt,construction,SILIKON_SANITARNY,Silikon sanitarny Soudal Silirub S (300ml),szt,0.20,"norm,lux",0,Wariant norm/lux; montaż końcowy baterii podtynkowej zużywa ~0.2 kartusza silikonu Silirub S na uszczelnienie rozet; wartość ekspercka.,Вариант norm/lux; финишный монтаж скрытого смесителя расходует ~0.2 картриджа силикона Silirub S на уплотнение розеток; экспертное значение.,expert,Praktyka wykonawcza (uszczelnienie rozet),https://www.soudal.at/pro/produkte/dichtstoffe/silikon/silirub-s,założenie eksperckie ~0.2 szt/szt; SKU Soudal Silirub S
4.17,Bateria stojąca wannowa,szt,construction,TASMA_TEFLONOWA,Taśma teflonowa uszczelniająca 12mm x 12m,szt,0.10,"budget,norm",0,Montaż baterii stojącej wannowej zużywa ~0.1 rolki taśmy teflonowej na uszczelnienie gwintów przyłączy; wartość ekspercka.,Монтаж смесителя на ванну (на стойке) расходует ~0.1 рулона тефлоновой ленты на уплотнение резьб подключений; экспертное значение.,expert,Praktyka wykonawcza (uszczelnienie gwintów),https://fachowiec.com/sklep/products/9309702_tasma_teflonowa_12m_x_12mm_x_0.1mm_miditape,założenie eksperckie ~0.1 rolki/szt; SKU taśmy teflonowej 12mm
4.17,Bateria stojąca wannowa,szt,construction,TASMA_TEFLONOWA,Taśma teflonowa gruba do gwintów 19mm x 15m,szt,0.10,lux,0,Wariant lux; montaż baterii stojącej wannowej zużywa ~0.1 rolki grubej taśmy teflonowej na uszczelnienie gwintów; wartość ekspercka.,Вариант lux; монтаж смесителя на ванну расходует ~0.1 рулона толстой тефлоновой ленты на уплотнение резьб; экспертное значение.,expert,Praktyka wykonawcza (uszczelnienie gwintów),https://www.leroymerlin.pl/hydraulika/uszczelnienia-hydrauliczne,założenie eksperckie ~0.1 rolki/szt; SKU taśmy grubej
4.17,Bateria stojąca wannowa,szt,construction,USZCZELKI,Uszczelka gumowa/zestaw uszczelek do przyłączy,szt,2.00,"budget,norm,lux",0,Podłączenie baterii stojącej wannowej zużywa ~2 uszczelki na komplet (przyłącza ciepła/zimna); wartość ekspercka.,Подключение смесителя на ванну расходует ~2 прокладки на комплект (горячая/холодная); экспертное значение.,expert,Praktyka wykonawcza (uszczelnienie przyłączy),https://www.tycner.com.pl/pl/c/Uszczelki/56,założenie eksperckie ~2 szt/szt; SKU uszczelki Tycner
4.18,Bateria natynkowa prysznicowa,szt,construction,TASMA_TEFLONOWA,Taśma teflonowa uszczelniająca 12mm x 12m,szt,0.10,"budget,norm",0,Montaż baterii natynkowej prysznicowej zużywa ~0.1 rolki taśmy teflonowej na uszczelnienie gwintów mimośrodów/przyłączy; wartość ekspercka.,Монтаж наружного душевого смесителя расходует ~0.1 рулона тефлоновой ленты на уплотнение резьб эксцентриков/подключений; экспертное значение.,expert,Praktyka wykonawcza (uszczelnienie gwintów),https://fachowiec.com/sklep/products/9309702_tasma_teflonowa_12m_x_12mm_x_0.1mm_miditape,założenie eksperckie ~0.1 rolki/szt; SKU taśmy teflonowej 12mm
4.18,Bateria natynkowa prysznicowa,szt,construction,TASMA_TEFLONOWA,Taśma teflonowa gruba do gwintów 19mm x 15m,szt,0.10,lux,0,Wariant lux; montaż baterii natynkowej prysznicowej zużywa ~0.1 rolki grubej taśmy teflonowej na uszczelnienie gwintów; wartość ekspercka.,Вариант lux; монтаж наружного душевого смесителя расходует ~0.1 рулона толстой тефлоновой ленты на уплотнение резьб; экспертное значение.,expert,Praktyka wykonawcza (uszczelnienie gwintów),https://www.leroymerlin.pl/hydraulika/uszczelnienia-hydrauliczne,założenie eksperckie ~0.1 rolki/szt; SKU taśmy grubej
4.18,Bateria natynkowa prysznicowa,szt,construction,USZCZELKI,Uszczelka gumowa/zestaw uszczelek do przyłączy,szt,2.00,"budget,norm,lux",0,Podłączenie baterii natynkowej prysznicowej zużywa ~2 uszczelki na komplet (mimośrody ciepła/zimna); wartość ekspercka.,Подключение наружного душевого смесителя расходует ~2 прокладки на комплект (эксцентрики горячая/холодная); экспертное значение.,expert,Praktyka wykonawcza (uszczelnienie mimośrodów),https://www.tycner.com.pl/pl/c/Uszczelki/56,założenie eksperckie ~2 szt/szt; SKU uszczelki Tycner
4.19,"Bateria prysznicowa podtynkowa - montaż końcowy (kpl deszczownica, słuchawka, sterownik)",kpl,construction,TASMA_TEFLONOWA,Taśma teflonowa uszczelniająca 12mm x 12m,szt,0.20,"budget,norm",0,Montaż końcowy zestawu podtynkowego (deszczownica + słuchawka + sterownik) zużywa ~0.2 rolki taśmy teflonowej na uszczelnienie gwintów ramion/przyłączy na komplet; wartość ekspercka.,Финишный монтаж скрытого комплекта (тропический душ + лейка + вентиль) расходует ~0.2 рулона тефлоновой ленты на уплотнение резьб кронштейнов/подключений на комплект; экспертное значение.,expert,Praktyka wykonawcza (uszczelnienie gwintów),https://fachowiec.com/sklep/products/9309702_tasma_teflonowa_12m_x_12mm_x_0.1mm_miditape,założenie eksperckie ~0.2 rolki/kpl; SKU taśmy teflonowej 12mm
4.19,"Bateria prysznicowa podtynkowa - montaż końcowy (kpl deszczownica, słuchawka, sterownik)",kpl,construction,TASMA_TEFLONOWA,Taśma teflonowa gruba do gwintów 19mm x 15m,szt,0.20,lux,0,Wariant lux; montaż końcowy zestawu podtynkowego zużywa ~0.2 rolki grubej taśmy teflonowej na uszczelnienie gwintów na komplet; wartość ekspercka.,Вариант lux; финишный монтаж скрытого комплекта расходует ~0.2 рулона толстой тефлоновой ленты на уплотнение резьб на комплект; экспертное значение.,expert,Praktyka wykonawcza (uszczelnienie gwintów),https://www.leroymerlin.pl/hydraulika/uszczelnienia-hydrauliczne,założenie eksperckie ~0.2 rolki/kpl; SKU taśmy grubej
4.19,"Bateria prysznicowa podtynkowa - montaż końcowy (kpl deszczownica, słuchawka, sterownik)",kpl,construction,SILIKON_SANITARNY,Silikon sanitarny octowy Den Braven (310ml),szt,0.30,budget,0,Montaż końcowy zestawu podtynkowego zużywa ~0.3 kartusza silikonu sanitarnego na uszczelnienie rozet deszczownicy/sterownika z płytką na komplet; wartość ekspercka.,Финишный монтаж скрытого комплекта расходует ~0.3 картриджа санитарного силикона на уплотнение розеток верхнего душа/вентиля с плиткой на комплект; экспертное значение.,expert,Praktyka wykonawcza (uszczelnienie rozet),https://www.den-braven.pl/silikon-sanitarny-500,założenie eksperckie ~0.3 szt/kpl; SKU silikonu Den Braven
4.19,"Bateria prysznicowa podtynkowa - montaż końcowy (kpl deszczownica, słuchawka, sterownik)",kpl,construction,SILIKON_SANITARNY,Silikon sanitarny Soudal Silirub S (300ml),szt,0.30,"norm,lux",0,Wariant norm/lux; montaż końcowy zestawu podtynkowego zużywa ~0.3 kartusza silikonu Silirub S na uszczelnienie rozet na komplet; wartość ekspercka.,Вариант norm/lux; финишный монтаж скрытого комплекта расходует ~0.3 картриджа силикона Silirub S на уплотнение розеток на комплект; экспертное значение.,expert,Praktyka wykonawcza (uszczelnienie rozet),https://www.soudal.at/pro/produkte/dichtstoffe/silikon/silirub-s,założenie eksperckie ~0.3 szt/kpl; SKU Soudal Silirub S
4.20,Drążek (uchwyt) natryskowy z deszczownicą,szt,construction,KOLKI_SRUBY_MONTAZOWE,Zestaw montażowy kołki + śruby do ceramiki (kpl),szt,1.00,"budget,norm,lux",0,Montaż drążka natryskowego z deszczownicą do ściany zużywa ~1 zestaw kołków i śrub na komplet (2 uchwyty); wartość ekspercka.,Монтаж штанги душа с верхним душем к стене расходует ~1 комплект дюбелей и винтов на комплект (2 держателя); экспертное значение.,expert,Praktyka wykonawcza (mocowanie drążka),https://www.castorama.pl/produkty/instalacje/hydraulika,założenie eksperckie ~1 szt/szt; SKU zestawu montażowego
4.20,Drążek (uchwyt) natryskowy z deszczownicą,szt,construction,TASMA_TEFLONOWA,Taśma teflonowa uszczelniająca 12mm x 12m,szt,0.05,"budget,norm",0,Montaż drążka natryskowego z podłączeniem węża zużywa ~0.05 rolki taśmy teflonowej na uszczelnienie gwintu przyłącza; wartość ekspercka.,Монтаж штанги душа с подключением шланга расходует ~0.05 рулона тефлоновой ленты на уплотнение резьбы подключения; экспертное значение.,expert,Praktyka wykonawcza (uszczelnienie gwintu),https://fachowiec.com/sklep/products/9309702_tasma_teflonowa_12m_x_12mm_x_0.1mm_miditape,założenie eksperckie ~0.05 rolki/szt; SKU taśmy teflonowej 12mm
4.20,Drążek (uchwyt) natryskowy z deszczownicą,szt,construction,TASMA_TEFLONOWA,Taśma teflonowa gruba do gwintów 19mm x 15m,szt,0.05,lux,0,Wariant lux; montaż drążka natryskowego zużywa ~0.05 rolki grubej taśmy teflonowej na uszczelnienie gwintu przyłącza; wartość ekspercka.,Вариант lux; монтаж штанги душа расходует ~0.05 рулона толстой тефлоновой ленты на уплотнение резьбы подключения; экспертное значение.,expert,Praktyka wykonawcza (uszczelnienie gwintu),https://www.leroymerlin.pl/hydraulika/uszczelnienia-hydrauliczne,założenie eksperckie ~0.05 rolki/szt; SKU taśmy grubej
4.21,"Istniejący grzejnik łazienkowy (demontaż, zabezpieczenie, montaż)",szt,construction,PAKULY_PASTA,Pakuły lniane z pastą uszczelniającą (zestaw),szt,0.10,"norm,lux",0,Ponowny montaż istniejącego grzejnika łazienkowego zużywa ~0.1 zestawu pakuł z pastą na uszczelnienie gwintów przyłączy; wartość ekspercka.,Повторный монтаж существующего полотенцесушителя расходует ~0.1 набора льна с пастой на уплотнение резьб подключений; экспертное значение.,expert,Praktyka wykonawcza (uszczelnienie gwintów grzejnika),https://www.tycner.com.pl/pl/c/Uszczelnienia/54,założenie eksperckie ~0.1 zestawu/szt; SKU pakuł z pastą Tycner
4.21,"Istniejący grzejnik łazienkowy (demontaż, zabezpieczenie, montaż)",szt,construction,TASMA_TEFLONOWA,Taśma teflonowa uszczelniająca 12mm x 12m,szt,0.15,budget,0,Wariant budżet; ponowny montaż istniejącego grzejnika łazienkowego zużywa ~0.15 rolki taśmy teflonowej na uszczelnienie gwintów przyłączy; wartość ekspercka.,Вариант бюджет; повторный монтаж существующего полотенцесушителя расходует ~0.15 рулона тефлоновой ленты на уплотнение резьб подключений; экспертное значение.,expert,Praktyka wykonawcza (uszczelnienie gwintów grzejnika),https://fachowiec.com/sklep/products/9309702_tasma_teflonowa_12m_x_12mm_x_0.1mm_miditape,założenie eksperckie ~0.15 rolki/szt; SKU taśmy teflonowej 12mm
4.22,"Istniejący grzejnik pokojowy (demontaż, zabezpieczenie, montaż)",szt,construction,PAKULY_PASTA,Pakuły lniane z pastą uszczelniającą (zestaw),szt,0.10,"norm,lux",0,Ponowny montaż istniejącego grzejnika pokojowego zużywa ~0.1 zestawu pakuł z pastą na uszczelnienie gwintów przyłączy; wartość ekspercka.,Повторный монтаж существующего комнатного радиатора расходует ~0.1 набора льна с пастой на уплотнение резьб подключений; экспертное значение.,expert,Praktyka wykonawcza (uszczelnienie gwintów grzejnika),https://www.tycner.com.pl/pl/c/Uszczelnienia/54,założenie eksperckie ~0.1 zestawu/szt; SKU pakuł z pastą Tycner
4.22,"Istniejący grzejnik pokojowy (demontaż, zabezpieczenie, montaż)",szt,construction,TASMA_TEFLONOWA,Taśma teflonowa uszczelniająca 12mm x 12m,szt,0.15,budget,0,Wariant budżet; ponowny montaż istniejącego grzejnika pokojowego zużywa ~0.15 rolki taśmy teflonowej na uszczelnienie gwintów przyłączy; wartość ekspercka.,Вариант бюджет; повторный монтаж существующего комнатного радиатора расходует ~0.15 рулона тефлоновой ленты на уплотнение резьб подключений; экспертное значение.,expert,Praktyka wykonawcza (uszczelnienie gwintów grzejnika),https://fachowiec.com/sklep/products/9309702_tasma_teflonowa_12m_x_12mm_x_0.1mm_miditape,założenie eksperckie ~0.15 rolki/szt; SKU taśmy teflonowej 12mm
4.23,Nowy grzejnik - podłączenia i instalacja,szt,construction,ZAWOR_KATOWY,Zawór kątowy 1/2 x 3/8 z filtrem,szt,2.00,budget,0,"Instalacja nowego grzejnika zużywa ~2 zawory (zasilanie + powrót) na komplet do podłączenia; wartość ekspercka, standard biały montaż grzejnika.","Установка нового радиатора расходует ~2 вентиля (подача + обратка) на комплект для подключения; экспертное значение, стандарт монтажа радиатора.",expert,Praktyka wykonawcza (podłączenie grzejnika),https://www.tycner.com.pl/pl/c/Zawory-katowe/38,założenie eksperckie ~2 szt/szt; SKU zaworu Tycner 1/2 x 3/8
4.23,Nowy grzejnik - podłączenia i instalacja,szt,construction,ZAWOR_KATOWY,Zawór kątowy 1/2 x 3/8 chromowany,szt,2.00,"norm,lux",0,Wariant norm/lux; instalacja nowego grzejnika zużywa ~2 zawory chromowane (zasilanie + powrót) na komplet; wartość ekspercka.,Вариант norm/lux; установка нового радиатора расходует ~2 хромированных вентиля (подача + обратка) на комплект; экспертное значение.,expert,Praktyka wykonawcza (podłączenie grzejnika),https://www.leroymerlin.pl/hydraulika/zawory-i-glowice,założenie eksperckie ~2 szt/szt; SKU zaworu chromowanego Kan
4.23,Nowy grzejnik - podłączenia i instalacja,szt,construction,PAKULY_PASTA,Pakuły lniane z pastą uszczelniającą (zestaw),szt,0.15,"norm,lux",0,Instalacja nowego grzejnika zużywa ~0.15 zestawu pakuł z pastą na uszczelnienie gwintów przyłączy i zaworów; wartość ekspercka.,Установка нового радиатора расходует ~0.15 набора льна с пастой на уплотнение резьб подключений и вентилей; экспертное значение.,expert,Praktyka wykonawcza (uszczelnienie gwintów grzejnika),https://www.tycner.com.pl/pl/c/Uszczelnienia/54,założenie eksperckie ~0.15 zestawu/szt; SKU pakuł z pastą Tycner
4.23,Nowy grzejnik - podłączenia i instalacja,szt,construction,TASMA_TEFLONOWA,Taśma teflonowa uszczelniająca 12mm x 12m,szt,0.20,budget,0,Wariant budżet; instalacja nowego grzejnika zużywa ~0.2 rolki taśmy teflonowej na uszczelnienie gwintów przyłączy i zaworów; wartość ekspercka.,Вариант бюджет; установка нового радиатора расходует ~0.2 рулона тефлоновой ленты на уплотнение резьб подключений и вентилей; экспертное значение.,expert,Praktyka wykonawcza (uszczelnienie gwintów grzejnika),https://fachowiec.com/sklep/products/9309702_tasma_teflonowa_12m_x_12mm_x_0.1mm_miditape,założenie eksperckie ~0.2 rolki/szt; SKU taśmy teflonowej 12mm
4.23,Nowy grzejnik - podłączenia i instalacja,szt,construction,KOLKI_SRUBY_MONTAZOWE,Zestaw montażowy kołki + śruby do ceramiki (kpl),szt,1.00,"budget,norm,lux",0,Nowy grzejnik mocowany do ściany ~1 zestawem kołków i śrub (wsporniki) na komplet; wartość ekspercka.,Новый радиатор крепится к стене ~1 комплектом дюбелей и винтов (кронштейны) на комплект; экспертное значение.,expert,Praktyka wykonawcza (mocowanie grzejnika),https://www.castorama.pl/produkty/instalacje/hydraulika,założenie eksperckie ~1 szt/szt; SKU zestawu montażowego
4.24,Instalacja przycisku pneumatycznego wc,szt,construction,USZCZELKI,Uszczelka gumowa/zestaw uszczelek do przyłączy,szt,1.00,"budget,norm,lux",0,Instalacja przycisku pneumatycznego WC zużywa ~1 uszczelkę/element pasujący na komplet do połączenia węża pneumatycznego z zaworem; wartość ekspercka.,Установка пневматической кнопки WC расходует ~1 прокладку/подгоночный элемент на комплект для соединения пневмошланга с клапаном; экспертное значение.,expert,Praktyka wykonawcza (montaż przycisku pneumatycznego),https://www.tycner.com.pl/pl/c/Uszczelki/56,założenie eksperckie ~1 szt/szt; SKU uszczelki Tycner
5.01,"Relokacja skrzynki TS (demontaż starej, wnęka, montaż nowej)",kpl,construction,GIPS_SZYBKOWIAZACY,Gips szybkowiążący do osadzeń 5kg,kg,1.50,"budget,norm,lux",0,Relokacja skrzynki wymaga wykucia nowej wnęki i osadzenia obudowy - ~1.5 kg gipsu szybkowiążącego na komplet do zamocowania i zatynkowania krawędzi (założenie eksperckie).,Релокация щитка требует выборки новой ниши и посадки корпуса - ~1.5 кг быстротвердеющего гипса на комплект для фиксации и заделки кромок (экспертное допущение).,expert,Zalozenie eksperckie (brak normy Excel/KNR dla relokacji skrzynki),,zalozenie eksperckie ~1.5 kg/kpl; osadzenie skrzynki TS we wnece
5.02,Relokacja skrzynki TS (przełączanie),kpl,construction,KABEL_ELEKTRYCZNY,Przewód YDYp 3x2.5 750V,mb,2.00,"budget,norm,lux",0,Przełączanie skrzynki bez nowej wnęki - zużywa ~2 mb przewodu YDYp 3x2.5 na przedłużenie/przepięcie obwodów zasilających (założenie eksperckie).,Перекоммутация щитка без новой ниши - расходует ~2 пм кабеля YDYp 3x2.5 на удлинение/перекоммутацию питающих цепей (экспертное допущение).,expert,Zalozenie eksperckie (brak normy Excel/KNR),,zalozenie eksperckie ~2 mb/kpl przewodu na przepiecia
5.03,Kanał podtynkowy kablowy w ścianie z bloczków,mb,construction,KABEL_ELEKTRYCZNY,Przewód YDYp 3x1.5 750V,mb,1.00,budget,0,"Kanał kablowy prowadzi 1 mb przewodu na 1 mb trasy; YDYp 3x1.5 do obwodów oświetlenia w ścianie z bloczków, wariant budżetowy.","Кабельный канал ведёт 1 пм провода на 1 пм трассы; YDYp 3x1.5 для цепей освещения в стене из блоков, бюджетный вариант.",retail,YDYp 450/750V — karta katalogowa (Elektrokabel),https://www.aks-zielonka.pl/ydyp-450-750v/,"karta YDYp 3x1.5, przelicznik 1 mb kabla / 1 mb kanalu"
5.03,Kanał podtynkowy kablowy w ścianie z bloczków,mb,construction,KABEL_ELEKTRYCZNY,Przewód YDYp 3x2.5 750V,mb,1.00,"norm,lux",0,Wariant norm/lux; kanał w bloczkach prowadzi 1 mb przewodu YDYp 3x2.5 na 1 mb trasy dla obwodów gniazd o większym przekroju.,Вариант norm/lux; канал в блоках ведёт 1 пм кабеля YDYp 3x2.5 на 1 пм трассы для цепей розеток с большим сечением.,retail,YDYp 450/750V — karta katalogowa (Elektrokabel),https://www.aks-zielonka.pl/ydyp-450-750v/,"karta YDYp 3x2.5, przelicznik 1 mb kabla / 1 mb kanalu"
5.03,Kanał podtynkowy kablowy w ścianie z bloczków,mb,construction,PESZEL_RURKA,Peszel karbowany RL fi16,mb,1.00,"budget,norm,lux",0,Przewód w kanale prowadzony w peszlu RL fi16 - 1 mb rurki osłonowej na 1 mb trasy kablowej w bloczkach.,Провод в канале ведётся в гофре RL fi16 - 1 пм защитной трубы на 1 пм кабельной трассы в блоках.,retail,Elektro-Plast rurki instalacyjne (Castorama),https://www.castorama.pl/s/rurka?Marka=Elektro-Plast,"katalog rurka RL fi16, przelicznik 1 mb peszla / 1 mb kanalu"
5.03,Kanał podtynkowy kablowy w ścianie z bloczków,mb,construction,GIPS_SZYBKOWIAZACY,Gips szybkowiążący do osadzeń 5kg,kg,0.80,budget,0,"Zatynkowanie kanału kablowego w bloczkach zużywa ~0.8 kg gipsu szybkowiążącego na mb bruzdy (bloczek miękki, płytsza bruzda).","Заделка кабельного канала в блоках расходует ~0.8 кг быстротвердеющего гипса на пм штробы (блок мягкий, штроба мельче).",expert,Zalozenie eksperckie (zatynkowanie bruzdy kablowej),,zalozenie eksperckie ~0.8 kg/mb gipsu w bloczkach
5.03,Kanał podtynkowy kablowy w ścianie z bloczków,mb,construction,ZAPRAWA_MONTAZOWA,Zaprawa montażowa szybkowiążąca 25kg,kg,0.90,"norm,lux",0,Wariant norm/lux; zatynkowanie kanału w bloczkach zaprawą szybkowiążącą ~0.9 kg/mb bruzdy.,Вариант norm/lux; заделка канала в блоках быстротвердеющим раствором ~0.9 кг/пм штробы.,producer_tds,Atlas zaprawa montazowa — Karta produktu,https://www.atlas.com.pl,"karta zaprawa montazowa, zuzycie ~0.9 kg/mb waskiej bruzdy"
5.04,Kanał podtynkowy kablowy w ścianie z żelbetu,mb,construction,KABEL_ELEKTRYCZNY,Przewód YDYp 3x1.5 750V,mb,1.00,budget,0,"Kanał w żelbecie prowadzi 1 mb przewodu YDYp 3x1.5 na 1 mb trasy, wariant budżetowy obwodów oświetlenia.","Канал в железобетоне ведёт 1 пм кабеля YDYp 3x1.5 на 1 пм трассы, бюджетный вариант цепей освещения.",retail,YDYp 450/750V — karta katalogowa (Elektrokabel),https://www.aks-zielonka.pl/ydyp-450-750v/,"karta YDYp 3x1.5, przelicznik 1 mb kabla / 1 mb kanalu"
5.04,Kanał podtynkowy kablowy w ścianie z żelbetu,mb,construction,KABEL_ELEKTRYCZNY,Przewód YDYp 3x2.5 750V,mb,1.00,"norm,lux",0,Wariant norm/lux; kanał w żelbecie prowadzi 1 mb przewodu YDYp 3x2.5 na 1 mb trasy dla obwodów gniazd.,Вариант norm/lux; канал в железобетоне ведёт 1 пм кабеля YDYp 3x2.5 на 1 пм трассы для цепей розеток.,retail,YDYp 450/750V — karta katalogowa (Elektrokabel),https://www.aks-zielonka.pl/ydyp-450-750v/,"karta YDYp 3x2.5, przelicznik 1 mb kabla / 1 mb kanalu"
5.04,Kanał podtynkowy kablowy w ścianie z żelbetu,mb,construction,PESZEL_RURKA,Peszel karbowany RL fi16,mb,1.00,"budget,norm,lux",0,Przewód w kanale żelbetowym prowadzony w peszlu RL fi16 - 1 mb rurki na 1 mb trasy kablowej.,Провод в железобетонном канале ведётся в гофре RL fi16 - 1 пм трубы на 1 пм кабельной трассы.,retail,Elektro-Plast rurki instalacyjne (Castorama),https://www.castorama.pl/s/rurka?Marka=Elektro-Plast,"katalog rurka RL fi16, przelicznik 1 mb peszla / 1 mb kanalu"
5.04,Kanał podtynkowy kablowy w ścianie z żelbetu,mb,construction,ZAPRAWA_MONTAZOWA,Zaprawa montażowa szybkowiążąca 25kg,kg,1.30,"budget,norm,lux",0,"Zatynkowanie bruzdy w żelbecie zużywa ~1.3 kg zaprawy/mb - bruzda głębsza i twardsza niż w bloczkach, większe zużycie.","Заделка штробы в железобетоне расходует ~1.3 кг раствора/пм - штроба глубже и твёрже, чем в блоках, больший расход.",producer_tds,Atlas zaprawa montazowa — Karta produktu,https://www.atlas.com.pl,"karta zaprawa montazowa, zuzycie ~1.3 kg/mb bruzdy w zelbecie"
5.04,Kanał podtynkowy kablowy w ścianie z żelbetu,mb,construction,TARCZA_TNACA,Tarcza do bruzdownicy diamentowa fi125,szt,0.03,"budget,norm,lux",0,"Cięcie bruzdy w żelbecie zużywa tarczę diamentową szybciej niż w bloczkach - ~0.03 szt/mb (twarde kruszywo, większe zużycie).","Резка штробы в железобетоне изнашивает алмазный диск быстрее, чем в блоках - ~0.03 шт/пм (твёрдый заполнитель, больший износ).",expert,Zalozenie eksperckie (zuzycie tarczy w zelbecie),,zalozenie eksperckie ~0.03 tarczy/mb bruzdy w zelbecie
5.08,Montaż maty grzewczej elektrycznej na podłogę,m2,construction,KLEJ_SAMOPOZIOMUJACY,Klej samopoziomujący cienkowarstwowy do mat grzewczych 25kg,l,2.00,"budget,norm,lux",0,"Mata grzewcza to element (fixture), lecz jej montaż zatapia matę w cienkiej warstwie kleju/masy ~2 l zaczynu na m2 podłogi wg karty producenta.","Нагревательный мат - это элемент (fixture), но его монтаж утапливает мат в тонком слое клея/массы ~2 л замеса на м2 пола по карте производителя.",producer_tds,Atlas klej/masa do mat grzewczych — Karta produktu,https://www.atlas.com.pl,"karta klej do mat grzewczych, sekcja zuzycie cienka warstwa ~2 l/m2"
5.09,Montaż maty grzewczej elektrycznej do ściany,m2,construction,KLEJ_SAMOPOZIOMUJACY,Klej samopoziomujący cienkowarstwowy do mat grzewczych 25kg,l,2.20,"budget,norm,lux",0,Montaż maty na ścianie zatapia matę w cienkiej warstwie kleju ~2.2 l/m2 - nieco więcej niż na podłodze z uwagi na pionową aplikację.,"Монтаж мата на стене утапливает мат в тонком слое клея ~2.2 л/м2 - чуть больше, чем на полу, из-за вертикального нанесения.",producer_tds,Atlas klej/masa do mat grzewczych — Karta produktu,https://www.atlas.com.pl,"karta klej do mat grzewczych, sekcja zuzycie ~2.2 l/m2 na pionie"
5.10,Montaż sterownika maty oraz doprowadzenie zasilania,kpl,construction,KABEL_ELEKTRYCZNY,Przewód YDYp 3x2.5 750V,mb,3.00,"budget,norm,lux",0,Doprowadzenie zasilania do sterownika maty zużywa ~3 mb przewodu YDYp 3x2.5 od skrzynki do puszki sterownika (założenie eksperckie).,Подвод питания к регулятору мата расходует ~3 пм кабеля YDYp 3x2.5 от щитка до подрозетника регулятора (экспертное допущение).,expert,Zalozenie eksperckie (zasilanie sterownika maty),,zalozenie eksperckie ~3 mb/kpl przewodu do sterownika
5.10,Montaż sterownika maty oraz doprowadzenie zasilania,kpl,construction,PUSZKA_PODTYNKOWA,Puszka podtynkowa pogłębiana fi60,szt,1.00,"budget,norm,lux",0,Sterownik maty osadzany w pogłębionej puszce podtynkowej - 1 szt puszki na komplet dla zmieszczenia termostatu i połączeń.,Регулятор мата монтируется в углублённом подрозетнике - 1 шт на комплект для размещения термостата и соединений.,retail,Elektro-Plast puszki podtynkowe,https://www.elektro-plast.eu/,"katalog puszka poglebiana fi60, 1 szt/kpl pod termostat"
5.11,Likwidacja punktu elektrycznego,kpl,construction,GIPS_SZYBKOWIAZACY,Gips szybkowiążący do osadzeń 5kg,kg,0.30,"budget,norm,lux",0,Likwidacja punktu zaślepia puszkę i zatynkowuje otwór - ~0.3 kg gipsu szybkowiążącego na komplet (założenie eksperckie).,Ликвидация точки закрывает подрозетник и заделывает отверстие - ~0.3 кг быстротвердеющего гипса на комплект (экспертное допущение).,expert,Zalozenie eksperckie (zatynkowanie zlikwidowanego punktu),,zalozenie eksperckie ~0.3 kg/kpl gipsu na zaslepienie
5.12,Gniazdo 220v - nowe lub relokacja w ścianie z bloczków lub GK,kpl,construction,PUSZKA_PODTYNKOWA,Puszka podtynkowa pojedyncza fi60,szt,1.00,budget,0,"Gniazdo 220V w bloczkach/GK - anchor Excela: 1.0 szt puszki podtynkowej na komplet do osadzenia gniazda, wariant budżetowy.","Розетка 220В в блоках/ГК - якорь Excel: 1.0 шт подрозетника на комплект для посадки розетки, бюджетный вариант.",excel,Excel Matrix v3.0 Oferta,,"wiersz 5.12 arkusza Oferta, kolumna Puszka elektryczna 1.0 szt"
5.12,Gniazdo 220v - nowe lub relokacja w ścianie z bloczków lub GK,kpl,construction,PUSZKA_PODTYNKOWA,Puszka podtynkowa pogłębiana fi60,szt,1.00,"norm,lux",0,Wariant norm/lux; anchor Excela 1.0 szt puszki na komplet - puszka pogłębiana pod nowoczesny osprzęt gniazda 220V.,Вариант norm/lux; якорь Excel 1.0 шт подрозетника на комплект - углублённый подрозетник под современную фурнитуру розетки 220В.,excel,Excel Matrix v3.0 Oferta,,"wiersz 5.12 arkusza Oferta, kolumna Puszka elektryczna 1.0 szt"
5.12,Gniazdo 220v - nowe lub relokacja w ścianie z bloczków lub GK,kpl,construction,GIPS_SZYBKOWIAZACY,Gips szybkowiążący do osadzeń 5kg,kg,0.25,"budget,norm,lux",0,Osadzenie puszki w bloczkach/GK zużywa ~0.25 kg gipsu szybkowiążącego na komplet do zamocowania puszki.,Посадка подрозетника в блоках/ГК расходует ~0.25 кг быстротвердеющего гипса на комплект для фиксации.,producer_tds,Knauf gips szybkowiążący — Karta produktu,https://knauf.com/de-DE/p/produkt/rotband-10286_0010,"karta gips montazowy, ~0.25 kg/kpl na osadzenie puszki"
5.13,Gniazdo 220v - nowe lub relokacja w ścianie z żelbetu,kpl,construction,PUSZKA_PODTYNKOWA,Puszka podtynkowa pojedyncza fi60,szt,1.00,budget,0,"Gniazdo 220V w żelbecie - anchor Excela: 1.0 szt puszki podtynkowej na komplet, wariant budżetowy.","Розетка 220В в железобетоне - якорь Excel: 1.0 шт подрозетника на комплект, бюджетный вариант.",excel,Excel Matrix v3.0 Oferta,,"wiersz 5.13 arkusza Oferta, kolumna Puszka elektryczna 1.0 szt"
5.13,Gniazdo 220v - nowe lub relokacja w ścianie z żelbetu,kpl,construction,PUSZKA_PODTYNKOWA,Puszka podtynkowa pogłębiana fi60,szt,1.00,"norm,lux",0,Wariant norm/lux; anchor Excela 1.0 szt puszki pogłębianej na komplet do gniazda 220V w żelbecie.,Вариант norm/lux; якорь Excel 1.0 шт углублённого подрозетника на комплект для розетки 220В в железобетоне.,excel,Excel Matrix v3.0 Oferta,,"wiersz 5.13 arkusza Oferta, kolumna Puszka elektryczna 1.0 szt"
5.13,Gniazdo 220v - nowe lub relokacja w ścianie z żelbetu,kpl,construction,ZAPRAWA_MONTAZOWA,Zaprawa montażowa szybkowiążąca 25kg,kg,0.35,"budget,norm,lux",0,Osadzenie puszki w żelbecie wymaga twardszej zaprawy montażowej ~0.35 kg/kpl (głębsze wykucie w betonie).,Посадка подрозетника в железобетоне требует более твёрдого монтажного раствора ~0.35 кг/компл (глубже выборка в бетоне).,producer_tds,Atlas zaprawa montazowa — Karta produktu,https://www.atlas.com.pl,"karta zaprawa montazowa, ~0.35 kg/kpl na osadzenie w zelbecie"
5.14,Łącznik pojedynczy - nowe lub relokacja w ścianie z bloczków lub GK,kpl,construction,PUSZKA_PODTYNKOWA,Puszka podtynkowa pojedyncza fi60,szt,1.00,budget,0,"Łącznik pojedynczy w bloczkach/GK - anchor Excela: 1.0 szt puszki podtynkowej na komplet, wariant budżetowy.","Одинарный выключатель в блоках/ГК - якорь Excel: 1.0 шт подрозетника на комплект, бюджетный вариант.",excel,Excel Matrix v3.0 Oferta,,"wiersz 5.14 arkusza Oferta, kolumna Puszka elektryczna 1.0 szt"
5.14,Łącznik pojedynczy - nowe lub relokacja w ścianie z bloczków lub GK,kpl,construction,PUSZKA_PODTYNKOWA,Puszka podtynkowa pogłębiana fi60,szt,1.00,"norm,lux",0,Wariant norm/lux; anchor Excela 1.0 szt puszki pogłębianej na komplet dla łącznika pojedynczego.,Вариант norm/lux; якорь Excel 1.0 шт углублённого подрозетника на комплект для одинарного выключателя.,excel,Excel Matrix v3.0 Oferta,,"wiersz 5.14 arkusza Oferta, kolumna Puszka elektryczna 1.0 szt"
5.14,Łącznik pojedynczy - nowe lub relokacja w ścianie z bloczków lub GK,kpl,construction,GIPS_SZYBKOWIAZACY,Gips szybkowiążący do osadzeń 5kg,kg,0.25,"budget,norm,lux",0,Osadzenie puszki łącznika w bloczkach/GK zużywa ~0.25 kg gipsu szybkowiążącego na komplet.,Посадка подрозетника выключателя в блоках/ГК расходует ~0.25 кг быстротвердеющего гипса на комплект.,producer_tds,Knauf gips szybkowiążący — Karta produktu,https://knauf.com/de-DE/p/produkt/rotband-10286_0010,"karta gips montazowy, ~0.25 kg/kpl na osadzenie puszki"
5.15,Łącznik pojedynczy - nowe lub relokacja w ścianie z żelbetu,kpl,construction,PUSZKA_PODTYNKOWA,Puszka podtynkowa pojedyncza fi60,szt,1.00,budget,0,"Łącznik pojedynczy w żelbecie - anchor Excela: 1.0 szt puszki podtynkowej na komplet, wariant budżetowy.","Одинарный выключатель в железобетоне - якорь Excel: 1.0 шт подрозетника на комплект, бюджетный вариант.",excel,Excel Matrix v3.0 Oferta,,"wiersz 5.15 arkusza Oferta, kolumna Puszka elektryczna 1.0 szt"
5.15,Łącznik pojedynczy - nowe lub relokacja w ścianie z żelbetu,kpl,construction,PUSZKA_PODTYNKOWA,Puszka podtynkowa pogłębiana fi60,szt,1.00,"norm,lux",0,Wariant norm/lux; anchor Excela 1.0 szt puszki pogłębianej na komplet dla łącznika w żelbecie.,Вариант norm/lux; якорь Excel 1.0 шт углублённого подрозетника на комплект для выключателя в железобетоне.,excel,Excel Matrix v3.0 Oferta,,"wiersz 5.15 arkusza Oferta, kolumna Puszka elektryczna 1.0 szt"
5.15,Łącznik pojedynczy - nowe lub relokacja w ścianie z żelbetu,kpl,construction,ZAPRAWA_MONTAZOWA,Zaprawa montażowa szybkowiążąca 25kg,kg,0.35,"budget,norm,lux",0,Osadzenie puszki łącznika w żelbecie zużywa ~0.35 kg zaprawy montażowej/kpl (twarde podłoże betonowe).,Посадка подрозетника выключателя в железобетоне расходует ~0.35 кг монтажного раствора/компл (твёрдое бетонное основание).,producer_tds,Atlas zaprawa montazowa — Karta produktu,https://www.atlas.com.pl,"karta zaprawa montazowa, ~0.35 kg/kpl na osadzenie w zelbecie"
5.16,Łącznik schodowy lub krzyżowy - nowe lub relokacja,kpl,construction,PUSZKA_PODTYNKOWA,Puszka podtynkowa pojedyncza fi60,szt,1.00,budget,0,"Łącznik schodowy/krzyżowy - anchor Excela: 1.0 szt puszki podtynkowej na komplet, wariant budżetowy.","Проходной/перекрёстный выключатель - якорь Excel: 1.0 шт подрозетника на комплект, бюджетный вариант.",excel,Excel Matrix v3.0 Oferta,,"wiersz 5.16 arkusza Oferta, kolumna Puszka elektryczna 1.0 szt"
5.16,Łącznik schodowy lub krzyżowy - nowe lub relokacja,kpl,construction,PUSZKA_PODTYNKOWA,Puszka podtynkowa pogłębiana fi60,szt,1.00,"norm,lux",0,Wariant norm/lux; anchor Excela 1.0 szt puszki pogłębianej na komplet dla łącznika schodowego/krzyżowego.,Вариант norm/lux; якорь Excel 1.0 шт углублённого подрозетника на комплект для проходного/перекрёстного выключателя.,excel,Excel Matrix v3.0 Oferta,,"wiersz 5.16 arkusza Oferta, kolumna Puszka elektryczna 1.0 szt"
5.16,Łącznik schodowy lub krzyżowy - nowe lub relokacja,kpl,construction,KABEL_ELEKTRYCZNY,Przewód YDYp 3x1.5 750V,mb,1.50,"budget,norm,lux",0,Łącznik schodowy/krzyżowy wymaga dodatkowej żyły sterującej - ~1.5 mb przewodu YDYp 3x1.5 na połączenie między łącznikami (założenie eksperckie).,Проходной/перекрёстный выключатель требует доп. управляющей жилы - ~1.5 пм кабеля YDYp 3x1.5 на связь между выключателями (экспертное допущение).,expert,Zalozenie eksperckie (polaczenie lacznikow schodowych),,zalozenie eksperckie ~1.5 mb/kpl przewodu miedzy lacznikami
5.17,Łącznik Master - nowe lub relokacja,kpl,construction,PUSZKA_PODTYNKOWA,Puszka podtynkowa pojedyncza fi60,szt,1.00,budget,0,"Łącznik Master - anchor Excela: 1.0 szt puszki podtynkowej na komplet, wariant budżetowy.","Выключатель Master - якорь Excel: 1.0 шт подрозетника на комплект, бюджетный вариант.",excel,Excel Matrix v3.0 Oferta,,"wiersz 5.17 arkusza Oferta, kolumna Puszka elektryczna 1.0 szt"
5.17,Łącznik Master - nowe lub relokacja,kpl,construction,PUSZKA_PODTYNKOWA,Puszka podtynkowa pogłębiana fi60,szt,1.00,"norm,lux",0,Wariant norm/lux; anchor Excela 1.0 szt puszki pogłębianej na komplet dla łącznika Master z rozbudowanym osprzętem.,Вариант norm/lux; якорь Excel 1.0 шт углублённого подрозетника на комплект для выключателя Master с развитой фурнитурой.,excel,Excel Matrix v3.0 Oferta,,"wiersz 5.17 arkusza Oferta, kolumna Puszka elektryczna 1.0 szt"
5.17,Łącznik Master - nowe lub relokacja,kpl,construction,GIPS_SZYBKOWIAZACY,Gips szybkowiążący do osadzeń 5kg,kg,0.25,"budget,norm,lux",0,Osadzenie puszki łącznika Master zużywa ~0.25 kg gipsu szybkowiążącego na komplet.,Посадка подрозетника выключателя Master расходует ~0.25 кг быстротвердеющего гипса на комплект.,producer_tds,Knauf gips szybkowiążący — Karta produktu,https://knauf.com/de-DE/p/produkt/rotband-10286_0010,"karta gips montazowy, ~0.25 kg/kpl na osadzenie puszki"
5.18,Czujnik lub sterownik - nowe lub relokacja,kpl,construction,PUSZKA_PODTYNKOWA,Puszka podtynkowa pojedyncza fi60,szt,1.00,budget,0,"Czujnik/sterownik - anchor Excela: 1.0 szt puszki podtynkowej na komplet; czujnik jest elementem (fixture), puszka to zużywalny osprzęt montażu.","Датчик/контроллер - якорь Excel: 1.0 шт подрозетника на комплект; датчик - это элемент (fixture), подрозетник - расходная фурнитура монтажа.",excel,Excel Matrix v3.0 Oferta,,"wiersz 5.18 arkusza Oferta, kolumna Puszka elektryczna 1.0 szt"
5.18,Czujnik lub sterownik - nowe lub relokacja,kpl,construction,PUSZKA_PODTYNKOWA,Puszka podtynkowa pogłębiana fi60,szt,1.00,"norm,lux",0,Wariant norm/lux; anchor Excela 1.0 szt puszki pogłębianej na komplet - mieści moduł czujnika/sterownika i połączenia.,Вариант norm/lux; якорь Excel 1.0 шт углублённого подрозетника на комплект - вмещает модуль датчика/контроллера и соединения.,excel,Excel Matrix v3.0 Oferta,,"wiersz 5.18 arkusza Oferta, kolumna Puszka elektryczna 1.0 szt"
5.18,Czujnik lub sterownik - nowe lub relokacja,kpl,construction,GIPS_SZYBKOWIAZACY,Gips szybkowiążący do osadzeń 5kg,kg,0.25,"budget,norm,lux",0,Osadzenie puszki czujnika/sterownika zużywa ~0.25 kg gipsu szybkowiążącego na komplet.,Посадка подрозетника датчика/контроллера расходует ~0.25 кг быстротвердеющего гипса на комплект.,producer_tds,Knauf gips szybkowiążący — Karta produktu,https://knauf.com/de-DE/p/produkt/rotband-10286_0010,"karta gips montazowy, ~0.25 kg/kpl na osadzenie puszki"
5.19,Wypusty - nowe wyprowadzenie lub relokacja kabla zasilającego istniejącego,kpl,construction,KABEL_ELEKTRYCZNY,Przewód YDYp 3x1.5 750V,mb,2.00,budget,0,"Nowe wyprowadzenie/relokacja wypustu zużywa ~2 mb przewodu YDYp 3x1.5 na komplet do przedłużenia kabla zasilającego, wariant budżetowy.","Новый вывод/релокация точки расходует ~2 пм кабеля YDYp 3x1.5 на комплект для удлинения питающего кабеля, бюджетный вариант.",expert,Zalozenie eksperckie (wyprowadzenie wypustu),,zalozenie eksperckie ~2 mb/kpl przewodu na wypust
5.19,Wypusty - nowe wyprowadzenie lub relokacja kabla zasilającego istniejącego,kpl,construction,KABEL_ELEKTRYCZNY,Przewód YDYp 3x2.5 750V,mb,2.00,"norm,lux",0,Wariant norm/lux; wypust dla odbiornika mocy zużywa ~2 mb przewodu YDYp 3x2.5 na komplet.,Вариант norm/lux; вывод для силового потребителя расходует ~2 пм кабеля YDYp 3x2.5 на комплект.,expert,Zalozenie eksperckie (wyprowadzenie wypustu mocy),,zalozenie eksperckie ~2 mb/kpl przewodu 3x2.5 na wypust
5.19,Wypusty - nowe wyprowadzenie lub relokacja kabla zasilającego istniejącego,kpl,construction,PESZEL_RURKA,Peszel karbowany RL fi16,mb,2.00,"budget,norm,lux",0,Wypust prowadzony w peszlu RL fi16 - ~2 mb rurki osłonowej na komplet wzdłuż trasy kabla wypustu.,Вывод ведётся в гофре RL fi16 - ~2 пм защитной трубы на комплект вдоль трассы кабеля вывода.,retail,Elektro-Plast rurki instalacyjne (Castorama),https://www.castorama.pl/s/rurka?Marka=Elektro-Plast,"katalog rurka RL fi16, ~2 mb/kpl peszla na wypust"
5.20,Gniazdo sieciowe / tv / multimedialne - nowe lub relokacja,kpl,construction,PUSZKA_PODTYNKOWA,Puszka podtynkowa pojedyncza fi60,szt,1.00,budget,0,"Gniazdo sieciowe/TV/multimedialne - anchor Excela: 1.0 szt puszki podtynkowej na komplet, wariant budżetowy.","Сетевая/ТВ/мультимедиа розетка - якорь Excel: 1.0 шт подрозетника на комплект, бюджетный вариант.",excel,Excel Matrix v3.0 Oferta,,"wiersz 5.20 arkusza Oferta, kolumna Puszka elektryczna 1.0 szt"
5.20,Gniazdo sieciowe / tv / multimedialne - nowe lub relokacja,kpl,construction,PUSZKA_PODTYNKOWA,Puszka podtynkowa pogłębiana fi60,szt,1.00,"norm,lux",0,Wariant norm/lux; anchor Excela 1.0 szt puszki pogłębianej na komplet - mieści zapas kabla multimedialnego i moduł RJ45/koncentryk.,Вариант norm/lux; якорь Excel 1.0 шт углублённого подрозетника на комплект - вмещает запас мультимедиа-кабеля и модуль RJ45/коаксиал.,excel,Excel Matrix v3.0 Oferta,,"wiersz 5.20 arkusza Oferta, kolumna Puszka elektryczna 1.0 szt"
5.20,Gniazdo sieciowe / tv / multimedialne - nowe lub relokacja,kpl,construction,PESZEL_RURKA,Peszel karbowany RL fi16,mb,1.50,"budget,norm,lux",0,Kabel multimedialny prowadzony w peszlu RL fi16 - ~1.5 mb rurki na komplet dla ochrony i ewentualnej wymiany przewodu.,Мультимедиа-кабель ведётся в гофре RL fi16 - ~1.5 пм трубы на комплект для защиты и возможной замены провода.,retail,Elektro-Plast rurki instalacyjne (Castorama),https://www.castorama.pl/s/rurka?Marka=Elektro-Plast,"katalog rurka RL fi16, ~1.5 mb/kpl peszla dla multimediow"
5.21,Gniazdo siłowe do kuchenki - nowe lub relokacja,kpl,construction,PUSZKA_PODTYNKOWA,Puszka podtynkowa pojedyncza fi60,szt,1.00,budget,0,"Gniazdo siłowe do kuchenki - anchor Excela: 1.0 szt puszki podtynkowej na komplet, wariant budżetowy.","Силовая розетка для плиты - якорь Excel: 1.0 шт подрозетника на комплект, бюджетный вариант.",excel,Excel Matrix v3.0 Oferta,,"wiersz 5.21 arkusza Oferta, kolumna Puszka elektryczna 1.0 szt"
5.21,Gniazdo siłowe do kuchenki - nowe lub relokacja,kpl,construction,PUSZKA_PODTYNKOWA,Puszka podtynkowa pogłębiana fi60,szt,1.00,"norm,lux",0,Wariant norm/lux; anchor Excela 1.0 szt puszki pogłębianej na komplet - gniazdo siłowe z grubszym przewodem zasilającym.,Вариант norm/lux; якорь Excel 1.0 шт углублённого подрозетника на комплект - силовая розетка с более толстым питающим кабелем.,excel,Excel Matrix v3.0 Oferta,,"wiersz 5.21 arkusza Oferta, kolumna Puszka elektryczna 1.0 szt"
5.21,Gniazdo siłowe do kuchenki - nowe lub relokacja,kpl,construction,KABEL_ELEKTRYCZNY,Przewód YDYp 3x2.5 750V,mb,2.00,"budget,norm,lux",0,Gniazdo siłowe kuchenki wymaga przewodu o większym przekroju - ~2 mb YDYp 3x2.5 na komplet do zasilania obwodu (założenie eksperckie).,Силовая розетка плиты требует кабеля большего сечения - ~2 пм YDYp 3x2.5 на комплект для питания цепи (экспертное допущение).,expert,Zalozenie eksperckie (zasilanie gniazda silowego),,zalozenie eksperckie ~2 mb/kpl przewodu 3x2.5 do kuchenki
5.22,Bruzdowanie i układanie kabli elektrycznych w tynku,szt,construction,TARCZA_TNACA,Tarcza do bruzdownicy diamentowa fi125,szt,0.02,"budget,norm,lux",0,"Bruzdowanie w tynku zużywa tarczę diamentową ~0.02 szt na bruzdę (miękki tynk, umiarkowane zużycie) - założenie eksperckie zużycia narzędzia.","Штробление в штукатурке изнашивает алмазный диск ~0.02 шт на штробу (мягкая штукатурка, умеренный износ) - экспертное допущение износа инструмента.",expert,Zalozenie eksperckie (zuzycie tarczy w tynku),,zalozenie eksperckie ~0.02 tarczy/szt bruzdy w tynku
5.22,Bruzdowanie i układanie kabli elektrycznych w tynku,szt,construction,GIPS_SZYBKOWIAZACY,Gips szybkowiążący do osadzeń 5kg,kg,0.40,"budget,norm,lux",0,Zatynkowanie bruzdy kablowej w tynku zużywa ~0.4 kg gipsu szybkowiążącego na bruzdę (krótki odcinek na sztukę).,Заделка кабельной штробы в штукатурке расходует ~0.4 кг быстротвердеющего гипса на штробу (короткий отрезок на штуку).,expert,Zalozenie eksperckie (zatynkowanie bruzdy w tynku),,zalozenie eksperckie ~0.4 kg/szt gipsu w tynku
5.23,Bruzdowanie i układanie kabli elektrycznych w ścianie z żelbetu,szt,construction,TARCZA_TNACA,Tarcza do bruzdownicy diamentowa fi125,szt,0.05,"budget,norm,lux",0,Bruzdowanie w żelbecie zużywa tarczę diamentową ~0.05 szt na bruzdę - twarde kruszywo powoduje większe zużycie niż w tynku (założenie eksperckie).,"Штробление в железобетоне изнашивает алмазный диск ~0.05 шт на штробу - твёрдый заполнитель даёт больший износ, чем в штукатурке (экспертное допущение).",expert,Zalozenie eksperckie (zuzycie tarczy w zelbecie),,zalozenie eksperckie ~0.05 tarczy/szt bruzdy w zelbecie
5.23,Bruzdowanie i układanie kabli elektrycznych w ścianie z żelbetu,szt,construction,ZAPRAWA_MONTAZOWA,Zaprawa montażowa szybkowiążąca 25kg,kg,0.60,"budget,norm,lux",0,"Zatynkowanie bruzdy w żelbecie zaprawą szybkowiążącą ~0.6 kg na bruzdę (głębsza bruzda, twarde podłoże).","Заделка штробы в железобетоне быстротвердеющим раствором ~0.6 кг на штробу (глубже штроба, твёрдое основание).",producer_tds,Atlas zaprawa montazowa — Karta produktu,https://www.atlas.com.pl,"karta zaprawa montazowa, ~0.6 kg/szt bruzdy w zelbecie"
5.24,Łatanie po kablach elektrycznych,szt,construction,GLADZ_GIPSOWA,Gładź gipsowa do łatania bruzd 20kg,kg,0.30,budget,0,"Łatanie bruzdy po kablu zużywa ~0.3 kg gładzi gipsowej na sztukę do wyrównania powierzchni, wariant budżetowy (założenie eksperckie).","Заделка штробы после кабеля расходует ~0.3 кг гипсовой шпаклёвки на штуку для выравнивания поверхности, бюджетный вариант (экспертное допущение).",expert,Zalozenie eksperckie (latanie po kablach),,zalozenie eksperckie ~0.3 kg/szt gladzi na latanie
5.24,Łatanie po kablach elektrycznych,szt,construction,GIPS_SZYBKOWIAZACY,Gips szybkowiążący do osadzeń 5kg,kg,0.35,"norm,lux",0,Wariant norm/lux; łatanie bruzdy po kablu gipsem szybkowiążącym ~0.35 kg na sztukę (szybkie wiązanie przed pracami wykończeniowymi).,Вариант norm/lux; заделка штробы после кабеля быстротвердеющим гипсом ~0.35 кг на штуку (быстрое схватывание перед отделкой).,producer_tds,Knauf gips szybkowiążący — Karta produktu,https://knauf.com/de-DE/p/produkt/rotband-10286_0010,"karta gips montazowy, ~0.35 kg/szt na latanie bruzdy"
5.25,Doprowadzenie zasilania i przygotowanie wypustu do taśmy LED w podstopnicy,kpl,construction,KABEL_ELEKTRYCZNY,Przewód YDYp 3x1.5 750V,mb,2.50,"budget,norm,lux",0,Doprowadzenie zasilania do taśmy LED w podstopnicy zużywa ~2.5 mb przewodu YDYp 3x1.5 na komplet od zasilacza do wypustu (założenie eksperckie).,Подвод питания к LED-ленте в подступёнке расходует ~2.5 пм кабеля YDYp 3x1.5 на комплект от блока питания до вывода (экспертное допущение).,expert,Zalozenie eksperckie (zasilanie tasmy LED),,zalozenie eksperckie ~2.5 mb/kpl przewodu do tasmy LED
5.25,Doprowadzenie zasilania i przygotowanie wypustu do taśmy LED w podstopnicy,kpl,construction,PESZEL_RURKA,Peszel karbowany RL fi16,mb,2.50,"budget,norm,lux",0,Kabel zasilający taśmy LED prowadzony w peszlu RL fi16 - ~2.5 mb rurki na komplet wzdłuż trasy do podstopnicy.,Питающий кабель LED-ленты ведётся в гофре RL fi16 - ~2.5 пм трубы на комплект вдоль трассы до подступёнка.,retail,Elektro-Plast rurki instalacyjne (Castorama),https://www.castorama.pl/s/rurka?Marka=Elektro-Plast,"katalog rurka RL fi16, ~2.5 mb/kpl peszla do tasmy LED"
5.25,Doprowadzenie zasilania i przygotowanie wypustu do taśmy LED w podstopnicy,kpl,construction,PUSZKA_PODTYNKOWA,Puszka podtynkowa pogłębiana fi60,szt,1.00,"budget,norm,lux",0,Wypust taśmy LED zakończony puszką podtynkową na złącza/zasilacz - 1 szt pogłębionej puszki na komplet.,Вывод LED-ленты завершается подрозетником под клеммы/блок питания - 1 шт углублённого подрозетника на комплект.,retail,Elektro-Plast puszki podtynkowe,https://www.elektro-plast.eu/,"katalog puszka poglebiana fi60, 1 szt/kpl pod wypust LED"
6.01,Transformator do taśmy led,szt,construction,ZLACZKA_INSTALACYJNA,Złączka instalacyjna WAGO 221-413 3x4mm2,szt,2.00,budget,0,Podlaczenie zasilacza/transformatora tasmy LED zuzywa ~2 zlaczki WAGO na strone wej/wyj; zalozenie eksperckie oparte na karcie WAGO 221 (3 zyly na zlaczke).,Подключение блока питания/трансформатора LED-ленты расходует ~2 клеммы WAGO на вход/выход; экспертное допущение по карте WAGO 221 (3 жилы на клемму).,expert,Praktyka wykonawcza + karta WAGO 221-413,https://www.wago.com/at/installationsklemmen/verbindungsklemme-mit-hebeln/p/221-413,"zalozenie ~2 szt/transformator; karta 221-413 (max 4 mm2, 3 zyly)"
6.01,Transformator do taśmy led,szt,construction,ZLACZKA_INSTALACYJNA,Złączka instalacyjna WAGO 221-415 5x4mm2,szt,2.00,"norm,lux",0,Wariant norm/lux; podlaczenie transformatora ~2 zlaczki WAGO 221-415 (5 zyl) dla bardziej rozbudowanych obwodow zasilania tasmy.,Вариант norm/lux; подключение трансформатора ~2 клеммы WAGO 221-415 (5 жил) для более разветвлённых цепей питания ленты.,expert,Praktyka wykonawcza + karta WAGO 221,https://www.wago.com/us/splicing-connectors-221,zalozenie ~2 szt/transformator; rodzina 221
6.01,Transformator do taśmy led,szt,construction,WKRET_KOLEK_MONTAZOWY,Wkręt montażowy z kołkiem 6x40,szt,2.00,"budget,norm,lux",0,Zamocowanie zasilacza/transformatora do podloza zuzywa ~2 wkrety z kolkami; zalozenie eksperckie dla lekkiego zasilacza LED.,Крепление блока питания/трансформатора к основанию расходует ~2 винта с дюбелями; экспертное допущение для лёгкого блока питания LED.,expert,Praktyka wykonawcza (mocowanie zasilacza),,zalozenie eksperckie ~2 szt/transformator
6.02,Taśma LED,mb,construction,KLEJ_MONTAZOWY,Klej montażowy do profili LED / taśma dwustronna,l,0.005,budget,0,Tasma LED to fixture (klient); consumable to tasma dwustronna/klej montazowy ~0.005 l/mb do doklejenia tasmy w profilu wg praktyki.,LED-лента - fixture (клиент); расходник - двусторонняя лента/монтажный клей ~0.005 л/пм для приклейки ленты в профиле по практике.,expert,Praktyka wykonawcza (mocowanie tasmy w profilu),https://www.soudal.at/diy/produkte/dichtstoffe/universal/universal-silikon,zalozenie eksperckie ~5 ml/mb; karta Soudal (dozowanie objetosciowe)
6.02,Taśma LED,mb,construction,KLEJ_MONTAZOWY,Klej montażowy do profili LED / taśma dwustronna,l,0.006,"norm,lux",0,Wariant norm/lux; nieco wieksze zuzycie kleju/tasmy dwustronnej ~0.006 l/mb dla pewniejszego mocowania tasmy LED.,Вариант norm/lux; чуть больший расход клея/двусторонней ленты ~0.006 л/пм для более надёжного крепления LED-ленты.,expert,Praktyka wykonawcza (mocowanie tasmy w profilu),https://www.soudal.at/diy/produkte/dichtstoffe/universal/universal-silikon,zalozenie eksperckie ~6 ml/mb; karta Soudal
6.03,Profil podtynkowy do taśmy LED,mb,construction,KLEJ_MONTAZOWY,Klej montażowy do profili LED / taśma dwustronna,l,0.010,budget,0,Profil to fixture (mb); consumable to klej montazowy ~0.010 l/mb do wklejenia profilu podtynkowego w podloze wg praktyki.,Профиль - fixture (мб); расходник - монтажный клей ~0.010 л/пм для вклейки скрытого профиля в основание по практике.,expert,Praktyka wykonawcza (klejenie profilu podtynkowego),https://www.soudal.at/diy/produkte/dichtstoffe/universal/universal-silikon,zalozenie eksperckie ~10 ml/mb; karta Soudal (dozowanie objetosciowe)
6.03,Profil podtynkowy do taśmy LED,mb,construction,WKRET_KOLEK_MONTAZOWY,Wkręt montażowy z kołkiem 6x40,szt,1.00,"norm,lux",0,Wariant norm/lux; profil podtynkowy dodatkowo kotwiony ~1 wkret z kolkiem na mb dla sztywnego montazu przed tynkowaniem.,Вариант norm/lux; скрытый профиль дополнительно крепится ~1 винтом с дюбелем на пм для жёсткого монтажа перед оштукатуриванием.,expert,Praktyka wykonawcza (kotwienie profilu),,zalozenie eksperckie ~1 szt/mb
6.04,Wklejenie i lutowanie taśmy LED w podstopnicy w profil,szt,construction,CYNA_LUTOWNICZA,Cyna lutownicza Cynel LC60 SW26 1mm,kg,0.003,budget,0,Lutowanie zlacza tasmy LED zuzywa ~0.003 kg (3 g) cyny z topnikiem na punkt/sztuke wg praktyki; cyna Cynel SW26 ze spoiwem z topnikiem.,Пайка соединения LED-ленты расходует ~0.003 кг (3 г) припоя с флюсом на точку/штуку по практике; припой Cynel SW26 со встроенным флюсом.,expert,Praktyka wykonawcza + karta Cynel SW26,https://www.manomano.co.uk/p/cynel-professional-solder-wire-60-40-05-3mm-with-flux-sw-26-25-diameter-05mm-weight-100g-reel-22463813,zalozenie eksperckie ~3 g/szt; karta Cynel 60/40 SW26
6.04,Wklejenie i lutowanie taśmy LED w podstopnicy w profil,szt,construction,CYNA_LUTOWNICZA,Cyna lutownicza Cynel LC60 SW26 1mm,kg,0.004,"norm,lux",0,Wariant norm/lux; wieksza liczba/pewniejsze punkty lutownicze ~0.004 kg (4 g) cyny na sztuke dla trwalego polaczenia tasmy LED.,Вариант norm/lux; больше/надёжнее точки пайки ~0.004 кг (4 г) припоя на штуку для прочного соединения LED-ленты.,expert,Praktyka wykonawcza + karta Cynel SW26,https://www.manomano.co.uk/p/cynel-professional-solder-wire-60-40-05-3mm-with-flux-sw-26-25-diameter-05mm-weight-100g-reel-22463813,zalozenie eksperckie ~4 g/szt; karta Cynel 60/40 SW26
6.04,Wklejenie i lutowanie taśmy LED w podstopnicy w profil,szt,construction,TOPNIK_LUTOWNICZY,Topnik lutowniczy kalafoniowy SW26,kg,0.001,lux,0,Wariant lux; dodatkowy topnik kalafoniowy SW26 ~0.001 kg (1 g) na sztuke dla trudniejszych lutow w podstopnicy.,Вариант lux; дополнительный канифольный флюс SW26 ~0.001 кг (1 г) на штуку для сложной пайки в подступёнке.,expert,Praktyka wykonawcza (dodatkowy topnik),https://ovolt.eu/pt/products/cyna-1-00-1-kg-spoiwo-lc60-sw26-1066961,zalozenie eksperckie ~1 g/szt; spoiwo LC60 SW26
6.04,Wklejenie i lutowanie taśmy LED w podstopnicy w profil,szt,construction,KLEJ_MONTAZOWY,Klej montażowy do profili LED / taśma dwustronna,l,0.004,"budget,norm,lux",0,Wklejenie tasmy w profil w podstopnicy zuzywa ~0.004 l kleju/tasmy dwustronnej na sztuke odcinka wg praktyki.,Вклейка ленты в профиль в подступёнке расходует ~0.004 л клея/двусторонней ленты на штуку отрезка по практике.,expert,Praktyka wykonawcza (wklejenie tasmy),https://www.soudal.at/diy/produkte/dichtstoffe/universal/universal-silikon,zalozenie eksperckie ~4 ml/szt; karta Soudal
6.05,Oprawy sufitowe lub kinkiety jednopunktowe,szt,construction,ZLACZKA_INSTALACYJNA,Złączka instalacyjna WAGO 221-413 3x4mm2,szt,2.00,budget,0,"Oprawa jest fixture (klient); consumable to ~2 zlaczki WAGO 221-413 na podlaczenie jednopunktowej oprawy/kinkietu (L, N + PE wg potrzeby).","Светильник - fixture (клиент); расходник - ~2 клеммы WAGO 221-413 на подключение одноточечного светильника/бра (L, N + PE при необходимости).",expert,Praktyka wykonawcza + karta WAGO 221-413,https://www.wago.com/at/installationsklemmen/verbindungsklemme-mit-hebeln/p/221-413,zalozenie ~2 szt/oprawa; karta 221-413
6.05,Oprawy sufitowe lub kinkiety jednopunktowe,szt,construction,WKRET_KOLEK_MONTAZOWY,Wkręt montażowy z kołkiem 6x40,szt,2.00,budget,0,Zamocowanie jednopunktowej oprawy/kinkietu ~2 wkrety z kolkami na sztuke wg praktyki montazowej.,Крепление одноточечного светильника/бра ~2 винта с дюбелями на штуку по монтажной практике.,expert,Praktyka wykonawcza (mocowanie oprawy),,zalozenie eksperckie ~2 szt/oprawa
6.05,Oprawy sufitowe lub kinkiety jednopunktowe,szt,construction,ZLACZKA_INSTALACYJNA,Złączka instalacyjna WAGO 221-415 5x4mm2,szt,2.00,"norm,lux",0,Wariant norm/lux; podlaczenie oprawy jednopunktowej ~2 zlaczki WAGO 221-415 (rezerwa zyl) dla pewniejszego montazu.,Вариант norm/lux; подключение одноточечного светильника ~2 клеммы WAGO 221-415 (запас жил) для более надёжного монтажа.,expert,Praktyka wykonawcza + karta WAGO 221,https://www.wago.com/us/splicing-connectors-221,zalozenie ~2 szt/oprawa; rodzina 221
6.05,Oprawy sufitowe lub kinkiety jednopunktowe,szt,construction,WKRET_KOLEK_MONTAZOWY,Wkręt montażowy z kołkiem 6x40,szt,2.00,"norm,lux",0,Wariant norm/lux; zamocowanie oprawy jednopunktowej ~2 wkrety z kolkami na sztuke.,Вариант norm/lux; крепление одноточечного светильника ~2 винта с дюбелями на штуку.,expert,Praktyka wykonawcza (mocowanie oprawy),,zalozenie eksperckie ~2 szt/oprawa
6.06,Oprawy sufitowe złożone wielopunktowe,szt,construction,ZLACZKA_INSTALACYJNA,Złączka instalacyjna WAGO 221-413 3x4mm2,szt,4.00,budget,0,Oprawa wielopunktowa jest fixture; consumable to ~4 zlaczki WAGO 221-413 na wieksza liczbe polaczen wg praktyki.,Многоточечный светильник - fixture; расходник - ~4 клеммы WAGO 221-413 на большее число соединений по практике.,expert,Praktyka wykonawcza + karta WAGO 221-413,https://www.wago.com/at/installationsklemmen/verbindungsklemme-mit-hebeln/p/221-413,zalozenie ~4 szt/oprawa zlozona; karta 221-413
6.06,Oprawy sufitowe złożone wielopunktowe,szt,construction,WKRET_KOLEK_MONTAZOWY,Wkręt montażowy z kołkiem 6x40,szt,4.00,budget,0,Zamocowanie oprawy wielopunktowej/zlozonej ~4 wkrety z kolkami na sztuke ze wzgledu na wieksza mase i wymiary.,Крепление многоточечного/сложного светильника ~4 винта с дюбелями на штуку из-за большей массы и габаритов.,expert,Praktyka wykonawcza (mocowanie oprawy zlozonej),,zalozenie eksperckie ~4 szt/oprawa
6.06,Oprawy sufitowe złożone wielopunktowe,szt,construction,ZLACZKA_INSTALACYJNA,Złączka instalacyjna WAGO 221-415 5x4mm2,szt,4.00,"norm,lux",0,Wariant norm/lux; oprawa wielopunktowa ~4 zlaczki WAGO 221-415 (5 zyl) dla rozbudowanych obwodow wielu punktow swietlnych.,Вариант norm/lux; многоточечный светильник ~4 клеммы WAGO 221-415 (5 жил) для разветвлённых цепей множества точек света.,expert,Praktyka wykonawcza + karta WAGO 221,https://www.wago.com/us/splicing-connectors-221,zalozenie ~4 szt/oprawa zlozona; rodzina 221
6.06,Oprawy sufitowe złożone wielopunktowe,szt,construction,WKRET_KOLEK_MONTAZOWY,Wkręt montażowy z kołkiem 6x40,szt,4.00,"norm,lux",0,Wariant norm/lux; zamocowanie oprawy wielopunktowej ~4 wkrety z kolkami na sztuke.,Вариант norm/lux; крепление многоточечного светильника ~4 винта с дюбелями на штуку.,expert,Praktyka wykonawcza (mocowanie oprawy zlozonej),,zalozenie eksperckie ~4 szt/oprawa
6.07,Szynoprzewód + 2 reflektory,mb,construction,WKRET_KOLEK_MONTAZOWY,Wkręt montażowy z kołkiem 6x40,szt,2.00,budget,0,Szynoprzewod to fixture (mb); consumable to ~2 wkrety z kolkami na mb do przykrecenia szyny do sufitu wg praktyki.,Шинопровод - fixture (мб); расходник - ~2 винта с дюбелями на пм для крепления шины к потолку по практике.,expert,Praktyka wykonawcza (mocowanie szynoprzewodu),,zalozenie eksperckie ~2 szt/mb szyny
6.07,Szynoprzewód + 2 reflektory,mb,construction,ZLACZKA_INSTALACYJNA,Złączka instalacyjna WAGO 221-413 3x4mm2,szt,1.00,budget,0,Podlaczenie zasilania szynoprzewodu ~1 zlaczka WAGO 221-413 na mb (usredniony punkt zasilania na dlugosc szyny).,Подключение питания шинопровода ~1 клемма WAGO 221-413 на пм (усреднённая точка питания на длину шины).,expert,Praktyka wykonawcza + karta WAGO 221-413,https://www.wago.com/at/installationsklemmen/verbindungsklemme-mit-hebeln/p/221-413,zalozenie ~1 szt/mb; karta 221-413
6.07,Szynoprzewód + 2 reflektory,mb,construction,WKRET_KOLEK_MONTAZOWY,Wkręt montażowy z kołkiem 6x40,szt,3.00,"norm,lux",0,Wariant norm/lux; gestsze kotwienie szynoprzewodu ~3 wkrety z kolkami na mb dla sztywnego montazu z reflektorami.,Вариант norm/lux; более плотное крепление шинопровода ~3 винта с дюбелями на пм для жёсткого монтажа с прожекторами.,expert,Praktyka wykonawcza (mocowanie szynoprzewodu),,zalozenie eksperckie ~3 szt/mb szyny
6.07,Szynoprzewód + 2 reflektory,mb,construction,ZLACZKA_INSTALACYJNA,Złączka instalacyjna WAGO 221-415 5x4mm2,szt,1.00,"norm,lux",0,Wariant norm/lux; podlaczenie szynoprzewodu ~1 zlaczka WAGO 221-415 na mb (rezerwa zyl dla obwodow reflektorow).,Вариант norm/lux; подключение шинопровода ~1 клемма WAGO 221-415 на пм (запас жил для цепей прожекторов).,expert,Praktyka wykonawcza + karta WAGO 221,https://www.wago.com/us/splicing-connectors-221,zalozenie ~1 szt/mb; rodzina 221
6.08,Montaż osprzętu elektrycznego z ramką (gniazda włączniki sterowniki),kpl,construction,ZLACZKA_INSTALACYJNA,Złączka instalacyjna WAGO 221-413 3x4mm2,szt,3.00,budget,0,Osprzet (gniazdo/wlacznik) jest fixture; consumable to ~3 zlaczki WAGO 221-413 na kpl osprzetu z ramka wg praktyki laczenia zyl.,Электроустановка (розетка/выключатель) - fixture; расходник - ~3 клеммы WAGO 221-413 на компл. с рамкой по практике соединения жил.,expert,Praktyka wykonawcza + karta WAGO 221-413,https://www.wago.com/at/installationsklemmen/verbindungsklemme-mit-hebeln/p/221-413,zalozenie ~3 szt/kpl; karta 221-413
6.08,Montaż osprzętu elektrycznego z ramką (gniazda włączniki sterowniki),kpl,construction,WKRET_KOLEK_MONTAZOWY,Wkręt montażowy z kołkiem 6x40,szt,2.00,budget,0,Zamocowanie osprzetu z ramka do puszki ~2 wkrety na kpl wg praktyki (mocowanie mechanizmu i ramki).,Крепление электроустановки с рамкой к коробке ~2 винта на компл. по практике (крепёж механизма и рамки).,expert,Praktyka wykonawcza (mocowanie osprzetu),,zalozenie eksperckie ~2 szt/kpl
6.08,Montaż osprzętu elektrycznego z ramką (gniazda włączniki sterowniki),kpl,construction,ZLACZKA_INSTALACYJNA,Złączka instalacyjna WAGO 221-415 5x4mm2,szt,3.00,"norm,lux",0,Wariant norm/lux; osprzet z ramka (np. sterownik) ~3 zlaczki WAGO 221-415 (5 zyl) dla wiekszej liczby polaczen w kpl.,Вариант norm/lux; электроустановка с рамкой (напр. контроллер) ~3 клеммы WAGO 221-415 (5 жил) для большего числа соединений в компл.,expert,Praktyka wykonawcza + karta WAGO 221,https://www.wago.com/us/splicing-connectors-221,zalozenie ~3 szt/kpl; rodzina 221
6.08,Montaż osprzętu elektrycznego z ramką (gniazda włączniki sterowniki),kpl,construction,TASMA_IZOLACYJNA,Taśma izolacyjna PVC elektryczna,mb,0.30,"norm,lux",0,Wariant norm/lux; zabezpieczenie polaczen osprzetu ~0.3 mb tasmy izolacyjnej na kpl wg praktyki.,Вариант norm/lux; защита соединений электроустановки ~0.3 пм изоленты на компл. по практике.,expert,Praktyka wykonawcza (izolacja polaczen),https://www.castorama.pl,zalozenie eksperckie ~0.3 mb/kpl; SKU tasma PVC Castorama
6.09,Grzejnik elektryczny,kpl,construction,ZLACZKA_INSTALACYJNA,Złączka instalacyjna WAGO 221-413 3x4mm2,szt,3.00,budget,0,"Grzejnik jest fixture; consumable to ~3 zlaczki WAGO 221-413 na kpl podlaczenia zasilania grzejnika (L, N, PE) wg praktyki.","Обогреватель - fixture; расходник - ~3 клеммы WAGO 221-413 на компл. подключения питания обогревателя (L, N, PE) по практике.",expert,Praktyka wykonawcza + karta WAGO 221-413,https://www.wago.com/at/installationsklemmen/verbindungsklemme-mit-hebeln/p/221-413,zalozenie ~3 szt/kpl; karta 221-413
6.09,Grzejnik elektryczny,kpl,construction,WKRET_KOLEK_MONTAZOWY,Wkręt montażowy z kołkiem 6x40,szt,4.00,budget,0,Zamocowanie grzejnika elektrycznego na wspornikach ~4 wkrety z kolkami na kpl ze wzgledu na mase urzadzenia.,Крепление электрообогревателя на кронштейнах ~4 винта с дюбелями на компл. из-за массы устройства.,expert,Praktyka wykonawcza (mocowanie grzejnika),,zalozenie eksperckie ~4 szt/kpl
6.09,Grzejnik elektryczny,kpl,construction,ZLACZKA_INSTALACYJNA,Złączka instalacyjna WAGO 221-415 5x4mm2,szt,3.00,"norm,lux",0,Wariant norm/lux; podlaczenie grzejnika ~3 zlaczki WAGO 221-415 (rezerwa zyl dla termostatu/sterowania).,Вариант norm/lux; подключение обогревателя ~3 клеммы WAGO 221-415 (запас жил для термостата/управления).,expert,Praktyka wykonawcza + karta WAGO 221,https://www.wago.com/us/splicing-connectors-221,zalozenie ~3 szt/kpl; rodzina 221
6.09,Grzejnik elektryczny,kpl,construction,WKRET_KOLEK_MONTAZOWY,Wkręt montażowy z kołkiem 6x40,szt,4.00,"norm,lux",0,Wariant norm/lux; zamocowanie grzejnika ~4 wkrety z kolkami na kpl.,Вариант norm/lux; крепление обогревателя ~4 винта с дюбелями на компл.,expert,Praktyka wykonawcza (mocowanie grzejnika),,zalozenie eksperckie ~4 szt/kpl
6.10,Elektrozawór wodny,kpl,construction,ZLACZKA_INSTALACYJNA,Złączka instalacyjna WAGO 221-413 3x4mm2,szt,2.00,budget,0,Elektrozawor jest fixture; consumable to ~2 zlaczki WAGO 221-413 na kpl podlaczenia elektrycznego zaworu wg praktyki.,Электроклапан - fixture; расходник - ~2 клеммы WAGO 221-413 на компл. электроподключения клапана по практике.,expert,Praktyka wykonawcza + karta WAGO 221-413,https://www.wago.com/at/installationsklemmen/verbindungsklemme-mit-hebeln/p/221-413,zalozenie ~2 szt/kpl; karta 221-413
6.10,Elektrozawór wodny,kpl,construction,SILIKON,Silikon neutralny Soudal 300ml,l,0.010,budget,0,Uszczelnienie przejscia/montazu elektrozaworu ~0.010 l silikonu neutralnego na kpl wg praktyki (zabezpieczenie przed wilgocia).,Уплотнение прохода/монтажа электроклапана ~0.010 л нейтрального силикона на компл. по практике (защита от влаги).,expert,Praktyka wykonawcza + karta Soudal Universal-Silikon,https://www.soudal.at/diy/produkte/dichtstoffe/universal/universal-silikon,zalozenie eksperckie ~10 ml/kpl; karta Soudal
6.10,Elektrozawór wodny,kpl,construction,ZLACZKA_INSTALACYJNA,Złączka instalacyjna WAGO 221-415 5x4mm2,szt,2.00,"norm,lux",0,Wariant norm/lux; podlaczenie elektrozaworu ~2 zlaczki WAGO 221-415 (rezerwa zyl dla sygnalu sterujacego).,Вариант norm/lux; подключение электроклапана ~2 клеммы WAGO 221-415 (запас жил для управляющего сигнала).,expert,Praktyka wykonawcza + karta WAGO 221,https://www.wago.com/us/splicing-connectors-221,zalozenie ~2 szt/kpl; rodzina 221
6.10,Elektrozawór wodny,kpl,construction,SILIKON,Silikon neutralny Soudal 300ml,l,0.012,"norm,lux",0,Wariant norm/lux; dokladniejsze uszczelnienie elektrozaworu ~0.012 l silikonu neutralnego na kpl.,Вариант norm/lux; более тщательное уплотнение электроклапана ~0.012 л нейтрального силикона на компл.,expert,Praktyka wykonawcza + karta Soudal Universal-Silikon,https://www.soudal.at/diy/produkte/dichtstoffe/universal/universal-silikon,zalozenie eksperckie ~12 ml/kpl; karta Soudal
7.01,Hydroizolacja podłogi,m2,construction,HYDROIZOLACJA,Hydroizolacja folia w płynie Atlas Woder E 5kg,kg,1.50,"budget,norm",10,Hydroizolacja podlogi zuzywa ~1.5 kg/m2 folii w plynie (dwie warstwy); anchor Excela 1.5 kg pogodzony z karta Atlas Woder E.,Гидроизоляция пола расходует ~1.5 кг/м2 жидкой мембраны (два слоя); якорь Excel 1.5 кг согласован с картой Atlas Woder E.,producer_tds,Atlas Woder E — Karta techniczna,https://www.atlas.com.pl/en/product/atlas-woder-e/,sekcja Zuzycie (~1.4-1.5 kg/m2 dwie warstwy)
7.01,Hydroizolacja podłogi,m2,construction,HYDROIZOLACJA,Hydroizolacja Ceresit CL 51 folia w płynie 5kg,kg,1.50,lux,10,Wariant lux; hydroizolacja podlogi ~1.5 kg/m2 folia Ceresit CL 51 wg zuzycia z karty produktu.,Вариант lux; гидроизоляция пола ~1.5 кг/м2 мембрана Ceresit CL 51 по расходу из карты продукта.,producer_tds,Ceresit CL 51 — Karta produktu,https://www.ceresit.com/products/waterproofing/product.html/ceresit-cl-51/SAP_0201JAC0159R.html,sekcja zuzycie (~1.5 kg/m2)
7.01,Hydroizolacja podłogi,m2,construction,TASMA_USZCZELNIAJACA,Taśma uszczelniająca narożna Atlas Hydroband 3G,szt,0.30,"budget,norm,lux",0,"Uszczelnienie narozy podlogi tasma; ~0.3 mb tasmy na m2 podlogi (obwod przyscienny), zalozenie wykonawcze pogodzone z systemem Atlas Woder.","Уплотнение углов пола лентой; ~0.3 пм ленты на м2 пола (пристенный периметр), инженерное допущение согласовано с системой Atlas Woder.",expert,Atlas Hydroband 3G — Karta produktu + praktyka wykonawcza,https://www.atlas.com.pl/en/product/atlas-hydroband-3g/,zalozenie ~0.3 mb/m2 na uszczelnienie polaczen podloga-sciana
7.02,Hydroizolacja ścian do pełnej wysokości,m2,construction,HYDROIZOLACJA,Hydroizolacja folia w płynie Atlas Woder E 5kg,kg,1.50,"budget,norm",10,Hydroizolacja scian zuzywa ~1.5 kg/m2 folii w plynie (dwie warstwy); anchor Excela 1.5 kg wg karty Atlas Woder E.,Гидроизоляция стен расходует ~1.5 кг/м2 жидкой мембраны (два слоя); якорь Excel 1.5 кг по карте Atlas Woder E.,producer_tds,Atlas Woder E — Karta techniczna,https://www.atlas.com.pl/en/product/atlas-woder-e/,sekcja Zuzycie (~1.4-1.5 kg/m2 dwie warstwy)
7.02,Hydroizolacja ścian do pełnej wysokości,m2,construction,HYDROIZOLACJA,Hydroizolacja Ceresit CL 51 folia w płynie 5kg,kg,1.50,lux,10,Wariant lux; hydroizolacja scian ~1.5 kg/m2 folia Ceresit CL 51 wg zuzycia z karty produktu.,Вариант lux; гидроизоляция стен ~1.5 кг/м2 мембрана Ceresit CL 51 по расходу из карты продукта.,producer_tds,Ceresit CL 51 — Karta produktu,https://www.ceresit.com/products/waterproofing/product.html/ceresit-cl-51/SAP_0201JAC0159R.html,sekcja zuzycie (~1.5 kg/m2)
7.02,Hydroizolacja ścian do pełnej wysokości,m2,construction,TASMA_USZCZELNIAJACA,Taśma uszczelniająca narożna Atlas Hydroband 3G,szt,0.25,"budget,norm,lux",0,"Uszczelnienie narozy scian tasma; ~0.25 mb tasmy na m2 sciany (naroza pionowe i polaczenia), zalozenie wykonawcze.","Уплотнение углов стен лентой; ~0.25 пм ленты на м2 стены (вертикальные углы и стыки), инженерное допущение.",expert,Atlas Hydroband 3G — Karta produktu + praktyka wykonawcza,https://www.atlas.com.pl/en/product/atlas-hydroband-3g/,zalozenie ~0.25 mb/m2 na uszczelnienie narozy
7.03,Gruntowanie gruntem podkładowym pod płytki,m2,construction,GRUNT_UNIWERSALNY,Grunt głęboko penetrujący Ceresit CT 17 5l,l,0.15,budget,0,Gruntowanie pod plytki zuzywa ~0.15 l/m2 gruntu CT 17; anchor Excela 0.15 l zgodny z zuzyciem 0.1-0.2 l/m2 wg karty.,Грунтование под плитку расходует ~0.15 л/м2 грунта CT 17; якорь Excel 0.15 л соответствует расходу 0.1-0.2 л/м2 по карте.,excel,Excel Matrix v3.0 Oferta,,"wiersz 7.03 arkusza Oferta, kolumna Grunt CT17"
7.03,Gruntowanie gruntem podkładowym pod płytki,m2,construction,GRUNT_UNIWERSALNY,Grunt Atlas Uni-Grunt 5l,l,0.15,"norm,lux",0,Gruntowanie pod plytki ~0.15 l/m2; karta Atlas Uni-Grunt podaje 0.05-0.2 l/m2 na warstwe wiec norma miesci sie w zakresie.,Грунтование под плитку ~0.15 л/м2; карта Atlas Uni-Grunt указывает 0.05-0.2 л/м2 на слой значит норма в пределах диапазона.,producer_tds,Atlas Uni-Grunt — Karta techniczna,https://www.atlas.com.pl/en/product/atlas-uni-grunt/,sekcja Zuzycie (0.05-0.2 l/m2 na warstwe)
7.04,Brodzik prysznicowy - docinka płytek obsadzenie obróbka,kpl,construction,KLEJ_DO_PLYTEK,Klej elastyczny Atlas Plus 25kg,kg,4.00,"budget,norm",10,Obsadzenie brodzika i docinka plytek wokol zuzywa ~4 kg kleju odksztalcalnego na komplet; brak normy w Excelu wartosc ekspercka pogodzona z zuzyciem Atlas Plus ~5 kg/m2.,Установка поддона и подрезка плитки вокруг расходует ~4 кг деформируемого клея на комплект; нормы в Excel нет экспертное значение согласовано с расходом Atlas Plus ~5 кг/м2.,producer_tds,Atlas Plus — Karta techniczna,https://www.atlas.com.pl/en/product/atlas-plus/,zalozenie ~4 kg/kpl na obsadzenie i docinke wokol brodzika
7.04,Brodzik prysznicowy - docinka płytek obsadzenie obróbka,kpl,construction,KLEJ_DO_PLYTEK,Klej wysokoelastyczny Mapei Adesilex P9 25kg,kg,4.00,lux,10,Wariant lux; obsadzenie brodzika klejem wysokoelastycznym Mapei ~4 kg/kpl (docinka i obrobka plytek).,Вариант lux; установка поддона высокоэластичным клеем Mapei ~4 кг/компл (подрезка и обработка плитки).,producer_tds,Mapei Adesilex P9 — Karta techniczna,https://www.mapei.com/pl/pl/produkty-i-rozwiazania/produkty/detal/adesilex-p9,zalozenie ~4 kg/kpl
7.04,Brodzik prysznicowy - docinka płytek obsadzenie obróbka,kpl,construction,SILIKON,Silikon sanitarny Soudal 280ml,szt,0.60,"budget,norm",0,Uszczelnienie brodzika silikonem sanitarnym; ~0.6 kartusza na komplet (obwod brodzika ~3 mb przy ~5 mb/kartusz).,Герметизация поддона санитарным силиконом; ~0.6 картриджа на комплект (периметр поддона ~3 пм при ~5 пм/картридж).,producer_tds,Soudal Silikon Sanitarny — Karta produktu,https://www.soudal.com/pl-pl/diy/produkty/silikony/silikon-sanitarny,zalozenie ~0.6 szt/kpl (obwod ~3 mb / ~5 mb na kartusz)
7.04,Brodzik prysznicowy - docinka płytek obsadzenie obróbka,kpl,construction,SILIKON,Silikon Ceresit CS 25 dopasowany do fugi 280ml,szt,0.60,lux,0,Wariant lux; uszczelnienie brodzika silikonem Ceresit CS 25 w kolorze fugi ~0.6 kartusza/kpl.,Вариант lux; герметизация поддона силиконом Ceresit CS 25 в тон затирке ~0.6 картриджа/компл.,producer_tds,Ceresit CS 25 — Karta produktu,https://www.ceresit.com/products/tiling/product.html/ceresit-cs-25/SAP_0201SGC0139J8.html,zalozenie ~0.6 szt/kpl
7.05,Odpływ liniowy - docinka płytek obsadzenie obróbka,kpl,construction,KLEJ_DO_PLYTEK,Klej elastyczny Atlas Plus 25kg,kg,2.50,"budget,norm",10,Obsadzenie odplywu liniowego i docinka plytek zuzywa ~2.5 kg kleju odksztalcalnego na komplet; brak normy w Excelu wartosc ekspercka.,Установка линейного трапа и подрезка плитки расходует ~2.5 кг деформируемого клея на комплект; нормы в Excel нет экспертное значение.,producer_tds,Atlas Plus — Karta techniczna,https://www.atlas.com.pl/en/product/atlas-plus/,zalozenie ~2.5 kg/kpl na obsadzenie i docinke przy odplywie
7.05,Odpływ liniowy - docinka płytek obsadzenie obróbka,kpl,construction,KLEJ_DO_PLYTEK,Klej wysokoelastyczny Mapei Adesilex P9 25kg,kg,2.50,lux,10,Wariant lux; obsadzenie odplywu liniowego klejem Mapei ~2.5 kg/kpl.,Вариант lux; установка линейного трапа клеем Mapei ~2.5 кг/компл.,producer_tds,Mapei Adesilex P9 — Karta techniczna,https://www.mapei.com/pl/pl/produkty-i-rozwiazania/produkty/detal/adesilex-p9,zalozenie ~2.5 kg/kpl
7.05,Odpływ liniowy - docinka płytek obsadzenie obróbka,kpl,construction,SILIKON,Silikon sanitarny Soudal 280ml,szt,0.40,"budget,norm",0,Uszczelnienie odplywu liniowego silikonem; ~0.4 kartusza na komplet (spoina wokol odplywu ~2 mb).,Герметизация линейного трапа силиконом; ~0.4 картриджа на комплект (шов вокруг трапа ~2 пм).,producer_tds,Soudal Silikon Sanitarny — Karta produktu,https://www.soudal.com/pl-pl/diy/produkty/silikony/silikon-sanitarny,zalozenie ~0.4 szt/kpl
7.05,Odpływ liniowy - docinka płytek obsadzenie obróbka,kpl,construction,SILIKON,Silikon Ceresit CS 25 dopasowany do fugi 280ml,szt,0.40,lux,0,Wariant lux; uszczelnienie odplywu liniowego silikonem Ceresit CS 25 ~0.4 kartusza/kpl.,Вариант lux; герметизация линейного трапа силиконом Ceresit CS 25 ~0.4 картриджа/компл.,producer_tds,Ceresit CS 25 — Karta produktu,https://www.ceresit.com/products/tiling/product.html/ceresit-cs-25/SAP_0201SGC0139J8.html,zalozenie ~0.4 szt/kpl
7.06,Podłoga - gres format mozaika,m2,finishing,KLEJ_DO_PLYTEK,Klej do płytek Ceresit CM 11 25kg,kg,2.50,budget,10,Klejenie mozaiki gresowej na podlodze zuzywa ~2.5 kg/m2 kleju (drobna packa 4-6 mm); anchor Excela 2.5 kg dla formatu mozaika.,Укладка мозаичного керамогранита на полу расходует ~2.5 кг/м2 клея (мелкий шпатель 4-6 мм); якорь Excel 2.5 кг для формата мозаика.,excel,Excel Matrix v3.0 Oferta,,"wiersz 7.06 arkusza Oferta, kolumna Klej H40 (2.50 kg)"
7.06,Podłoga - gres format mozaika,m2,finishing,KLEJ_DO_PLYTEK,Klej elastyczny Atlas Plus 25kg,kg,2.50,"norm,lux",10,Wariant norm/lux; mozaika gresowa na podlodze ~2.5 kg/m2 klejem odksztalcalnym Atlas Plus (drobne zebowanie packi).,Вариант norm/lux; мозаичный керамогранит на полу ~2.5 кг/м2 деформируемым клеем Atlas Plus (мелкий зуб шпателя).,producer_tds,Atlas Plus — Karta techniczna,https://www.atlas.com.pl/en/product/atlas-plus/,sekcja Zuzycie (~2.5 kg/m2 dla drobnego zebowania)
7.07,Podłoga - gres format mały 6x6 - 25x25,m2,finishing,KLEJ_DO_PLYTEK,Klej do płytek Ceresit CM 11 25kg,kg,3.50,budget,10,Klejenie gresu malego formatu na podlodze zuzywa ~3.5 kg/m2 kleju (packa 6-8 mm); anchor Excela 3.5 kg.,Укладка мелкоформатного керамогранита на полу расходует ~3.5 кг/м2 клея (шпатель 6-8 мм); якорь Excel 3.5 кг.,excel,Excel Matrix v3.0 Oferta,,"wiersz 7.07 arkusza Oferta, kolumna Klej H40 (3.50 kg)"
7.07,Podłoga - gres format mały 6x6 - 25x25,m2,finishing,KLEJ_DO_PLYTEK,Klej elastyczny Atlas Plus 25kg,kg,3.50,"norm,lux",10,Wariant norm/lux; gres maly format na podlodze ~3.5 kg/m2 klejem Atlas Plus (packa 6-8 mm).,Вариант norm/lux; мелкоформатный керамогранит на полу ~3.5 кг/м2 клеем Atlas Plus (шпатель 6-8 мм).,producer_tds,Atlas Plus — Karta techniczna,https://www.atlas.com.pl/en/product/atlas-plus/,sekcja Zuzycie (~3.5 kg/m2 dla packi 6-8 mm)
7.08,Podłoga - gres format średni 30x30 - 60x60,m2,finishing,KLEJ_DO_PLYTEK,Klej elastyczny Atlas Plus 25kg,kg,5.00,"budget,norm",10,Klejenie gres sredni format na podlodze zuzywa ~5.0 kg/mb-m2 kleju odksztalcalnego (packa 8-12 mm / metoda kombinowana); anchor Excela 5.0 kg.,Укладка (gres sredni format na podlodze) расходует ~5.0 кг/пм-м2 деформируемого клея (шпатель 8-12 мм / комбинированный метод); якорь Excel 5.0 кг.,excel,Excel Matrix v3.0 Oferta,,"wiersz 7.08 arkusza Oferta, kolumna Klej H40 (5.00 kg)"
7.08,Podłoga - gres format średni 30x30 - 60x60,m2,finishing,KLEJ_DO_PLYTEK,Klej wysokoelastyczny Mapei Adesilex P9 25kg,kg,5.00,lux,10,Wariant lux; gres sredni format na podlodze ~5.0 kg/mb-m2 klejem Mapei Adesilex P9 (metoda kombinowana dla duzego/wielkiego formatu).,Вариант lux; (gres sredni format na podlodze) ~5.0 кг/пм-м2 клеем Mapei Adesilex P9 (комбинированный метод для крупного формата).,producer_tds,Mapei Adesilex P9 — Karta techniczna,https://www.mapei.com/pl/pl/produkty-i-rozwiazania/produkty/detal/adesilex-p9,sekcja Zuzycie (~5 kg/m2 dla duzego/wielkiego formatu)
7.09,Podłoga - gres format duży 60x60 - 120x120,m2,finishing,KLEJ_DO_PLYTEK,Klej elastyczny Atlas Plus 25kg,kg,5.00,"budget,norm",10,Klejenie gres duzy format na podlodze zuzywa ~5.0 kg/mb-m2 kleju odksztalcalnego (packa 8-12 mm / metoda kombinowana); anchor Excela 5.0 kg.,Укладка (gres duzy format na podlodze) расходует ~5.0 кг/пм-м2 деформируемого клея (шпатель 8-12 мм / комбинированный метод); якорь Excel 5.0 кг.,excel,Excel Matrix v3.0 Oferta,,"wiersz 7.09 arkusza Oferta, kolumna Klej H40 (5.00 kg)"
7.09,Podłoga - gres format duży 60x60 - 120x120,m2,finishing,KLEJ_DO_PLYTEK,Klej wysokoelastyczny Mapei Adesilex P9 25kg,kg,5.00,lux,10,Wariant lux; gres duzy format na podlodze ~5.0 kg/mb-m2 klejem Mapei Adesilex P9 (metoda kombinowana dla duzego/wielkiego formatu).,Вариант lux; (gres duzy format na podlodze) ~5.0 кг/пм-м2 клеем Mapei Adesilex P9 (комбинированный метод для крупного формата).,producer_tds,Mapei Adesilex P9 — Karta techniczna,https://www.mapei.com/pl/pl/produkty-i-rozwiazania/produkty/detal/adesilex-p9,sekcja Zuzycie (~5 kg/m2 dla duzego/wielkiego formatu)
7.10,Podłoga - gres format bardzo duży 120x240 - 100x300,m2,finishing,KLEJ_DO_PLYTEK,Klej elastyczny Atlas Plus 25kg,kg,5.00,"budget,norm",10,Klejenie gres bardzo duzy format na podlodze zuzywa ~5.0 kg/mb-m2 kleju odksztalcalnego (packa 8-12 mm / metoda kombinowana); anchor Excela 5.0 kg.,Укладка (gres bardzo duzy format na podlodze) расходует ~5.0 кг/пм-м2 деформируемого клея (шпатель 8-12 мм / комбинированный метод); якорь Excel 5.0 кг.,excel,Excel Matrix v3.0 Oferta,,"wiersz 7.10 arkusza Oferta, kolumna Klej H40 (5.00 kg)"
7.10,Podłoga - gres format bardzo duży 120x240 - 100x300,m2,finishing,KLEJ_DO_PLYTEK,Klej wysokoelastyczny Mapei Adesilex P9 25kg,kg,5.00,lux,10,Wariant lux; gres bardzo duzy format na podlodze ~5.0 kg/mb-m2 klejem Mapei Adesilex P9 (metoda kombinowana dla duzego/wielkiego formatu).,Вариант lux; (gres bardzo duzy format na podlodze) ~5.0 кг/пм-м2 клеем Mapei Adesilex P9 (комбинированный метод для крупного формата).,producer_tds,Mapei Adesilex P9 — Karta techniczna,https://www.mapei.com/pl/pl/produkty-i-rozwiazania/produkty/detal/adesilex-p9,sekcja Zuzycie (~5 kg/m2 dla duzego/wielkiego formatu)
7.11,Ściany - glazura format mozaika,m2,finishing,KLEJ_DO_PLYTEK,Klej do płytek Ceresit CM 11 25kg,kg,2.50,budget,10,Klejenie mozaiki na scianie zuzywa ~2.5 kg/m2 kleju (drobna packa); anchor Excela 2.5 kg dla formatu mozaika.,Укладка мозаики на стене расходует ~2.5 кг/м2 клея (мелкий шпатель); якорь Excel 2.5 кг для формата мозаика.,excel,Excel Matrix v3.0 Oferta,,"wiersz 7.11 arkusza Oferta, kolumna Klej H40 (2.50 kg)"
7.11,Ściany - glazura format mozaika,m2,finishing,KLEJ_DO_PLYTEK,Klej elastyczny Atlas Plus 25kg,kg,2.50,"norm,lux",10,Wariant norm/lux; mozaika na scianie ~2.5 kg/m2 klejem Atlas Plus (drobne zebowanie packi).,Вариант norm/lux; мозаика на стене ~2.5 кг/м2 клеем Atlas Plus (мелкий зуб шпателя).,producer_tds,Atlas Plus — Karta techniczna,https://www.atlas.com.pl/en/product/atlas-plus/,sekcja Zuzycie (~2.5 kg/m2 dla drobnego zebowania)
7.12,Ściany - glazura format mały 6x6 - 25x25,m2,finishing,KLEJ_DO_PLYTEK,Klej do płytek Ceresit CM 11 25kg,kg,3.50,budget,10,Klejenie glazury malego formatu na scianie zuzywa ~3.5 kg/m2 kleju (packa 6-8 mm); anchor Excela 3.5 kg.,Укладка мелкоформатной плитки на стене расходует ~3.5 кг/м2 клея (шпатель 6-8 мм); якорь Excel 3.5 кг.,excel,Excel Matrix v3.0 Oferta,,"wiersz 7.12 arkusza Oferta, kolumna Klej H40 (3.50 kg)"
7.12,Ściany - glazura format mały 6x6 - 25x25,m2,finishing,KLEJ_DO_PLYTEK,Klej elastyczny Atlas Plus 25kg,kg,3.50,"norm,lux",10,Wariant norm/lux; glazura maly format na scianie ~3.5 kg/m2 klejem Atlas Plus (packa 6-8 mm).,Вариант norm/lux; мелкоформатная плитка на стене ~3.5 кг/м2 клеем Atlas Plus (шпатель 6-8 мм).,producer_tds,Atlas Plus — Karta techniczna,https://www.atlas.com.pl/en/product/atlas-plus/,sekcja Zuzycie (~3.5 kg/m2 dla packi 6-8 mm)
7.13,Ściany - glazura format średni 30x30 - 60x60,m2,finishing,KLEJ_DO_PLYTEK,Klej elastyczny Atlas Plus 25kg,kg,5.00,"budget,norm",10,Klejenie glazura sredni format na scianie zuzywa ~5.0 kg/mb-m2 kleju odksztalcalnego (packa 8-12 mm / metoda kombinowana); anchor Excela 5.0 kg.,Укладка (glazura sredni format na scianie) расходует ~5.0 кг/пм-м2 деформируемого клея (шпатель 8-12 мм / комбинированный метод); якорь Excel 5.0 кг.,excel,Excel Matrix v3.0 Oferta,,"wiersz 7.13 arkusza Oferta, kolumna Klej H40 (5.00 kg)"
7.13,Ściany - glazura format średni 30x30 - 60x60,m2,finishing,KLEJ_DO_PLYTEK,Klej wysokoelastyczny Mapei Adesilex P9 25kg,kg,5.00,lux,10,Wariant lux; glazura sredni format na scianie ~5.0 kg/mb-m2 klejem Mapei Adesilex P9 (metoda kombinowana dla duzego/wielkiego formatu).,Вариант lux; (glazura sredni format na scianie) ~5.0 кг/пм-м2 клеем Mapei Adesilex P9 (комбинированный метод для крупного формата).,producer_tds,Mapei Adesilex P9 — Karta techniczna,https://www.mapei.com/pl/pl/produkty-i-rozwiazania/produkty/detal/adesilex-p9,sekcja Zuzycie (~5 kg/m2 dla duzego/wielkiego formatu)
7.14,Ściany - glazura format duży 60x60 - 120x120,m2,finishing,KLEJ_DO_PLYTEK,Klej elastyczny Atlas Plus 25kg,kg,5.00,"budget,norm",10,Klejenie glazura duzy format na scianie zuzywa ~5.0 kg/mb-m2 kleju odksztalcalnego (packa 8-12 mm / metoda kombinowana); anchor Excela 5.0 kg.,Укладка (glazura duzy format na scianie) расходует ~5.0 кг/пм-м2 деформируемого клея (шпатель 8-12 мм / комбинированный метод); якорь Excel 5.0 кг.,excel,Excel Matrix v3.0 Oferta,,"wiersz 7.14 arkusza Oferta, kolumna Klej H40 (5.00 kg)"
7.14,Ściany - glazura format duży 60x60 - 120x120,m2,finishing,KLEJ_DO_PLYTEK,Klej wysokoelastyczny Mapei Adesilex P9 25kg,kg,5.00,lux,10,Wariant lux; glazura duzy format na scianie ~5.0 kg/mb-m2 klejem Mapei Adesilex P9 (metoda kombinowana dla duzego/wielkiego formatu).,Вариант lux; (glazura duzy format na scianie) ~5.0 кг/пм-м2 клеем Mapei Adesilex P9 (комбинированный метод для крупного формата).,producer_tds,Mapei Adesilex P9 — Karta techniczna,https://www.mapei.com/pl/pl/produkty-i-rozwiazania/produkty/detal/adesilex-p9,sekcja Zuzycie (~5 kg/m2 dla duzego/wielkiego formatu)
7.15,Ściany - glazura format bardzo duży 120x240 - 100x300,m2,finishing,KLEJ_DO_PLYTEK,Klej elastyczny Atlas Plus 25kg,kg,5.00,"budget,norm",10,Klejenie glazura bardzo duzy format na scianie zuzywa ~5.0 kg/mb-m2 kleju odksztalcalnego (packa 8-12 mm / metoda kombinowana); anchor Excela 5.0 kg.,Укладка (glazura bardzo duzy format na scianie) расходует ~5.0 кг/пм-м2 деформируемого клея (шпатель 8-12 мм / комбинированный метод); якорь Excel 5.0 кг.,excel,Excel Matrix v3.0 Oferta,,"wiersz 7.15 arkusza Oferta, kolumna Klej H40 (5.00 kg)"
7.15,Ściany - glazura format bardzo duży 120x240 - 100x300,m2,finishing,KLEJ_DO_PLYTEK,Klej wysokoelastyczny Mapei Adesilex P9 25kg,kg,5.00,lux,10,Wariant lux; glazura bardzo duzy format na scianie ~5.0 kg/mb-m2 klejem Mapei Adesilex P9 (metoda kombinowana dla duzego/wielkiego formatu).,Вариант lux; (glazura bardzo duzy format na scianie) ~5.0 кг/пм-м2 клеем Mapei Adesilex P9 (комбинированный метод для крупного формата).,producer_tds,Mapei Adesilex P9 — Karta techniczna,https://www.mapei.com/pl/pl/produkty-i-rozwiazania/produkty/detal/adesilex-p9,sekcja Zuzycie (~5 kg/m2 dla duzego/wielkiego formatu)
7.16,Wąskie pasy płytek (szer. <1m) format do 25cm,mb,finishing,KLEJ_DO_PLYTEK,Klej do płytek Ceresit CM 11 25kg,kg,3.50,budget,10,Waski pas plytek do 25 cm zuzywa ~3.5 kg/mb kleju; anchor Excela 3.5 kg dla formatu do 25 cm norma plaska na mb (waski metraz pasa).,Узкая полоса плитки до 25 см расходует ~3.5 кг/пм клея; якорь Excel 3.5 кг для формата до 25 см норма плоская на пм (узкий метраж полосы).,excel,Excel Matrix v3.0 Oferta,,"wiersz 7.16 arkusza Oferta, kolumna Klej H40 (3.50 kg)"
7.16,Wąskie pasy płytek (szer. <1m) format do 25cm,mb,finishing,KLEJ_DO_PLYTEK,Klej elastyczny Atlas Plus 25kg,kg,3.50,"norm,lux",10,Wariant norm/lux; waski pas plytek do 25 cm ~3.5 kg/mb klejem Atlas Plus (packa 6-8 mm).,Вариант norm/lux; узкая полоса плитки до 25 см ~3.5 кг/пм клеем Atlas Plus (шпатель 6-8 мм).,producer_tds,Atlas Plus — Karta techniczna,https://www.atlas.com.pl/en/product/atlas-plus/,sekcja Zuzycie (~3.5 kg/m2 dla packi 6-8 mm)
7.17,Wąskie pasy płytek (szer. <1m) format 30 - 90cm,mb,finishing,KLEJ_DO_PLYTEK,Klej elastyczny Atlas Plus 25kg,kg,5.00,"budget,norm",10,Klejenie waski pas plytek 30-90 cm zuzywa ~5.0 kg/mb-m2 kleju odksztalcalnego (packa 8-12 mm / metoda kombinowana); anchor Excela 5.0 kg.,Укладка (waski pas plytek 30-90 cm) расходует ~5.0 кг/пм-м2 деформируемого клея (шпатель 8-12 мм / комбинированный метод); якорь Excel 5.0 кг.,excel,Excel Matrix v3.0 Oferta,,"wiersz 7.17 arkusza Oferta, kolumna Klej H40 (5.00 kg)"
7.17,Wąskie pasy płytek (szer. <1m) format 30 - 90cm,mb,finishing,KLEJ_DO_PLYTEK,Klej wysokoelastyczny Mapei Adesilex P9 25kg,kg,5.00,lux,10,Wariant lux; waski pas plytek 30-90 cm ~5.0 kg/mb-m2 klejem Mapei Adesilex P9 (metoda kombinowana dla duzego/wielkiego formatu).,Вариант lux; (waski pas plytek 30-90 cm) ~5.0 кг/пм-м2 клеем Mapei Adesilex P9 (комбинированный метод для крупного формата).,producer_tds,Mapei Adesilex P9 — Karta techniczna,https://www.mapei.com/pl/pl/produkty-i-rozwiazania/produkty/detal/adesilex-p9,sekcja Zuzycie (~5 kg/m2 dla duzego/wielkiego formatu)
7.18,Wąskie pasy płytek (szer. <1m) format >90,mb,finishing,KLEJ_DO_PLYTEK,Klej elastyczny Atlas Plus 25kg,kg,5.00,"budget,norm",10,Klejenie waski pas plytek >90 cm zuzywa ~5.0 kg/mb-m2 kleju odksztalcalnego (packa 8-12 mm / metoda kombinowana); anchor Excela 5.0 kg.,Укладка (waski pas plytek >90 cm) расходует ~5.0 кг/пм-м2 деформируемого клея (шпатель 8-12 мм / комбинированный метод); якорь Excel 5.0 кг.,excel,Excel Matrix v3.0 Oferta,,"wiersz 7.18 arkusza Oferta, kolumna Klej H40 (5.00 kg)"
7.18,Wąskie pasy płytek (szer. <1m) format >90,mb,finishing,KLEJ_DO_PLYTEK,Klej wysokoelastyczny Mapei Adesilex P9 25kg,kg,5.00,lux,10,Wariant lux; waski pas plytek >90 cm ~5.0 kg/mb-m2 klejem Mapei Adesilex P9 (metoda kombinowana dla duzego/wielkiego formatu).,Вариант lux; (waski pas plytek >90 cm) ~5.0 кг/пм-м2 клеем Mapei Adesilex P9 (комбинированный метод для крупного формата).,producer_tds,Mapei Adesilex P9 — Karta techniczna,https://www.mapei.com/pl/pl/produkty-i-rozwiazania/produkty/detal/adesilex-p9,sekcja Zuzycie (~5 kg/m2 dla duzego/wielkiego formatu)
7.19,Fugowanie płytek - format >30 cm (spoina cementowa),m2,finishing,FUGA_CEMENTOWA,Fuga cementowa Ceresit CE 40 Aquastatic 2kg,kg,0.30,"norm,lux",5,Fugowanie plytek >30 cm fuga cementowa zuzywa ~0.3 kg/m2 (duzy format malo spoin); wartosc wg kalkulatora zuzycia fugi dla szerokosci spoiny 2-3 mm.,Затирка плитки >30 см цементной затиркой расходует ~0.3 кг/м2 (крупный формат мало швов); значение по калькулятору расхода затирки для шва 2-3 мм.,producer_tds,Ceresit CE 40 Aquastatic — Karta produktu,https://www.ceresit.com/products/tiling/product.html/ceresit-ce-40/SAP_0201SGC013M9.html,sekcja zuzycie (kalkulator dla duzego formatu ~0.3 kg/m2)
7.19,Fugowanie płytek - format >30 cm (spoina cementowa),m2,finishing,FUGA_CEMENTOWA,Fuga cementowa Atlas Fuga Wąska 2kg,kg,0.30,budget,5,Wariant budget; fugowanie plytek >30 cm fuga Atlas ~0.3 kg/m2 (duzy format waskie spoiny).,Вариант budget; затирка плитки >30 см затиркой Atlas ~0.3 кг/м2 (крупный формат узкие швы).,producer_tds,Atlas Fuga Wąska — Karta produktu,https://www.atlas.com.pl/en/product/atlas-narrow-joint/,sekcja zuzycie (~0.3 kg/m2 dla duzego formatu)
7.20,Fugowanie płytek - format >30 cm (spoina epoksydowa),m2,finishing,FUGA_EPOKSYDOWA,Fuga epoksydowa Ceresit CE 79 UltraEpoxy 2.5kg,kg,0.50,"budget,norm",5,Fugowanie plytek >30 cm fuga epoksydowa zuzywa ~0.5 kg/m2 (duzy format spoina >=3 mm); fuga epoksydowa ~1.6 kg/m2 na mm przeliczona na typowy przekroj spoiny. Pakiet budget korzysta z tanszej fugi epoksydowej (fallback - praca wymaga epoksydu).,Затирка плитки >30 см эпоксидной затиркой расходует ~0.5 кг/м2 (крупный формат шов >=3 мм); эпоксидная затирка ~1.6 кг/м2 на мм пересчитана на типовое сечение шва. Пакет budget использует более дешёвую эпоксидную затирку (fallback - работа требует эпоксида).,producer_tds,Ceresit CE 79 UltraEpoxy — Karta produktu,https://www.ceresit.com/products/tiling/product.html/ceresit-ce-79/SAP_0201SGC0142C6.html,sekcja zuzycie (przeliczenie na przekroj spoiny duzego formatu)
7.20,Fugowanie płytek - format >30 cm (spoina epoksydowa),m2,finishing,FUGA_EPOKSYDOWA,Fuga epoksydowa Mapei Kerapoxy 3kg,kg,0.50,lux,5,Wariant lux; fugowanie plytek >30 cm fuga Kerapoxy ~0.5 kg/m2; karta podaje ~1.6 kg/m2 na mm grubosci spoiny.,Вариант lux; затирка плитки >30 см затиркой Kerapoxy ~0.5 кг/м2; карта указывает ~1.6 кг/м2 на мм толщины шва.,producer_tds,Mapei Kerapoxy — Karta techniczna,https://www.mapei.com/pl/pl/produkty-i-rozwiazania/produkty/detal/kerapoxy,sekcja Zuzycie (~1.6 kg/m2 na mm)
7.21,Fugowanie płytek - format <30 cm (spoina cementowa),m2,finishing,FUGA_CEMENTOWA,Fuga cementowa Ceresit CE 40 Aquastatic 2kg,kg,0.50,"norm,lux",5,Fugowanie plytek <30 cm fuga cementowa zuzywa ~0.5 kg/m2 (maly format wiecej spoin na m2); wg kalkulatora zuzycia dla malego formatu.,Затирка плитки <30 см цементной затиркой расходует ~0.5 кг/м2 (мелкий формат больше швов на м2); по калькулятору расхода для мелкого формата.,producer_tds,Ceresit CE 40 Aquastatic — Karta produktu,https://www.ceresit.com/products/tiling/product.html/ceresit-ce-40/SAP_0201SGC013M9.html,sekcja zuzycie (kalkulator dla malego formatu ~0.5 kg/m2)
7.21,Fugowanie płytek - format <30 cm (spoina cementowa),m2,finishing,FUGA_CEMENTOWA,Fuga cementowa Atlas Fuga Wąska 2kg,kg,0.50,budget,5,Wariant budget; fugowanie plytek <30 cm fuga Atlas ~0.5 kg/m2 (maly format gesta siatka spoin).,Вариант budget; затирка плитки <30 см затиркой Atlas ~0.5 кг/м2 (мелкий формат густая сетка швов).,producer_tds,Atlas Fuga Wąska — Karta produktu,https://www.atlas.com.pl/en/product/atlas-narrow-joint/,sekcja zuzycie (~0.5 kg/m2 dla malego formatu)
7.22,Fugowanie płytek - format <30 cm (spoina epoksydowa),m2,finishing,FUGA_EPOKSYDOWA,Fuga epoksydowa Ceresit CE 79 UltraEpoxy 2.5kg,kg,0.80,"budget,norm",5,Fugowanie plytek <30 cm fuga epoksydowa zuzywa ~0.8 kg/m2 (maly format wiecej spoin); przeliczenie z ~1.6 kg/m2 na mm dla gestej siatki spoin. Pakiet budget korzysta z tanszej fugi epoksydowej (fallback).,Затирка плитки <30 см эпоксидной затиркой расходует ~0.8 кг/м2 (мелкий формат больше швов); пересчёт из ~1.6 кг/м2 на мм для густой сетки швов. Пакет budget использует более дешёвую эпоксидную затирку (fallback).,producer_tds,Ceresit CE 79 UltraEpoxy — Karta produktu,https://www.ceresit.com/products/tiling/product.html/ceresit-ce-79/SAP_0201SGC0142C6.html,sekcja zuzycie (przeliczenie dla malego formatu)
7.22,Fugowanie płytek - format <30 cm (spoina epoksydowa),m2,finishing,FUGA_EPOKSYDOWA,Fuga epoksydowa Mapei Kerapoxy 3kg,kg,0.80,lux,5,Wariant lux; fugowanie plytek <30 cm fuga Kerapoxy ~0.8 kg/m2 (maly format); karta ~1.6 kg/m2 na mm grubosci spoiny.,Вариант lux; затирка плитки <30 см затиркой Kerapoxy ~0.8 кг/м2 (мелкий формат); карта ~1.6 кг/м2 на мм толщины шва.,producer_tds,Mapei Kerapoxy — Karta techniczna,https://www.mapei.com/pl/pl/produkty-i-rozwiazania/produkty/detal/kerapoxy,sekcja Zuzycie (~1.6 kg/m2 na mm)
7.23,Fugowanie narożników fugą epoksydową,mb,finishing,FUGA_EPOKSYDOWA,Fuga epoksydowa Ceresit CE 79 UltraEpoxy 2.5kg,kg,0.15,"budget,norm",5,Fugowanie narozy fuga epoksydowa zuzywa ~0.15 kg/mb (waski przekroj spoiny naroznej); przeliczenie z zuzycia na mm dla pojedynczej spoiny. Pakiet budget korzysta z tanszej fugi epoksydowej (fallback - praca wymaga epoksydu).,Затирка углов эпоксидной затиркой расходует ~0.15 кг/пм (узкое сечение углового шва); пересчёт из расхода на мм для одиночного шва. Пакет budget использует более дешёвую эпоксидную затирку (fallback - работа требует эпоксида).,producer_tds,Ceresit CE 79 UltraEpoxy — Karta produktu,https://www.ceresit.com/products/tiling/product.html/ceresit-ce-79/SAP_0201SGC0142C6.html,sekcja zuzycie (przeliczenie na spoine narozna ~0.15 kg/mb)
7.23,Fugowanie narożników fugą epoksydową,mb,finishing,FUGA_EPOKSYDOWA,Fuga epoksydowa Mapei Kerapoxy 3kg,kg,0.15,lux,5,Wariant lux; fugowanie narozy fuga Kerapoxy ~0.15 kg/mb (waski przekroj spoiny naroznej).,Вариант lux; затирка углов затиркой Kerapoxy ~0.15 кг/пм (узкое сечение углового шва).,producer_tds,Mapei Kerapoxy — Karta techniczna,https://www.mapei.com/pl/pl/produkty-i-rozwiazania/produkty/detal/kerapoxy,sekcja Zuzycie (~1.6 kg/m2 na mm; przeliczenie na mb narozy)
7.24,Szlifowanie płytek na 45st. w narożnikach format >30 cm,mb,construction,NARZEDZIE_DIAMENTOWE,Tarcza diamentowa Bosch EXPERT Hard Ceramic 85mm,szt,0.05,"budget,norm,lux",0,Szlif 45 st. gresu >30 cm zuzywa tarcze diamentowa; ~0.05 szt/mb (jedna tarcza starcza na ~20 mb szlifu twardego gresu) wartosc ekspercka.,Запил 45° керамогранита >30 см расходует алмазный диск; ~0.05 шт/пм (одного диска хватает на ~20 пм шлифовки твёрдого керамогранита) экспертное значение.,expert,Bosch EXPERT Hard Ceramic — Karta produktu + praktyka wykonawcza,https://www.bosch-professional.com/pl/pl/products/expert-hardceramic-x-lock-2608900654,zalozenie ~0.05 szt/mb (zywotnosc tarczy ~20 mb szlifu gresu >30 cm)
7.25,Szlifowanie płytek na 45st. w narożnikach,mb,construction,NARZEDZIE_DIAMENTOWE,Tarcza diamentowa Bosch EXPERT Hard Ceramic 85mm,szt,0.04,"budget,norm,lux",0,Szlif 45 st. plytek standardowych zuzywa tarcze diamentowa; ~0.04 szt/mb (cienszy material => dluzsza zywotnosc ~25 mb) wartosc ekspercka.,Запил 45° стандартной плитки расходует алмазный диск; ~0.04 шт/пм (более тонкий материал => ресурс ~25 пм) экспертное значение.,expert,Bosch EXPERT Hard Ceramic — Karta produktu + praktyka wykonawcza,https://www.bosch-professional.com/pl/pl/products/expert-hardceramic-x-lock-2608900654,zalozenie ~0.04 szt/mb (zywotnosc tarczy ~25 mb szlifu)
7.26,Odcięcie i szlifowanie (zakończenie jak fabryczne) przy łączeniach płytka-płytka,mb,construction,NARZEDZIE_DIAMENTOWE,Tarcza diamentowa Bosch EXPERT Hard Ceramic 85mm,szt,0.05,"budget,norm,lux",0,Odciecie i szlif krawedzi do zakonczenia fabrycznego zuzywa tarcze diamentowa; ~0.05 szt/mb (ciecie + szlif obciazaja tarcze) wartosc ekspercka.,Рез и шлифовка кромки под фабричное завершение расходует алмазный диск; ~0.05 шт/пм (рез + шлиф нагружают диск) экспертное значение.,expert,Bosch EXPERT Hard Ceramic — Karta produktu + praktyka wykonawcza,https://www.bosch-professional.com/pl/pl/products/expert-hardceramic-x-lock-2608900654,zalozenie ~0.05 szt/mb (ciecie + szlif krawedzi)
7.27,Otworowanie w płytkach śr. powyżej 15mm,kpl,construction,NARZEDZIE_DIAMENTOWE,Otwornica diamentowa Bosch Diamond for Hard Ceramics,szt,0.15,"budget,norm,lux",0,Otworowanie w gresie sr. >15 mm zuzywa otwornice diamentowa; ~0.15 szt na komplet otworow (jedna otwornica na ~6-7 otworow w twardym gresie) wartosc ekspercka.,Сверление в керамограните диам. >15 мм расходует алмазную коронку; ~0.15 шт на комплект отверстий (одна коронка на ~6-7 отверстий в твёрдом керамограните) экспертное значение.,expert,Bosch Diamond for Hard Ceramics — Karta produktu + praktyka wykonawcza,https://www.bosch-professional.com/pl/pl/products/diamond-cutter-diamond-for-hard-ceramics-0601190315,zalozenie ~0.15 szt/kpl (zywotnosc otwornicy ~6-7 otworow)
7.28,Silikonowanie narożników,mb,finishing,SILIKON,Silikon sanitarny Soudal 280ml,szt,0.20,"budget,norm",0,Silikonowanie narozy zuzywa ~0.20 kartusza/mb (1 kartusz 280 ml na ~5 mb spoiny); wydajnosc wg karty produktu Soudal.,Силиконизация углов расходует ~0.20 картриджа/пм (1 картридж 280 мл на ~5 пм шва); производительность по карте продукта Soudal.,producer_tds,Soudal Silikon Sanitarny — Karta produktu,https://www.soudal.com/pl-pl/diy/produkty/silikony/silikon-sanitarny,sekcja wydajnosc (~5 mb spoiny na kartusz 280 ml)
7.28,Silikonowanie narożników,mb,finishing,SILIKON,Silikon Ceresit CS 25 dopasowany do fugi 280ml,szt,0.20,lux,0,Wariant lux; silikonowanie narozy silikonem Ceresit CS 25 w kolorze fugi ~0.20 kartusza/mb (~5 mb na kartusz).,Вариант lux; силиконизация углов силиконом Ceresit CS 25 в тон затирке ~0.20 картриджа/пм (~5 пм на картридж).,producer_tds,Ceresit CS 25 — Karta produktu,https://www.ceresit.com/products/tiling/product.html/ceresit-cs-25/SAP_0201SGC0139J8.html,sekcja wydajnosc (~5 mb spoiny na kartusz 280 ml)
8.01,Gruntowanie gruntem podkładowym x2 - glify okienne lub wnęki,mb,construction,GRUNT_UNIWERSALNY,Grunt uniwersalny CT 17 (odp.),l,0.15,budget,0,Gruntowanie x2 zuzywa ~0.15 l/mb grunt uniwersalny; anchor Excela 0.15 l pogodzony z zuzyciem 0.05-0.2 l/m2 na warstwe wg producenta.,Грунтование x2 расходует ~0.15 л/пм универсального грунта; якорь Excel 0.15 л согласован с расходом 0.05-0.2 л/м2 на слой по данным производителя.,excel,Excel Matrix v3.0 Oferta,,"wiersz 8.01 arkusza Oferta, kolumna Grunt CT17"
8.01,Gruntowanie gruntem podkładowym x2 - glify okienne lub wnęki,mb,construction,GRUNT_UNIWERSALNY,Atlas Uni-Grunt,l,0.15,"norm,lux",0,"Gruntowanie x2 zuzywa ~0.15 l/mb; karta Atlas Uni-Grunt podaje 0.05-0.2 l/m2 na warstwe, wiec ~0.075 l/warstwe x2 miesci sie w zakresie.","Грунтование x2 расходует ~0.15 л/пм; карта Atlas Uni-Grunt указывает 0.05-0.2 л/м2 на слой, т.е. ~0.075 л/слой x2 в пределах диапазона.",producer_tds,Atlas Uni-Grunt — Karta techniczna,https://cdn.shopify.com/s/files/1/0916/9050/0443/files/pl_9532_20240506_095608.pdf,sekcja Consumption/Zuzycie (0.05-0.2 l/m2 na warstwe)
8.01,Gruntowanie gruntem podkładowym x2 - glify okienne lub wnęki,mb,construction,GRUNT_UNIWERSALNY,Knauf Universalgrund,l,0.15,lux,0,"Wariant lux; gruntowanie x2 ~0.15 l/mb, zgodne z zuzyciem gruntu glebokopenetrujacego Knauf na chlonne podloza.","Вариант lux; грунтование x2 ~0.15 л/пм, соответствует расходу грунта глубокого проникновения Knauf на впитывающие основания.",producer_tds,Knauf Tiefengrund/Universalgrund — Karta techniczna,https://knauf.com/de-DE/p/produkt/tiefengrund-10144_0010,sekcja Verbrauch/Zuzycie
8.02,Gruntowanie gruntem podkładowym x2 - sufity,m2,construction,GRUNT_UNIWERSALNY,Grunt uniwersalny CT 17 (odp.),l,0.15,budget,0,"Gruntowanie x2 sufitu zuzywa ~0.15 l/m2 grunt uniwersalny; anchor Excela, chlonny sufit blisko gornej granicy zakresu.","Грунтование x2 потолка расходует ~0.15 л/м2 универсального грунта; якорь Excel, впитывающий потолок у верхней границы диапазона.",excel,Excel Matrix v3.0 Oferta,,"wiersz 8.02 arkusza Oferta, kolumna Grunt CT17"
8.02,Gruntowanie gruntem podkładowym x2 - sufity,m2,construction,GRUNT_UNIWERSALNY,Atlas Uni-Grunt,l,0.15,"norm,lux",0,Gruntowanie x2 sufitu ~0.15 l/m2; karta Atlas Uni-Grunt 0.05-0.2 l/m2 na warstwe potwierdza ~0.075 l/warstwe x2.,Грунтование x2 потолка ~0.15 л/м2; карта Atlas Uni-Grunt 0.05-0.2 л/м2 на слой подтверждает ~0.075 л/слой x2.,producer_tds,Atlas Uni-Grunt — Karta techniczna,https://cdn.shopify.com/s/files/1/0916/9050/0443/files/pl_9532_20240506_095608.pdf,sekcja Consumption/Zuzycie (0.05-0.2 l/m2 na warstwe)
8.02,Gruntowanie gruntem podkładowym x2 - sufity,m2,construction,GRUNT_UNIWERSALNY,Knauf Universalgrund,l,0.15,lux,0,Wariant lux; gruntowanie x2 sufitu ~0.15 l/m2 wg zuzycia gruntu Knauf na podloza chlonne.,Вариант lux; грунтование x2 потолка ~0.15 л/м2 по расходу грунта Knauf на впитывающие основания.,producer_tds,Knauf Tiefengrund/Universalgrund — Karta techniczna,https://knauf.com/de-DE/p/produkt/tiefengrund-10144_0010,sekcja Verbrauch/Zuzycie
8.03,Gruntowanie gruntem podkładowym x2 - ściany,m2,construction,GRUNT_UNIWERSALNY,Grunt uniwersalny CT 17 (odp.),l,0.15,budget,0,Gruntowanie x2 sciany zuzywa ~0.15 l/m2 grunt uniwersalny; anchor Excela dla scian.,Грунтование x2 стены расходует ~0.15 л/м2 универсального грунта; якорь Excel для стен.,excel,Excel Matrix v3.0 Oferta,,"wiersz 8.03 arkusza Oferta, kolumna Grunt CT17"
8.03,Gruntowanie gruntem podkładowym x2 - ściany,m2,construction,GRUNT_UNIWERSALNY,Atlas Uni-Grunt,l,0.15,"norm,lux",0,Gruntowanie x2 sciany ~0.15 l/m2; karta Atlas Uni-Grunt 0.05-0.2 l/m2 na warstwe potwierdza norme.,Грунтование x2 стены ~0.15 л/м2; карта Atlas Uni-Grunt 0.05-0.2 л/м2 на слой подтверждает норму.,producer_tds,Atlas Uni-Grunt — Karta techniczna,https://cdn.shopify.com/s/files/1/0916/9050/0443/files/pl_9532_20240506_095608.pdf,sekcja Consumption/Zuzycie (0.05-0.2 l/m2 na warstwe)
8.03,Gruntowanie gruntem podkładowym x2 - ściany,m2,construction,GRUNT_UNIWERSALNY,Knauf Universalgrund,l,0.15,lux,0,Wariant lux; gruntowanie x2 sciany ~0.15 l/m2 wg zuzycia gruntu Knauf.,Вариант lux; грунтование x2 стены ~0.15 л/м2 по расходу грунта Knauf.,producer_tds,Knauf Tiefengrund/Universalgrund — Karta techniczna,https://knauf.com/de-DE/p/produkt/tiefengrund-10144_0010,sekcja Verbrauch/Zuzycie
8.04,Szlifowanie tynku - glify okienne lub wnęki,mb,construction,PAPIER_SCIERNY,Papier ścierny arkusz gr.120,szt,0.20,budget,0,"Szlifowanie zuzywa material scierny, nie gladz; ~0.2 arkusza papieru gr.120 na mb glifu wg praktyki wykonawczej (kolumny gladzi w Excelu to artefakt arkusza).","Шлифование расходует абразив, а не шпаклёвку; ~0.2 листа бумаги зерно 120 на пм откоса по практике (столбцы шпаклёвки в Excel - артефакт листа).",expert,Praktyka wykonawcza (material scierny zuzywalny),,zalozenie eksperckie ~0.2 arkusza/mb; SKU papieru gr.120 w katalogu
8.04,Szlifowanie tynku - glify okienne lub wnęki,mb,construction,PAPIER_SCIERNY,Siatka ścierna arkusz gr.240,szt,0.20,"norm,lux",0,Wariant norm/lux; szlifowanie glifu zuzywa ~0.2 arkusza siatki gr.240 na mb do wykonczenia powierzchni.,Вариант norm/lux; шлифование откоса расходует ~0.2 листа сетки зерно 240 на пм для финишной поверхности.,expert,Praktyka wykonawcza (material scierny zuzywalny),,zalozenie eksperckie ~0.2 arkusza/mb; SKU siatki gr.240
8.05,Szlifowanie tynku - sufit,m2,construction,PAPIER_SCIERNY,Papier ścierny arkusz gr.120,szt,0.15,budget,0,Szlifowanie sufitu zuzywa ~0.15 arkusza papieru gr.120 na m2; Excel wpisal tu gladz start/finish - pominieto jako artefakt kopiowania.,Шлифование потолка расходует ~0.15 листа бумаги зерно 120 на м2; Excel вписал сюда шпаклёвку start/finish - опущено как артефакт копирования.,expert,Praktyka wykonawcza (material scierny zuzywalny),,zalozenie eksperckie ~0.15 arkusza/m2; SKU papieru gr.120
8.05,Szlifowanie tynku - sufit,m2,construction,PAPIER_SCIERNY,Siatka ścierna arkusz gr.240,szt,0.15,"norm,lux",0,Wariant norm/lux; szlifowanie sufitu ~0.15 arkusza siatki gr.240 na m2 do wykonczenia.,Вариант norm/lux; шлифование потолка ~0.15 листа сетки зерно 240 на м2 для финиша.,expert,Praktyka wykonawcza (material scierny zuzywalny),,zalozenie eksperckie ~0.15 arkusza/m2; SKU siatki gr.240
8.06,Szlifowanie tynku - ściany,m2,construction,PAPIER_SCIERNY,Papier ścierny arkusz gr.120,szt,0.15,budget,0,Szlifowanie sciany zuzywa ~0.15 arkusza papieru gr.120 na m2; kolumny gladzi w Excelu pominieto jako artefakt.,Шлифование стены расходует ~0.15 листа бумаги зерно 120 на м2; столбцы шпаклёвки в Excel опущены как артефакт.,expert,Praktyka wykonawcza (material scierny zuzywalny),,zalozenie eksperckie ~0.15 arkusza/m2; SKU papieru gr.120
8.06,Szlifowanie tynku - ściany,m2,construction,PAPIER_SCIERNY,Siatka ścierna arkusz gr.240,szt,0.15,"norm,lux",0,Wariant norm/lux; szlifowanie sciany ~0.15 arkusza siatki gr.240 na m2 do wykonczenia.,Вариант norm/lux; шлифование стены ~0.15 листа сетки зерно 240 на м2 для финиша.,expert,Praktyka wykonawcza (material scierny zuzywalny),,zalozenie eksperckie ~0.15 arkusza/m2; SKU siatki gr.240
8.07,Gładzie x1 - glify okienne lub wnęki,mb,construction,GLADZ_GIPSOWA,Gładź gipsowa Dolina Nidy Omega 20kg,kg,1.40,budget,0,Gladz x1 na glifie zuzywa ~1.4 kg/mb (Excel start 1.0 + finish 0.4); gladz gipsowa ~1 kg/m2/mm potwierdza rzad wielkosci.,Шпаклёвка x1 на откосе расходует ~1.4 кг/пм (Excel старт 1.0 + финиш 0.4); гипсовая шпаклёвка ~1 кг/м2/мм подтверждает порядок.,excel,Excel Matrix v3.0 Oferta,,"wiersz 8.07 arkusza Oferta, kolumny start+finish"
8.07,Gładzie x1 - glify okienne lub wnęki,mb,construction,GLADZ_GIPSOWA,Gładź gipsowa Atlas Omega 20kg,kg,1.40,budget,0,"Analog budzetowy; gladz x1 na glifie ~1.4 kg/mb, zuzycie gladzi gipsowej Atlas Omega ~1 kg/m2/mm.","Бюджетный аналог; шпаклёвка x1 на откосе ~1.4 кг/пм, расход гипсовой шпаклёвки Atlas Omega ~1 кг/м2/мм.",producer_tds,Atlas Omega — Karta produktu,https://www.atlas.com.pl/produkt/omega/,sekcja srednie zuzycie (~0.8 kg/m2/mm)
8.07,Gładzie x1 - glify okienne lub wnęki,mb,construction,GLADZ_POLIMEROWA,Gładź gipsowa Knauf MP Finish 25kg,kg,1.30,norm,0,Wariant norm; lepsze krycie gladzi Knauf MP Finish daje nieco nizsze zuzycie ~1.3 kg/mb na glifie.,Вариант norm; лучшее укрытие шпаклёвки Knauf MP Finish даёт чуть меньший расход ~1.3 кг/пм на откосе.,producer_tds,Knauf MP/Multi-Finish — Karta produktu,https://knauf.com/de-DE/p/produkt/multi-finish-10268_0010,sekcja Verbrauch (~1 kg/m2/mm)
8.07,Gładzie x1 - glify okienne lub wnęki,mb,construction,GLADZ_GOTOWA_MASA,Gotowa masa szpachlowa Knauf Super Finish 28kg,kg,1.20,lux,0,Wariant lux; gotowa masa Super Finish nakladana cienka rowna warstwa => ~1.2 kg/mb na glifie.,Вариант lux; готовая масса Super Finish наносится тонким ровным слоем => ~1.2 кг/пм на откосе.,producer_tds,Knauf Super Finish — Karta produktu,https://knauf.com/de-DE/p/produkt/super-finish-11410_0010,sekcja Verbrauch
8.08,Gładzie x1 - sufit,m2,construction,GLADZ_GIPSOWA,Gładź gipsowa Dolina Nidy Omega 20kg,kg,1.40,budget,0,Gladz x1 sufitu zuzywa ~1.4 kg/m2 (Excel start 1.0 + finish 0.4).,Шпаклёвка x1 потолка расходует ~1.4 кг/м2 (Excel старт 1.0 + финиш 0.4).,excel,Excel Matrix v3.0 Oferta,,"wiersz 8.08 arkusza Oferta, kolumny start+finish"
8.08,Gładzie x1 - sufit,m2,construction,GLADZ_GIPSOWA,Gładź gipsowa Atlas Omega 20kg,kg,1.40,budget,0,Analog budzetowy; gladz x1 sufitu ~1.4 kg/m2 wg zuzycia Atlas Omega ~1 kg/m2/mm.,Бюджетный аналог; шпаклёвка x1 потолка ~1.4 кг/м2 по расходу Atlas Omega ~1 кг/м2/мм.,producer_tds,Atlas Omega — Karta produktu,https://www.atlas.com.pl/produkt/omega/,sekcja srednie zuzycie (~0.8 kg/m2/mm)
8.08,Gładzie x1 - sufit,m2,construction,GLADZ_POLIMEROWA,Gładź gipsowa Knauf MP Finish 25kg,kg,1.30,norm,0,Wariant norm; gladz Knauf MP Finish x1 sufitu ~1.3 kg/m2 (lepsze krycie).,Вариант norm; шпаклёвка Knauf MP Finish x1 потолка ~1.3 кг/м2 (лучшее укрытие).,producer_tds,Knauf MP/Multi-Finish — Karta produktu,https://knauf.com/de-DE/p/produkt/multi-finish-10268_0010,sekcja Verbrauch (~1 kg/m2/mm)
8.08,Gładzie x1 - sufit,m2,construction,GLADZ_GOTOWA_MASA,Gotowa masa szpachlowa Knauf Super Finish 28kg,kg,1.20,lux,0,Wariant lux; gotowa masa Super Finish x1 sufitu ~1.2 kg/m2 cienka warstwa.,Вариант lux; готовая масса Super Finish x1 потолка ~1.2 кг/м2 тонким слоем.,producer_tds,Knauf Super Finish — Karta produktu,https://knauf.com/de-DE/p/produkt/super-finish-11410_0010,sekcja Verbrauch
8.09,Gładzie x1 - ściany,m2,construction,GLADZ_GIPSOWA,Gładź gipsowa Dolina Nidy Omega 20kg,kg,1.40,budget,0,Gladz x1 sciany zuzywa ~1.4 kg/m2 (Excel start 1.0 + finish 0.4).,Шпаклёвка x1 стены расходует ~1.4 кг/м2 (Excel старт 1.0 + финиш 0.4).,excel,Excel Matrix v3.0 Oferta,,"wiersz 8.09 arkusza Oferta, kolumny start+finish"
8.09,Gładzie x1 - ściany,m2,construction,GLADZ_GIPSOWA,Gładź gipsowa Atlas Omega 20kg,kg,1.40,budget,0,Analog budzetowy; gladz x1 sciany ~1.4 kg/m2 wg zuzycia Atlas Omega ~1 kg/m2/mm.,Бюджетный аналог; шпаклёвка x1 стены ~1.4 кг/м2 по расходу Atlas Omega ~1 кг/м2/мм.,producer_tds,Atlas Omega — Karta produktu,https://www.atlas.com.pl/produkt/omega/,sekcja srednie zuzycie (~0.8 kg/m2/mm)
8.09,Gładzie x1 - ściany,m2,construction,GLADZ_POLIMEROWA,Gładź polimerowa Śnieżka Acryl-Putz ST20 Start,kg,1.30,norm,0,Wariant norm; polimerowa gladz Acryl-Putz ST20 Start x1 sciany ~1.3 kg/m2 wg zuzycia z karty producenta.,Вариант norm; полимерная шпаклёвка Acryl-Putz ST20 Start x1 стены ~1.3 кг/м2 по расходу из карты производителя.,producer_tds,Śnieżka ACRYL-PUTZ ST20 Start — Karta techniczna,https://www.acrylputz.pl/dokumentacja,"karta ST20 START, sekcja Zuzycie"
8.09,Gładzie x1 - ściany,m2,construction,GLADZ_GOTOWA_MASA,Gotowa gładź polimerowa Śnieżka Acryl-Putz FS20 Finisz,kg,1.10,lux,0,Wariant lux; gotowa masa finiszowa Acryl-Putz FS20 x1 sciany cienka warstwa ~1.1 kg/m2.,Вариант lux; готовая финишная масса Acryl-Putz FS20 x1 стены тонким слоем ~1.1 кг/м2.,producer_tds,Śnieżka ACRYL-PUTZ FS20 Finisz — Karta techniczna,https://www.acrylputz.pl/dokumentacja,"karta FS20 FINISZ, sekcja Zuzycie"
8.10,Gładzie x2 - glify okienne lub wnęki (odp. Q3),mb,construction,GLADZ_GIPSOWA,Gładź gipsowa Dolina Nidy Omega 20kg,kg,1.40,budget,0,"Gladz x2 na glifie ~1.4 kg/mb - waski metraz glifu, norma glifu jest plaska niezaleznie od liczby warstw (konwencja pilota).","Шпаклёвка x2 на откосе ~1.4 кг/пм - узкий метраж откоса, норма откоса плоская независимо от числа слоёв (соглашение пилота).",excel,Excel Matrix v3.0 Oferta,,"wiersz 8.10 arkusza Oferta, kolumny start+finish"
8.10,Gładzie x2 - glify okienne lub wnęki (odp. Q3),mb,construction,GLADZ_GIPSOWA,Gładź gipsowa Atlas Omega 20kg,kg,1.40,budget,0,Analog budzetowy; gladz x2 na glifie ~1.4 kg/mb (metraz glifu waski).,Бюджетный аналог; шпаклёвка x2 на откосе ~1.4 кг/пм (метраж откоса узкий).,producer_tds,Atlas Omega — Karta produktu,https://www.atlas.com.pl/produkt/omega/,sekcja srednie zuzycie (~0.8 kg/m2/mm)
8.10,Gładzie x2 - glify okienne lub wnęki (odp. Q3),mb,construction,GLADZ_POLIMEROWA,Gładź gipsowa Knauf MP Finish 25kg,kg,1.30,norm,0,Wariant norm; gladz Knauf MP Finish na glifie ~1.3 kg/mb.,Вариант norm; шпаклёвка Knauf MP Finish на откосе ~1.3 кг/пм.,producer_tds,Knauf MP/Multi-Finish — Karta produktu,https://knauf.com/de-DE/p/produkt/multi-finish-10268_0010,sekcja Verbrauch (~1 kg/m2/mm)
8.10,Gładzie x2 - glify okienne lub wnęki (odp. Q3),mb,construction,GLADZ_GOTOWA_MASA,Gotowa masa szpachlowa Knauf Super Finish 28kg,kg,1.20,lux,0,Wariant lux; gotowa masa Super Finish na glifie ~1.2 kg/mb.,Вариант lux; готовая масса Super Finish на откосе ~1.2 кг/пм.,producer_tds,Knauf Super Finish — Karta produktu,https://knauf.com/de-DE/p/produkt/super-finish-11410_0010,sekcja Verbrauch
8.11,Gładzie x2 - sufit (odp. Q3),m2,construction,GLADZ_GIPSOWA,Gładź gipsowa Dolina Nidy Omega 20kg,kg,2.00,budget,0,Gladz x2 sufitu ~2.0 kg/m2 (Excel start 1.3 + finish 0.7 dla dwoch warstw).,Шпаклёвка x2 потолка ~2.0 кг/м2 (Excel старт 1.3 + финиш 0.7 для двух слоёв).,excel,Excel Matrix v3.0 Oferta,,"wiersz 8.11 arkusza Oferta, kolumny start+finish"
8.11,Gładzie x2 - sufit (odp. Q3),m2,construction,GLADZ_GIPSOWA,Gładź gipsowa Atlas Omega 20kg,kg,2.00,budget,0,Analog budzetowy; gladz x2 sufitu ~2.0 kg/m2.,Бюджетный аналог; шпаклёвка x2 потолка ~2.0 кг/м2.,producer_tds,Atlas Omega — Karta produktu,https://www.atlas.com.pl/produkt/omega/,sekcja srednie zuzycie (~0.8 kg/m2/mm)
8.11,Gładzie x2 - sufit (odp. Q3),m2,construction,GLADZ_POLIMEROWA,Gładź gipsowa Knauf MP Finish 25kg,kg,1.90,norm,0,Wariant norm; lepsze krycie gladzi Knauf MP Finish => x2 sufitu ~1.9 kg/m2.,Вариант norm; лучшее укрытие Knauf MP Finish => x2 потолка ~1.9 кг/м2.,producer_tds,Knauf MP/Multi-Finish — Karta produktu,https://knauf.com/de-DE/p/produkt/multi-finish-10268_0010,sekcja Verbrauch (~1 kg/m2/mm)
8.11,Gładzie x2 - sufit (odp. Q3),m2,construction,GLADZ_GOTOWA_MASA,Gotowa masa szpachlowa Knauf Super Finish 28kg,kg,1.80,lux,0,Wariant lux; gotowa masa Super Finish x2 sufitu ~1.8 kg/m2 cienkimi warstwami.,Вариант lux; готовая масса Super Finish x2 потолка ~1.8 кг/м2 тонкими слоями.,producer_tds,Knauf Super Finish — Karta produktu,https://knauf.com/de-DE/p/produkt/super-finish-11410_0010,sekcja Verbrauch
8.12,Gładzie x2 - ściany (odp. Q3),m2,construction,GLADZ_GIPSOWA,Gładź gipsowa Dolina Nidy Omega 20kg,kg,2.00,budget,0,Gladz x2 sciany ~2.0 kg/m2 (Excel start 1.3 + finish 0.7).,Шпаклёвка x2 стены ~2.0 кг/м2 (Excel старт 1.3 + финиш 0.7).,excel,Excel Matrix v3.0 Oferta,,"wiersz 8.12 arkusza Oferta, kolumny start+finish"
8.12,Gładzie x2 - ściany (odp. Q3),m2,construction,GLADZ_GIPSOWA,Gładź gipsowa Atlas Omega 20kg,kg,2.00,budget,0,Analog budzetowy; gladz x2 sciany ~2.0 kg/m2.,Бюджетный аналог; шпаклёвка x2 стены ~2.0 кг/м2.,producer_tds,Atlas Omega — Karta produktu,https://www.atlas.com.pl/produkt/omega/,sekcja srednie zuzycie (~0.8 kg/m2/mm)
8.12,Gładzie x2 - ściany (odp. Q3),m2,construction,GLADZ_POLIMEROWA,Gładź polimerowa Śnieżka Acryl-Putz ST20 Start,kg,1.90,norm,0,Wariant norm; polimerowa gladz Acryl-Putz ST20 Start x2 sciany ~1.9 kg/m2 wg zuzycia z karty.,Вариант norm; полимерная шпаклёвка Acryl-Putz ST20 Start x2 стены ~1.9 кг/м2 по расходу из карты.,producer_tds,Śnieżka ACRYL-PUTZ ST20 Start — Karta techniczna,https://www.acrylputz.pl/dokumentacja,"karta ST20 START, sekcja Zuzycie"
8.12,Gładzie x2 - ściany (odp. Q3),m2,construction,GLADZ_GOTOWA_MASA,Gotowa gładź polimerowa Śnieżka Acryl-Putz FS20 Finisz,kg,1.70,lux,0,Wariant lux; gotowa masa finiszowa Acryl-Putz FS20 x2 sciany ~1.7 kg/m2.,Вариант lux; готовая финишная масса Acryl-Putz FS20 x2 стены ~1.7 кг/м2.,producer_tds,Śnieżka ACRYL-PUTZ FS20 Finisz — Karta techniczna,https://www.acrylputz.pl/dokumentacja,"karta FS20 FINISZ, sekcja Zuzycie"
8.13,Gładzie x3+ - glify okienne lub wnęki (odp. Q4),mb,construction,GLADZ_GIPSOWA,Gładź gipsowa Dolina Nidy Omega 20kg,kg,1.40,budget,0,"Gladz x3+ na glifie ~1.4 kg/mb - metraz glifu waski, norma plaska niezaleznie od liczby warstw (konwencja pilota).","Шпаклёвка x3+ на откосе ~1.4 кг/пм - метраж откоса узкий, норма плоская независимо от числа слоёв (соглашение пилота).",excel,Excel Matrix v3.0 Oferta,,"wiersz 8.13 arkusza Oferta, kolumny start+finish"
8.13,Gładzie x3+ - glify okienne lub wnęki (odp. Q4),mb,construction,GLADZ_GIPSOWA,Gładź gipsowa Atlas Omega 20kg,kg,1.40,budget,0,Analog budzetowy; gladz x3+ na glifie ~1.4 kg/mb.,Бюджетный аналог; шпаклёвка x3+ на откосе ~1.4 кг/пм.,producer_tds,Atlas Omega — Karta produktu,https://www.atlas.com.pl/produkt/omega/,sekcja srednie zuzycie (~0.8 kg/m2/mm)
8.13,Gładzie x3+ - glify okienne lub wnęki (odp. Q4),mb,construction,GLADZ_POLIMEROWA,Gładź gipsowa Knauf MP Finish 25kg,kg,1.30,norm,0,Wariant norm; gladz Knauf MP Finish na glifie ~1.3 kg/mb.,Вариант norm; шпаклёвка Knauf MP Finish на откосе ~1.3 кг/пм.,producer_tds,Knauf MP/Multi-Finish — Karta produktu,https://knauf.com/de-DE/p/produkt/multi-finish-10268_0010,sekcja Verbrauch (~1 kg/m2/mm)
8.13,Gładzie x3+ - glify okienne lub wnęki (odp. Q4),mb,construction,GLADZ_GOTOWA_MASA,Gotowa masa szpachlowa Knauf Super Finish 28kg,kg,1.20,lux,0,Wariant lux; gotowa masa Super Finish na glifie ~1.2 kg/mb.,Вариант lux; готовая масса Super Finish на откосе ~1.2 кг/пм.,producer_tds,Knauf Super Finish — Karta produktu,https://knauf.com/de-DE/p/produkt/super-finish-11410_0010,sekcja Verbrauch
8.14,Gładzie x3+ - sufit (odp. Q4),m2,construction,GLADZ_GIPSOWA,Gładź gipsowa Dolina Nidy Omega 20kg,kg,2.80,budget,0,"Gladz x3+ sufitu ~2.8 kg/m2 - anchor Excela 1.3/0.7 dotyczy x2, dla Q4 doliczono dodatkowa warstwe (deviation od Excela udokumentowana).","Шпаклёвка x3+ потолка ~2.8 кг/м2 - якорь Excel 1.3/0.7 относится к x2, для Q4 добавлен доп. слой (отклонение от Excel задокументировано).",expert,Excel Matrix v3.0 Oferta + korekta ekspercka Q4,,wiersz 8.14 arkusza Oferta (x2) + doliczona warstwa dla Q4
8.14,Gładzie x3+ - sufit (odp. Q4),m2,construction,GLADZ_GIPSOWA,Gładź gipsowa Atlas Omega 20kg,kg,2.80,budget,0,Analog budzetowy; gladz x3+ sufitu ~2.8 kg/m2 (dodatkowa warstwa dla Q4).,Бюджетный аналог; шпаклёвка x3+ потолка ~2.8 кг/м2 (доп. слой для Q4).,producer_tds,Atlas Omega — Karta produktu,https://www.atlas.com.pl/produkt/omega/,sekcja srednie zuzycie (~0.8 kg/m2/mm)
8.14,Gładzie x3+ - sufit (odp. Q4),m2,construction,GLADZ_POLIMEROWA,Gładź gipsowa Knauf MP Finish 25kg,kg,2.60,norm,0,Wariant norm; gladz Knauf MP Finish x3+ sufitu ~2.6 kg/m2 (lepsze krycie).,Вариант norm; шпаклёвка Knauf MP Finish x3+ потолка ~2.6 кг/м2 (лучшее укрытие).,producer_tds,Knauf MP/Multi-Finish — Karta produktu,https://knauf.com/de-DE/p/produkt/multi-finish-10268_0010,sekcja Verbrauch (~1 kg/m2/mm)
8.14,Gładzie x3+ - sufit (odp. Q4),m2,construction,GLADZ_GOTOWA_MASA,Gotowa masa szpachlowa Knauf Super Finish 28kg,kg,2.40,lux,0,Wariant lux; gotowa masa Super Finish x3+ sufitu ~2.4 kg/m2 cienkimi warstwami.,Вариант lux; готовая масса Super Finish x3+ потолка ~2.4 кг/м2 тонкими слоями.,producer_tds,Knauf Super Finish — Karta produktu,https://knauf.com/de-DE/p/produkt/super-finish-11410_0010,sekcja Verbrauch
8.15,Gładzie x3+ - ściany (odp. Q4),m2,construction,GLADZ_GIPSOWA,Gładź gipsowa Dolina Nidy Omega 20kg,kg,2.80,budget,0,"Gladz x3+ sciany ~2.8 kg/m2 - anchor Excela 1.3/0.7 dotyczy x2, dla Q4 doliczono dodatkowa warstwe (deviation udokumentowana).","Шпаклёвка x3+ стены ~2.8 кг/м2 - якорь Excel 1.3/0.7 относится к x2, для Q4 добавлен доп. слой (отклонение задокументировано).",expert,Excel Matrix v3.0 Oferta + korekta ekspercka Q4,,wiersz 8.15 arkusza Oferta (x2) + doliczona warstwa dla Q4
8.15,Gładzie x3+ - ściany (odp. Q4),m2,construction,GLADZ_GIPSOWA,Gładź gipsowa Atlas Omega 20kg,kg,2.80,budget,0,Analog budzetowy; gladz x3+ sciany ~2.8 kg/m2 (dodatkowa warstwa dla Q4).,Бюджетный аналог; шпаклёвка x3+ стены ~2.8 кг/м2 (доп. слой для Q4).,producer_tds,Atlas Omega — Karta produktu,https://www.atlas.com.pl/produkt/omega/,sekcja srednie zuzycie (~0.8 kg/m2/mm)
8.15,Gładzie x3+ - ściany (odp. Q4),m2,construction,GLADZ_POLIMEROWA,Gładź polimerowa Śnieżka Acryl-Putz ST20 Start,kg,2.60,norm,0,Wariant norm; polimerowa gladz Acryl-Putz ST20 Start x3+ sciany ~2.6 kg/m2.,Вариант norm; полимерная шпаклёвка Acryl-Putz ST20 Start x3+ стены ~2.6 кг/м2.,producer_tds,Śnieżka ACRYL-PUTZ ST20 Start — Karta techniczna,https://www.acrylputz.pl/dokumentacja,"karta ST20 START, sekcja Zuzycie"
8.15,Gładzie x3+ - ściany (odp. Q4),m2,construction,GLADZ_GOTOWA_MASA,Gotowa gładź polimerowa Śnieżka Acryl-Putz FS20 Finisz,kg,2.40,lux,0,Wariant lux; gotowa masa finiszowa Acryl-Putz FS20 x3+ sciany ~2.4 kg/m2.,Вариант lux; готовая финишная масса Acryl-Putz FS20 x3+ стены ~2.4 кг/м2.,producer_tds,Śnieżka ACRYL-PUTZ FS20 Finisz — Karta techniczna,https://www.acrylputz.pl/dokumentacja,"karta FS20 FINISZ, sekcja Zuzycie"
8.16,Szpachlowanie po kablach elektrycznych,szt,construction,GLADZ_GIPSOWA,Gładź gipsowa Dolina Nidy Omega 20kg,kg,0.30,budget,0,Brak normy w Excelu; miejscowe szpachlowanie bruzdy po kablu zuzywa ~0.3 kg gladzi na sztuke (zalozenie eksperckie).,Нормы в Excel нет; локальная заделка штробы после кабеля расходует ~0.3 кг шпаклёвки на штуку (экспертное допущение).,expert,Zalozenie eksperckie (brak normy Excel/KNR),,brak lokatora - wartosc ekspercka ~0.3 kg/szt
8.16,Szpachlowanie po kablach elektrycznych,szt,construction,GLADZ_POLIMEROWA,Gładź gipsowa Knauf MP Finish 25kg,kg,0.30,norm,0,Wariant norm; miejscowe szpachlowanie bruzdy ~0.3 kg gladzi na sztuke (zalozenie eksperckie).,Вариант norm; локальная заделка штробы ~0.3 кг шпаклёвки на штуку (экспертное допущение).,expert,Zalozenie eksperckie (brak normy Excel/KNR),,brak lokatora - wartosc ekspercka ~0.3 kg/szt
8.16,Szpachlowanie po kablach elektrycznych,szt,construction,GLADZ_GOTOWA_MASA,Gotowa masa szpachlowa Knauf Super Finish 28kg,kg,0.30,lux,0,Wariant lux; miejscowe szpachlowanie bruzdy gotowa masa ~0.3 kg na sztuke (zalozenie eksperckie).,Вариант lux; локальная заделка штробы готовой массой ~0.3 кг на штуку (экспертное допущение).,expert,Zalozenie eksperckie (brak normy Excel/KNR),,brak lokatora - wartosc ekspercka ~0.3 kg/szt
9.01,Prace malarskie na wysokości. Zastosowanie rusztowań,szt,construction,TASMA_MALARSKA,Taśma malarska Blue Dolphin 38mm 50m,szt,0.10,"budget,norm,lux",0,"Rusztowanie to praca robocizny (montaz/demontaz), material minimalny; przyjeto ~0.1 szt tasmy malarskiej na komplet do zabezpieczenia krawedzi przy pracy na wysokosci (zalozenie eksperckie).","Строительные леса - это работа (монтаж/демонтаж), материал минимальный; принято ~0.1 шт малярной ленты на комплект для защиты кромок при работе на высоте (экспертное допущение).",expert,Zalozenie eksperckie (rusztowanie = robocizna),,brak lokatora - praca robocizny; minimalna tasma zabezpieczajaca ~0.1 szt/kpl
9.02,Malowanie wałkiem na biało - glify okienne lub wnęki,mb,construction,GRUNT_MALARSKI,Farba gruntująca podkładowa Śnieżka Grunt 5l,l,0.05,budget,0,"Gruntowanie glifu przed malowaniem zuzywa ~0.05 l/mb farby gruntujacej (waski metraz glifu, norma plaska); wg wydajnosci ~10 m2/l.","Грунтование откоса перед покраской расходует ~0.05 л/пм грунтующей краски (узкий метраж откоса, норма плоская); по укрывистости ~10 м2/л.",producer_tds,Śnieżka emulsja gruntująca — Karta techniczna,https://www.sniezka.pl/produkty,sekcja Wydajnosc (~10 m2/l); przeliczenie na waski glif ~0.05 l/mb
9.02,Malowanie wałkiem na biało - glify okienne lub wnęki,mb,construction,GRUNT_MALARSKI,Farba gruntująca podkładowa Dekoral Profesjonalny Grunt 5l,l,0.05,"norm,lux",0,Wariant norm/lux; gruntowanie glifu ~0.05 l/mb gruntem Dekoral wg wydajnosci ~10-12 m2/l.,Вариант norm/lux; грунтование откоса ~0.05 л/пм грунтом Dekoral по укрывистости ~10-12 м2/л.,producer_tds,Dekoral grunt akrylowy — Karta techniczna,https://www.dekoral.pl/produkty,sekcja Wydajnosc (~10-12 m2/l); przeliczenie na waski glif ~0.05 l/mb
9.02,Malowanie wałkiem na biało - glify okienne lub wnęki,mb,finishing,FARBA_DEKORACYJNA,Farba lateksowa biała Śnieżka Barwy Natury 5l,l,0.10,budget,0,"Malowanie x2 na bialo glifu zuzywa ~0.10 l/mb farby nawierzchniowej (waski metraz, dwie warstwy); ~0.2 l/m2 x2 przeliczone na glif.","Покраска x2 в белый откоса расходует ~0.10 л/пм финишной краски (узкий метраж, два слоя); ~0.2 л/м2 x2 в пересчёте на откос.",producer_tds,Śnieżka farba lateksowa — Karta techniczna,https://www.sniezka.pl/produkty,sekcja Wydajnosc (~10 m2/l na warstwe); ~0.2 l/m2 x2 -> ~0.10 l/mb glifu
9.02,Malowanie wałkiem na biało - glify okienne lub wnęki,mb,finishing,FARBA_DEKORACYJNA,Farba lateksowa Dekoral Akrylit W 5l,l,0.09,norm,0,Wariant norm; malowanie x2 glifu ~0.09 l/mb farba Dekoral Akrylit W wg wydajnosci ~11 m2/l na warstwe.,Вариант norm; покраска x2 откоса ~0.09 л/пм краской Dekoral Akrylit W по укрывистости ~11 м2/л на слой.,producer_tds,Dekoral Akrylit W — Karta techniczna,https://www.dekoral.pl/produkty,sekcja Wydajnosc (~11 m2/l na warstwe)
9.02,Malowanie wałkiem na biało - glify okienne lub wnęki,mb,finishing,FARBA_DEKORACYJNA,Farba lateksowa premium Tikkurila Optiva 5l,l,0.08,lux,0,Wariant lux; malowanie x2 glifu ~0.08 l/mb farba Tikkurila Optiva o wyzszej wydajnosci ~12 m2/l na warstwe.,Вариант lux; покраска x2 откоса ~0.08 л/пм краской Tikkurila Optiva с большей укрывистостью ~12 м2/л на слой.,producer_tds,Tikkurila Optiva — Karta techniczna,https://www.tikkurila.pl/produkty,sekcja Wydajnosc (~12 m2/l na warstwe)
9.03,Malowanie wałkiem na biało - sufity i blendy,m2,construction,GRUNT_MALARSKI,Farba gruntująca podkładowa Śnieżka Grunt 5l,l,0.10,budget,0,Gruntowanie sufitu przed malowaniem zuzywa ~0.10 l/m2 farby gruntujacej wg wydajnosci ~10 m2/l (jedna warstwa podkladowa).,Грунтование потолка перед покраской расходует ~0.10 л/м2 грунтующей краски по укрывистости ~10 м2/л (один подкладочный слой).,producer_tds,Śnieżka emulsja gruntująca — Karta techniczna,https://www.sniezka.pl/produkty,sekcja Wydajnosc (~10 m2/l na warstwe)
9.03,Malowanie wałkiem na biało - sufity i blendy,m2,construction,GRUNT_MALARSKI,Farba gruntująca podkładowa Dekoral Profesjonalny Grunt 5l,l,0.10,"norm,lux",0,Wariant norm/lux; gruntowanie sufitu ~0.10 l/m2 gruntem Dekoral wg wydajnosci ~10-12 m2/l.,Вариант norm/lux; грунтование потолка ~0.10 л/м2 грунтом Dekoral по укрывистости ~10-12 м2/л.,producer_tds,Dekoral grunt akrylowy — Karta techniczna,https://www.dekoral.pl/produkty,sekcja Wydajnosc (~10-12 m2/l na warstwe)
9.03,Malowanie wałkiem na biało - sufity i blendy,m2,finishing,FARBA_DEKORACYJNA,Farba lateksowa biała Śnieżka Barwy Natury 5l,l,0.20,budget,0,Malowanie x2 na bialo sufitu zuzywa ~0.20 l/m2 farby nawierzchniowej (dwie warstwy); ~0.2 l/m2 wg wydajnosci ~10 m2/l na warstwe.,Покраска x2 в белый потолка расходует ~0.20 л/м2 финишной краски (два слоя); ~0.2 л/м2 по укрывистости ~10 м2/л на слой.,producer_tds,Śnieżka farba lateksowa — Karta techniczna,https://www.sniezka.pl/produkty,sekcja Wydajnosc (~10 m2/l na warstwe; ~0.22 l/m2 dla x2 wg praktyki)
9.03,Malowanie wałkiem na biało - sufity i blendy,m2,finishing,FARBA_DEKORACYJNA,Farba lateksowa Dekoral Akrylit W 5l,l,0.18,norm,0,Wariant norm; malowanie x2 sufitu ~0.18 l/m2 farba Dekoral Akrylit W wg wydajnosci ~11 m2/l na warstwe.,Вариант norm; покраска x2 потолка ~0.18 л/м2 краской Dekoral Akrylit W по укрывистости ~11 м2/л на слой.,producer_tds,Dekoral Akrylit W — Karta techniczna,https://www.dekoral.pl/produkty,sekcja Wydajnosc (~11 m2/l na warstwe)
9.03,Malowanie wałkiem na biało - sufity i blendy,m2,finishing,FARBA_DEKORACYJNA,Farba lateksowa premium Tikkurila Optiva 5l,l,0.17,lux,0,Wariant lux; malowanie x2 sufitu ~0.17 l/m2 farba Tikkurila Optiva o wydajnosci ~12 m2/l na warstwe.,Вариант lux; покраска x2 потолка ~0.17 л/м2 краской Tikkurila Optiva с укрывистостью ~12 м2/л на слой.,producer_tds,Tikkurila Optiva — Karta techniczna,https://www.tikkurila.pl/produkty,sekcja Wydajnosc (~12 m2/l na warstwe)
9.04,Malowanie wałkiem na biało - ściany,m2,construction,GRUNT_MALARSKI,Farba gruntująca podkładowa Śnieżka Grunt 5l,l,0.10,budget,0,Gruntowanie sciany przed malowaniem zuzywa ~0.10 l/m2 farby gruntujacej wg wydajnosci ~10 m2/l (jedna warstwa podkladowa).,Грунтование стены перед покраской расходует ~0.10 л/м2 грунтующей краски по укрывистости ~10 м2/л (один подкладочный слой).,producer_tds,Śnieżka emulsja gruntująca — Karta techniczna,https://www.sniezka.pl/produkty,sekcja Wydajnosc (~10 m2/l na warstwe)
9.04,Malowanie wałkiem na biało - ściany,m2,construction,GRUNT_MALARSKI,Farba gruntująca podkładowa Dekoral Profesjonalny Grunt 5l,l,0.10,"norm,lux",0,Wariant norm/lux; gruntowanie sciany ~0.10 l/m2 gruntem Dekoral wg wydajnosci ~10-12 m2/l.,Вариант norm/lux; грунтование стены ~0.10 л/м2 грунтом Dekoral по укрывистости ~10-12 м2/л.,producer_tds,Dekoral grunt akrylowy — Karta techniczna,https://www.dekoral.pl/produkty,sekcja Wydajnosc (~10-12 m2/l na warstwe)
9.04,Malowanie wałkiem na biało - ściany,m2,finishing,FARBA_DEKORACYJNA,Farba lateksowa biała Śnieżka Barwy Natury 5l,l,0.20,budget,0,Malowanie x2 na bialo sciany zuzywa ~0.20 l/m2 farby nawierzchniowej (dwie warstwy) wg wydajnosci ~10 m2/l na warstwe.,Покраска x2 в белый стены расходует ~0.20 л/м2 финишной краски (два слоя) по укрывистости ~10 м2/л на слой.,producer_tds,Śnieżka farba lateksowa — Karta techniczna,https://www.sniezka.pl/produkty,sekcja Wydajnosc (~10 m2/l na warstwe; ~0.22 l/m2 dla x2)
9.04,Malowanie wałkiem na biało - ściany,m2,finishing,FARBA_DEKORACYJNA,Farba lateksowa Dekoral Akrylit W 5l,l,0.18,norm,0,Wariant norm; malowanie x2 sciany ~0.18 l/m2 farba Dekoral Akrylit W wg wydajnosci ~11 m2/l na warstwe.,Вариант norm; покраска x2 стены ~0.18 л/м2 краской Dekoral Akrylit W по укрывистости ~11 м2/л на слой.,producer_tds,Dekoral Akrylit W — Karta techniczna,https://www.dekoral.pl/produkty,sekcja Wydajnosc (~11 m2/l na warstwe)
9.04,Malowanie wałkiem na biało - ściany,m2,finishing,FARBA_DEKORACYJNA,Farba lateksowa premium Tikkurila Optiva 5l,l,0.17,lux,0,Wariant lux; malowanie x2 sciany ~0.17 l/m2 farba Tikkurila Optiva o wydajnosci ~12 m2/l na warstwe.,Вариант lux; покраска x2 стены ~0.17 л/м2 краской Tikkurila Optiva с укрывистостью ~12 м2/л на слой.,producer_tds,Tikkurila Optiva — Karta techniczna,https://www.tikkurila.pl/produkty,sekcja Wydajnosc (~12 m2/l na warstwe)
9.05,Malowanie wałkiem w kolorze - glify/wnęki,mb,construction,GRUNT_MALARSKI,Farba gruntująca podkładowa Śnieżka Grunt 5l,l,0.05,budget,0,Gruntowanie glifu przed malowaniem w kolorze ~0.05 l/mb farby gruntujacej (waski metraz glifu) wg wydajnosci ~10 m2/l.,Грунтование откоса перед покраской в цвет ~0.05 л/пм грунтующей краски (узкий метраж откоса) по укрывистости ~10 м2/л.,producer_tds,Śnieżka emulsja gruntująca — Karta techniczna,https://www.sniezka.pl/produkty,sekcja Wydajnosc (~10 m2/l); przeliczenie na waski glif ~0.05 l/mb
9.05,Malowanie wałkiem w kolorze - glify/wnęki,mb,construction,GRUNT_MALARSKI,Farba gruntująca podkładowa Dekoral Profesjonalny Grunt 5l,l,0.05,"norm,lux",0,Wariant norm/lux; gruntowanie glifu ~0.05 l/mb gruntem Dekoral wg wydajnosci ~10-12 m2/l.,Вариант norm/lux; грунтование откоса ~0.05 л/пм грунтом Dekoral по укрывистости ~10-12 м2/л.,producer_tds,Dekoral grunt akrylowy — Karta techniczna,https://www.dekoral.pl/produkty,sekcja Wydajnosc (~10-12 m2/l); przeliczenie na waski glif ~0.05 l/mb
9.05,Malowanie wałkiem w kolorze - glify/wnęki,mb,finishing,FARBA_DEKORACYJNA_KOLOR,Farba lateksowa kolorowa Śnieżka Extra Fasada/Wnętrza 5l,l,0.11,budget,0,"Malowanie w kolorze x2 glifu zuzywa ~0.11 l/mb farby barwionej (kolor wymaga dokladnego krycia, waski metraz); ~0.22 l/m2 x2 przeliczone na glif.","Покраска в цвет x2 откоса расходует ~0.11 л/пм колерованной краски (цвет требует тщательного укрытия, узкий метраж); ~0.22 л/м2 x2 в пересчёте на откос.",producer_tds,Śnieżka farba barwiona — Karta techniczna,https://www.sniezka.pl/produkty,sekcja Wydajnosc (~10 m2/l na warstwe; kolor ~0.22 l/m2 x2 -> ~0.11 l/mb)
9.05,Malowanie wałkiem w kolorze - glify/wnęki,mb,finishing,FARBA_DEKORACYJNA_KOLOR,Farba lateksowa kolorowa Magnat Ceramic 5l,l,0.10,"norm,lux",0,Wariant norm/lux; malowanie w kolorze x2 glifu ~0.10 l/mb farba Magnat Ceramic o dobrej sile krycia wg wydajnosci ~10-12 m2/l.,Вариант norm/lux; покраска в цвет x2 откоса ~0.10 л/пм краской Magnat Ceramic с хорошей укрывистостью по ~10-12 м2/л.,producer_tds,Magnat Ceramic — Karta techniczna,https://www.magnat.pl/produkty,sekcja Wydajnosc (~10-12 m2/l na warstwe)
9.06,Malowanie wałkiem w kolorze - sufity i blendy,m2,construction,GRUNT_MALARSKI,Farba gruntująca podkładowa Śnieżka Grunt 5l,l,0.10,budget,0,Gruntowanie sufitu przed malowaniem w kolorze ~0.10 l/m2 farby gruntujacej wg wydajnosci ~10 m2/l.,Грунтование потолка перед покраской в цвет ~0.10 л/м2 грунтующей краски по укрывистости ~10 м2/л.,producer_tds,Śnieżka emulsja gruntująca — Karta techniczna,https://www.sniezka.pl/produkty,sekcja Wydajnosc (~10 m2/l na warstwe)
9.06,Malowanie wałkiem w kolorze - sufity i blendy,m2,construction,GRUNT_MALARSKI,Farba gruntująca podkładowa Dekoral Profesjonalny Grunt 5l,l,0.10,"norm,lux",0,Wariant norm/lux; gruntowanie sufitu ~0.10 l/m2 gruntem Dekoral wg wydajnosci ~10-12 m2/l.,Вариант norm/lux; грунтование потолка ~0.10 л/м2 грунтом Dekoral по укрывистости ~10-12 м2/л.,producer_tds,Dekoral grunt akrylowy — Karta techniczna,https://www.dekoral.pl/produkty,sekcja Wydajnosc (~10-12 m2/l na warstwe)
9.06,Malowanie wałkiem w kolorze - sufity i blendy,m2,finishing,FARBA_DEKORACYJNA_KOLOR,Farba lateksowa kolorowa Śnieżka Extra Fasada/Wnętrza 5l,l,0.22,budget,0,Malowanie w kolorze x2 sufitu zuzywa ~0.22 l/m2 farby barwionej (kolor wymaga pelnego krycia) wg wydajnosci ~10 m2/l na warstwe.,Покраска в цвет x2 потолка расходует ~0.22 л/м2 колерованной краски (цвет требует полного укрытия) по укрывистости ~10 м2/л на слой.,producer_tds,Śnieżka farba barwiona — Karta techniczna,https://www.sniezka.pl/produkty,sekcja Wydajnosc (~10 m2/l na warstwe; kolor ~0.22 l/m2 x2)
9.06,Malowanie wałkiem w kolorze - sufity i blendy,m2,finishing,FARBA_DEKORACYJNA_KOLOR,Farba lateksowa kolorowa Magnat Ceramic 5l,l,0.20,"norm,lux",0,Wariant norm/lux; malowanie w kolorze x2 sufitu ~0.20 l/m2 farba Magnat Ceramic o dobrej sile krycia wg wydajnosci ~10-12 m2/l.,Вариант norm/lux; покраска в цвет x2 потолка ~0.20 л/м2 краской Magnat Ceramic с хорошей укрывистостью по ~10-12 м2/л.,producer_tds,Magnat Ceramic — Karta techniczna,https://www.magnat.pl/produkty,sekcja Wydajnosc (~10-12 m2/l na warstwe)
9.07,Malowanie wałkiem w kolorze - ściany,m2,construction,GRUNT_MALARSKI,Farba gruntująca podkładowa Śnieżka Grunt 5l,l,0.10,budget,0,Gruntowanie sciany przed malowaniem w kolorze ~0.10 l/m2 farby gruntujacej wg wydajnosci ~10 m2/l.,Грунтование стены перед покраской в цвет ~0.10 л/м2 грунтующей краски по укрывистости ~10 м2/л.,producer_tds,Śnieżka emulsja gruntująca — Karta techniczna,https://www.sniezka.pl/produkty,sekcja Wydajnosc (~10 m2/l na warstwe)
9.07,Malowanie wałkiem w kolorze - ściany,m2,construction,GRUNT_MALARSKI,Farba gruntująca podkładowa Dekoral Profesjonalny Grunt 5l,l,0.10,"norm,lux",0,Wariant norm/lux; gruntowanie sciany ~0.10 l/m2 gruntem Dekoral wg wydajnosci ~10-12 m2/l.,Вариант norm/lux; грунтование стены ~0.10 л/м2 грунтом Dekoral по укрывистости ~10-12 м2/л.,producer_tds,Dekoral grunt akrylowy — Karta techniczna,https://www.dekoral.pl/produkty,sekcja Wydajnosc (~10-12 m2/l na warstwe)
9.07,Malowanie wałkiem w kolorze - ściany,m2,finishing,FARBA_DEKORACYJNA_KOLOR,Farba lateksowa kolorowa Śnieżka Extra Fasada/Wnętrza 5l,l,0.22,budget,0,Malowanie w kolorze x2 sciany zuzywa ~0.22 l/m2 farby barwionej (kolor wymaga pelnego krycia) wg wydajnosci ~10 m2/l na warstwe.,Покраска в цвет x2 стены расходует ~0.22 л/м2 колерованной краски (цвет требует полного укрытия) по укрывистости ~10 м2/л на слой.,producer_tds,Śnieżka farba barwiona — Karta techniczna,https://www.sniezka.pl/produkty,sekcja Wydajnosc (~10 m2/l na warstwe; kolor ~0.22 l/m2 x2)
9.07,Malowanie wałkiem w kolorze - ściany,m2,finishing,FARBA_DEKORACYJNA_KOLOR,Farba lateksowa kolorowa Magnat Ceramic 5l,l,0.20,norm,0,Wariant norm; malowanie w kolorze x2 sciany ~0.20 l/m2 farba Magnat Ceramic o dobrej sile krycia wg wydajnosci ~10-12 m2/l.,Вариант norm; покраска в цвет x2 стены ~0.20 л/м2 краской Magnat Ceramic с хорошей укрывистостью по ~10-12 м2/л.,producer_tds,Magnat Ceramic — Karta techniczna,https://www.magnat.pl/produkty,sekcja Wydajnosc (~10-12 m2/l na warstwe)
9.07,Malowanie wałkiem w kolorze - ściany,m2,finishing,FARBA_DEKORACYJNA,Farba lateksowa premium Tikkurila Optiva 5l,l,0.19,lux,0,Wariant lux; malowanie w kolorze x2 sciany ~0.19 l/m2 farba Tikkurila Optiva (baza barwiona) o wydajnosci ~12 m2/l na warstwe.,Вариант lux; покраска в цвет x2 стены ~0.19 л/м2 краской Tikkurila Optiva (колеруемая база) с укрывистостью ~12 м2/л на слой.,producer_tds,Tikkurila Optiva — Karta techniczna,https://www.tikkurila.pl/produkty,sekcja Wydajnosc (~12 m2/l na warstwe; kolor nieco wyzej)
9.08,Dopłata za więcej niż jeden kolor na 1 ścianie,kpl,construction,TASMA_MALARSKA,Taśma malarska Blue Dolphin 38mm 50m,szt,0.30,"budget,norm,lux",0,Doplata za drugi kolor na scianie to glownie dodatkowe oddzielanie kolorow tasma malarska; ~0.3 szt (rolki) tasmy na komplet do wyznaczenia i ochrony granicy kolorow (bez dodatkowej farby).,Доплата за второй цвет на стене - это в основном дополнительное разделение цветов малярной лентой; ~0.3 шт (рулона) ленты на комплект для разметки и защиты границы цветов (без доп. краски).,expert,Zalozenie eksperckie (doplata = tylko tasma malarska),,brak lokatora - doplata obejmuje tylko dodatkowa tasme malarska ~0.3 szt/kpl
9.09,Wykończenie końca schodów (zabezpieczenie tynkowanie gruntowanie gładzie malowanie),mb,construction,GRUNT_MALARSKI,Farba gruntująca podkładowa Śnieżka Grunt 5l,l,0.10,budget,0,Wykonczenie konca schodow obejmuje gruntowanie przed gladzia i malowaniem; ~0.10 l/mb farby gruntujacej wg wydajnosci ~10 m2/l (zalozenie na waski pas krawedzi).,Отделка торца лестницы включает грунтование перед шпаклёвкой и покраской; ~0.10 л/пм грунтующей краски по укрывистости ~10 м2/л (допущение на узкую полосу кромки).,producer_tds,Śnieżka emulsja gruntująca — Karta techniczna,https://www.sniezka.pl/produkty,sekcja Wydajnosc (~10 m2/l); przeliczenie na pas krawedzi ~0.10 l/mb
9.09,Wykończenie końca schodów (zabezpieczenie tynkowanie gruntowanie gładzie malowanie),mb,construction,GRUNT_MALARSKI,Farba gruntująca podkładowa Dekoral Profesjonalny Grunt 5l,l,0.10,"norm,lux",0,Wariant norm/lux; gruntowanie konca schodow ~0.10 l/mb gruntem Dekoral wg wydajnosci ~10-12 m2/l.,Вариант norm/lux; грунтование торца лестницы ~0.10 л/пм грунтом Dekoral по укрывистости ~10-12 м2/л.,producer_tds,Dekoral grunt akrylowy — Karta techniczna,https://www.dekoral.pl/produkty,sekcja Wydajnosc (~10-12 m2/l na warstwe)
9.09,Wykończenie końca schodów (zabezpieczenie tynkowanie gruntowanie gładzie malowanie),mb,finishing,FARBA_DEKORACYJNA,Farba lateksowa biała Śnieżka Barwy Natury 5l,l,0.15,budget,0,"Malowanie wykonczeniowe konca schodow x2 zuzywa ~0.15 l/mb farby nawierzchniowej (waski pas krawedzi, dwie warstwy).","Финишная покраска торца лестницы x2 расходует ~0.15 л/пм финишной краски (узкая полоса кромки, два слоя).",producer_tds,Śnieżka farba lateksowa — Karta techniczna,https://www.sniezka.pl/produkty,sekcja Wydajnosc (~10 m2/l na warstwe); przeliczenie na pas krawedzi ~0.15 l/mb
9.09,Wykończenie końca schodów (zabezpieczenie tynkowanie gruntowanie gładzie malowanie),mb,finishing,FARBA_DEKORACYJNA,Farba lateksowa Dekoral Akrylit W 5l,l,0.14,"norm,lux",0,Wariant norm/lux; malowanie x2 konca schodow ~0.14 l/mb farba Dekoral Akrylit W wg wydajnosci ~11 m2/l na warstwe.,Вариант norm/lux; покраска x2 торца лестницы ~0.14 л/пм краской Dekoral Akrylit W по укрывистости ~11 м2/л на слой.,producer_tds,Dekoral Akrylit W — Karta techniczna,https://www.dekoral.pl/produkty,sekcja Wydajnosc (~11 m2/l na warstwe)
9.10,Akrylowanie narożników,mb,construction,AKRYL,Akryl dekarski/malarski Soudal 300ml,l,0.02,budget,0,"Akrylowanie narozy zuzywa ~0.02 l/mb (anchor Excela 20 ml/mb = 0.02 l/mb) elastycznego akrylu malarskiego, przemalowywalnego.","Акрилование углов расходует ~0.02 л/пм (якорь Excel 20 мл/пм = 0.02 л/пм) эластичного малярного акрила, окрашиваемого.",excel,Excel Matrix v3.0 Oferta + Soudal Akryl Karta produktu,https://www.soudal.com/pl-pl/diy/produkty/akryle,anchor 20 ml/mb = 0.02 l/mb; karta Soudal Akryl (kartusz 0.3 l)
9.10,Akrylowanie narożników,mb,construction,AKRYL,Akryl malarski Den Braven 310ml,l,0.02,"norm,lux",0,"Wariant norm/lux; akrylowanie narozy ~0.02 l/mb (20 ml/mb) akrylem Den Braven, przemalowywalnym pod malowanie.","Вариант norm/lux; акрилование углов ~0.02 л/пм (20 мл/пм) акрилом Den Braven, окрашиваемым под покраску.",producer_tds,Den Braven Akryl — Karta produktu,https://www.denbraven.pl/produkty,anchor 20 ml/mb = 0.02 l/mb; karta Den Braven Akryl (kartusz ~0.31 l)
9.11,Tynk dekoracyjny,m2,finishing,TYNK_DEKORACYJNY,Tynk dekoracyjny Magnat Style Effetto 5kg,m2,1.00,"budget,norm",0,Tynk dekoracyjny wyceniany na m2 pokrytej powierzchni (material dekoracyjny nawierzchniowy = finishing); 1 m2 tynku na 1 m2 pracy wg karty efektu Magnat Style.,Декоративная штукатурка считается на м2 покрытой поверхности (декоративный финишный материал = finishing); 1 м2 штукатурки на 1 м2 работы по карте эффекта Magnat Style.,producer_tds,Magnat Style tynk dekoracyjny — Karta techniczna,https://www.magnat.pl/produkty,sekcja Zuzycie/wydajnosc (przeliczenie na 1 m2 pokrytej powierzchni)
9.11,Tynk dekoracyjny,m2,finishing,TYNK_DEKORACYJNY,Tynk dekoracyjny premium Tikkurila Taika/Optiva Effect 5kg,m2,1.00,lux,0,Wariant lux; tynk dekoracyjny Tikkurila (efekt metaliczny/strukturalny) wyceniany 1 m2/m2 pokrytej powierzchni.,Вариант lux; декоративная штукатурка Tikkurila (металлический/структурный эффект) считается 1 м2/м2 покрытой поверхности.,producer_tds,Tikkurila tynk/masa dekoracyjna — Karta techniczna,https://www.tikkurila.pl/produkty,sekcja Zuzycie/wydajnosc (przeliczenie na 1 m2)
9.12,Tapeta flizelinowa,m2,construction,KLEJ_DO_TAPET,Klej do tapet flizelinowych Metylan 200g,kg,0.25,"budget,norm",0,Klejenie tapety flizelinowej zuzywa ~0.25 kg/m2 kleju (anchor Excela 0.25 kg/m2) nakladanego na sciane; klej = branza construction (przygotowawcza).,"Оклейка флизелиновых обоев расходует ~0.25 кг/м2 клея (якорь Excel 0.25 кг/м2), наносимого на стену; клей = branża construction (подготовительная).",excel,Excel Matrix v3.0 Oferta + Metylan Karta produktu,https://www.metylan.pl/produkty,anchor 0.25 kg/m2; karta Metylan klej do flizeliny
9.12,Tapeta flizelinowa,m2,construction,KLEJ_DO_TAPET,Klej do tapet ciężkich winylowych Metylan Vinyl 300g,kg,0.25,lux,0,Wariant lux; klejenie tapety flizelinowej ~0.25 kg/m2 wzmocnionym klejem Metylan Vinyl (fallback z pakietu norm - praca wymaga kleju do tapet).,Вариант lux; оклейка флизелиновых обоев ~0.25 кг/м2 усиленным клеем Metylan Vinyl (fallback из пакета norm - работа требует клея для обоев).,producer_tds,Metylan klej do tapet — Karta produktu,https://www.metylan.pl/produkty,karta Metylan Vinyl; zuzycie ~0.25 kg/m2 dla flizeliny
9.12,Tapeta flizelinowa,m2,finishing,TAPETA_FLIZELINOWA,Tapeta flizelinowa dekoracyjna,m2,1.05,"budget,norm,lux",5,"Tapeta flizelinowa (material dekoracyjny nawierzchniowy = finishing) wyceniana 1 m2/m2 + ~5% na dopasowanie wzoru i docinki; anchor Excela odnosi sie do kleju, tapeta liczona powierzchniowo.","Флизелиновые обои (декоративный финишный материал = finishing) считаются 1 м2/м2 + ~5% на подгонку рисунка и подрезку; якорь Excel относится к клею, обои считаются по площади.",expert,Praktyka wykonawcza (tapeta liczona powierzchniowo + zapas),,zalozenie 1 m2/m2 + 5% zapasu na dopasowanie wzoru/docinke
9.13,Tapeta winylowa,m2,construction,KLEJ_DO_TAPET,Klej do tapet ciężkich winylowych Metylan Vinyl 300g,kg,0.35,"budget,norm,lux",0,Klejenie tapety winylowej zuzywa ~0.35 kg/m2 wzmocnionego kleju (anchor Excela 0.35 kg/m2) - ciezsza tapeta wymaga wiecej kleju; klej = branza construction.,Оклейка виниловых обоев расходует ~0.35 кг/м2 усиленного клея (якорь Excel 0.35 кг/м2) - более тяжёлые обои требуют больше клея; клей = branża construction.,excel,Excel Matrix v3.0 Oferta + Metylan Vinyl Karta produktu,https://www.metylan.pl/produkty,anchor 0.35 kg/m2; karta Metylan Vinyl (tapety ciezkie)
9.13,Tapeta winylowa,m2,finishing,TAPETA_WINYLOWA,Tapeta winylowa na flizelinie,m2,1.05,"budget,norm,lux",5,Tapeta winylowa (material dekoracyjny nawierzchniowy = finishing) wyceniana 1 m2/m2 + ~5% na dopasowanie wzoru i docinki; anchor Excela dotyczy kleju.,Виниловые обои (декоративный финишный материал = finishing) считаются 1 м2/м2 + ~5% на подгонку рисунка и подрезку; якорь Excel относится к клею.,expert,Praktyka wykonawcza (tapeta liczona powierzchniowo + zapas),,zalozenie 1 m2/m2 + 5% zapasu na dopasowanie wzoru/docinke
9.14,Filc ścienny,m2,construction,KLEJ_DO_TAPET,Klej do tapet ciężkich winylowych Metylan Vinyl 300g,kg,0.35,"budget,norm,lux",0,"Klejenie filcu sciennego zuzywa ~0.35 kg/m2 wzmocnionego kleju (ciezki material tekstylny wymaga mocnego kleju), analogicznie do tapety winylowej; klej = branza construction.","Оклейка настенного войлока расходует ~0.35 кг/м2 усиленного клея (тяжёлый текстильный материал требует прочного клея), аналогично виниловым обоям; клей = branża construction.",expert,Praktyka wykonawcza (analog do tapety winylowej) + Metylan Vinyl,https://www.metylan.pl/produkty,zalozenie ~0.35 kg/m2 jak dla ciezkiej tapety; karta Metylan Vinyl
9.14,Filc ścienny,m2,finishing,FILC_SCIENNY,Filc ścienny dekoracyjny,m2,1.05,"norm,lux",5,"Filc scienny (material dekoracyjny/akustyczny nawierzchniowy = finishing) wyceniany 1 m2/m2 + ~5% na docinki i dopasowanie; brak normy w Excelu, wartosc ekspercka.","Настенный войлок (декоративный/акустический финишный материал = finishing) считается 1 м2/м2 + ~5% на подрезку и подгонку; нормы в Excel нет, экспертное значение.",expert,Praktyka wykonawcza (filc liczony powierzchniowo + zapas),,zalozenie 1 m2/m2 + 5% zapasu na docinke/dopasowanie
9.14,Filc ścienny,m2,finishing,FILC_SCIENNY,Filc ścienny dekoracyjny,m2,1.05,budget,5,"Wariant budget (fallback z pakietu norm - praca wymaga materialu filcowego); filc scienny 1 m2/m2 + ~5% zapasu, wycena powierzchniowa.","Вариант budget (fallback из пакета norm - работа требует войлочного материала); настенный войлок 1 м2/м2 + ~5% запаса, расчёт по площади.",expert,Praktyka wykonawcza (fallback z norm; filc powierzchniowo + zapas),,fallback pakietu; zalozenie 1 m2/m2 + 5% zapasu
9.15,Sztukateria ścienna z akrylowaniem i malowaniem,mb,construction,KLEJ_MONTAZOWY,Klej montażowy Mamut Glue Soudal 290ml,kg,0.04,"budget,norm,lux",0,Montaz listwy sztukaterii sciennej zuzywa ~0.04 kg/mb kleju montazowego (anchor Excela 30 ml/mb ~ 0.03 l -> ~0.04 kg dla kleju hybrydowego); klej = branza construction.,Монтаж настенного профиля лепнины расходует ~0.04 кг/пм монтажного клея (якорь Excel 30 мл/пм ~ 0.03 л -> ~0.04 кг для гибридного клея); клей = branża construction.,excel,Excel Matrix v3.0 Oferta + Soudal Mamut Glue Karta produktu,https://www.soudal.com/pl-pl/diy/produkty/kleje-montazowe/mamut-glue,anchor klej 30 ml/mb; przeliczenie ~0.03 l -> ~0.04 kg (klej SMX)
9.15,Sztukateria ścienna z akrylowaniem i malowaniem,mb,construction,AKRYL,Akryl dekarski/malarski Soudal 300ml,l,0.02,"budget,norm,lux",0,Akrylowanie polaczen listwy sztukaterii sciennej zuzywa ~0.02 l/mb (anchor Excela 20 ml/mb = 0.02 l/mb) przed malowaniem; akryl = branza construction.,Акрилование стыков настенного профиля лепнины расходует ~0.02 л/пм (якорь Excel 20 мл/пм = 0.02 л/пм) перед покраской; акрил = branża construction.,excel,Excel Matrix v3.0 Oferta + Soudal Akryl Karta produktu,https://www.soudal.com/pl-pl/diy/produkty/akryle,anchor akryl 20 ml/mb = 0.02 l/mb; karta Soudal Akryl
9.15,Sztukateria ścienna z akrylowaniem i malowaniem,mb,finishing,SZTUKATERIA,Sztukateria ścienna listwa Mardom Decor,mb,1.05,"budget,norm",5,Listwa sztukaterii sciennej (profil dekoracyjny nawierzchniowy = finishing) wyceniana 1 mb/mb + ~5% na docinki narozy; profil liczony na dlugosc.,Настенный профиль лепнины (декоративный финишный профиль = finishing) считается 1 пм/пм + ~5% на подрезку углов; профиль считается на длину.,producer_tds,Mardom Decor listwa ścienna — Katalog,https://www.mardomdecor.pl/produkty,katalog listwa scienna; zalozenie 1 mb/mb + 5% na docinki
9.15,Sztukateria ścienna z akrylowaniem i malowaniem,mb,finishing,SZTUKATERIA,Sztukateria przysufitowa listwa Decor System,mb,1.05,lux,5,Wariant lux; listwa sztukaterii sciennej Decor System (profil dekoracyjny = finishing) 1 mb/mb + ~5% na docinki narozy.,Вариант lux; настенный профиль лепнины Decor System (декоративный профиль = finishing) 1 пм/пм + ~5% на подрезку углов.,producer_tds,Decor System listwa — Katalog,https://www.decorsystem.pl/produkty,katalog listwa; zalozenie 1 mb/mb + 5% na docinki
9.15,Sztukateria ścienna z akrylowaniem i malowaniem,mb,finishing,FARBA_DEKORACYJNA,Farba lateksowa biała Śnieżka Barwy Natury 5l,l,0.05,"budget,norm,lux",0,"Malowanie x2 listwy sztukaterii sciennej zuzywa ~0.05 l/mb farby nawierzchniowej (waski profil, dwie warstwy) wg wydajnosci ~10 m2/l.","Покраска x2 настенного профиля лепнины расходует ~0.05 л/пм финишной краски (узкий профиль, два слоя) по укрывистости ~10 м2/л.",producer_tds,Śnieżka farba lateksowa — Karta techniczna,https://www.sniezka.pl/produkty,sekcja Wydajnosc (~10 m2/l); przeliczenie na waski profil ~0.05 l/mb
9.16,Sztukateria przysufitowa z akrylowaniem i malowaniem,mb,construction,KLEJ_MONTAZOWY,Klej montażowy Mamut Glue Soudal 290ml,kg,0.04,"budget,norm,lux",0,Montaz listwy sztukaterii przysufitowej zuzywa ~0.04 kg/mb kleju montazowego (anchor Excela 30 ml/mb ~ 0.03 l -> ~0.04 kg); klej = branza construction.,Монтаж потолочного профиля лепнины расходует ~0.04 кг/пм монтажного клея (якорь Excel 30 мл/пм ~ 0.03 л -> ~0.04 кг); клей = branża construction.,excel,Excel Matrix v3.0 Oferta + Soudal Mamut Glue Karta produktu,https://www.soudal.com/pl-pl/diy/produkty/kleje-montazowe/mamut-glue,anchor klej 30 ml/mb; przeliczenie ~0.03 l -> ~0.04 kg (klej SMX)
9.16,Sztukateria przysufitowa z akrylowaniem i malowaniem,mb,construction,AKRYL,Akryl dekarski/malarski Soudal 300ml,l,0.02,"budget,norm,lux",0,Akrylowanie polaczen listwy przysufitowej (sciana-sufit) zuzywa ~0.02 l/mb (anchor Excela 20 ml/mb = 0.02 l/mb) przed malowaniem; akryl = branza construction.,Акрилование стыков потолочного профиля (стена-потолок) расходует ~0.02 л/пм (якорь Excel 20 мл/пм = 0.02 л/пм) перед покраской; акрил = branża construction.,excel,Excel Matrix v3.0 Oferta + Soudal Akryl Karta produktu,https://www.soudal.com/pl-pl/diy/produkty/akryle,anchor akryl 20 ml/mb = 0.02 l/mb; karta Soudal Akryl
9.16,Sztukateria przysufitowa z akrylowaniem i malowaniem,mb,finishing,SZTUKATERIA,Sztukateria przysufitowa listwa Decor System,mb,1.05,"budget,norm,lux",5,Listwa sztukaterii przysufitowej (profil dekoracyjny nawierzchniowy = finishing) wyceniana 1 mb/mb + ~5% na docinki narozy; profil liczony na dlugosc.,Потолочный профиль лепнины (декоративный финишный профиль = finishing) считается 1 пм/пм + ~5% на подрезку углов; профиль считается на длину.,producer_tds,Decor System listwa przysufitowa — Katalog,https://www.decorsystem.pl/produkty,katalog listwa przysufitowa; zalozenie 1 mb/mb + 5% na docinki
9.16,Sztukateria przysufitowa z akrylowaniem i malowaniem,mb,finishing,FARBA_DEKORACYJNA,Farba lateksowa biała Śnieżka Barwy Natury 5l,l,0.05,"budget,norm,lux",0,"Malowanie x2 listwy przysufitowej zuzywa ~0.05 l/mb farby nawierzchniowej (waski profil, dwie warstwy) wg wydajnosci ~10 m2/l.","Покраска x2 потолочного профиля расходует ~0.05 л/пм финишной краски (узкий профиль, два слоя) по укрывистости ~10 м2/л.",producer_tds,Śnieżka farba lateksowa — Karta techniczna,https://www.sniezka.pl/produkty,sekcja Wydajnosc (~10 m2/l); przeliczenie na waski profil ~0.05 l/mb
9.17,Lamele na podkładzie / panele ścienne,m2,construction,KLEJ_MONTAZOWY,Klej montażowy Mamut Glue Soudal 290ml,kg,0.50,"budget,norm,lux",0,"Montaz lameli na podkladzie/paneli sciennych zuzywa ~0.50 kg/m2 kleju montazowego 'mamut' (anchor Excela 0.50 kg/m2, klejenie plaszczyznowe); klej = branza construction.","Монтаж ламелей на подложке/стеновых панелей расходует ~0.50 кг/м2 монтажного клея 'мамут' (якорь Excel 0.50 кг/м2, плоскостная приклейка); клей = branża construction.",excel,Excel Matrix v3.0 Oferta + Soudal Mamut Glue Karta produktu,https://www.soudal.com/pl-pl/diy/produkty/kleje-montazowe/mamut-glue,anchor klej mamut 0.50 kg/m2; karta Soudal Mamut Glue
9.17,Lamele na podkładzie / panele ścienne,m2,finishing,LAMELE_SCIENNE,Lamele ścienne na podkładzie / panele ścienne,m2,1.05,"budget,norm,lux",5,Panel lamelowy na podkladzie (okladzina dekoracyjna nawierzchniowa = finishing) wyceniany 1 m2/m2 + ~5% na docinki; okladzina liczona powierzchniowo.,Ламельная панель на подложке (декоративная финишная облицовка = finishing) считается 1 м2/м2 + ~5% на подрезку; облицовка считается по площади.,producer_tds,Mardom Decor panele lamelowe — Katalog,https://www.mardomdecor.pl/produkty,katalog panele lamelowe; zalozenie 1 m2/m2 + 5% na docinki
9.18,Lamele ścienne,mb,construction,KLEJ_MONTAZOWY,Klej montażowy Mamut Glue Soudal 290ml,kg,0.10,"budget,norm,lux",0,"Montaz pojedynczej lameli sciennej zuzywa ~0.10 kg/mb kleju montazowego 'mamut' (anchor Excela 0.10 kg/mb, klejenie punktowo-liniowe profilu); klej = branza construction.","Монтаж одиночной стеновой ламели расходует ~0.10 кг/пм монтажного клея 'мамут' (якорь Excel 0.10 кг/пм, точечно-линейная приклейка профиля); клей = branża construction.",excel,Excel Matrix v3.0 Oferta + Soudal Mamut Glue Karta produktu,https://www.soudal.com/pl-pl/diy/produkty/kleje-montazowe/mamut-glue,anchor klej mamut 0.10 kg/mb; karta Soudal Mamut Glue
9.18,Lamele ścienne,mb,finishing,LAMELE_SCIENNE,Lamele ścienne profil pojedynczy,mb,1.05,"budget,norm,lux",5,Pojedyncza lamela scienna (profil dekoracyjny nawierzchniowy = finishing) wyceniana 1 mb/mb + ~5% na docinki; profil liczony na dlugosc.,Одиночная стеновая ламель (декоративный финишный профиль = finishing) считается 1 пм/пм + ~5% на подрезку; профиль считается на длину.,producer_tds,Decor System lamela ścienna — Katalog,https://www.decorsystem.pl/produkty,katalog lamela scienna; zalozenie 1 mb/mb + 5% na docinki
10.01,Posadzka cementowa,m2,construction,JASTRYCH_CEMENTOWY,Jastrych cementowy Weber floor 4610 25kg,kg,20.00,budget,0,Posadzka cementowa gr. ~10 mm zuzywa ~20 kg/m2 jastrychu; anchor Excela Weber floor 20 kg na 10 mm pogodzony z karta producenta.,Цементный пол толщиной ~10 мм расходует ~20 кг/м2 стяжки; якорь Excel Weber floor 20 кг на 10 мм согласован с картой производителя.,excel,Excel Matrix v3.0 Oferta,,"wiersz 10.01 arkusza Oferta, kolumna Weber floor ~20 kg/10mm"
10.01,Posadzka cementowa,m2,construction,JASTRYCH_CEMENTOWY,Jastrych cementowy Atlas Postar 80 25kg,kg,20.00,"norm,lux",0,Wariant norm/lux; posadzka cementowa ~10 mm zuzywa ~20 kg/m2 jastrychu Atlas Postar 80 wg zuzycia ~20 kg/m2/10 mm z karty.,Вариант norm/lux; цементный пол ~10 мм расходует ~20 кг/м2 стяжки Atlas Postar 80 по расходу ~20 кг/м2/10 мм из карты.,producer_tds,Atlas Postar 80 — Karta produktu,https://www.atlas.com.pl/produkt/postar-80/,sekcja Zuzycie (~20 kg/m2 na 10 mm)
10.02,Wylewka wyrównująca samopoziomująca,m2,construction,WYLEWKA_SAMOPOZIOMUJACA,Wylewka samopoziomująca Atlas SAM 200 25kg,kg,5.10,"budget,norm",0,Wylewka wyrownujaca gr. ~3 mm zuzywa ~5.1 kg/m2 (1.7 kg/m2/mm x 3 mm); anchor Excela wylewka 1.7 kg/mm z karty Atlas SAM 200.,Выравнивающая стяжка ~3 мм расходует ~5.1 кг/м2 (1.7 кг/м2/мм x 3 мм); якорь Excel вылевка 1.7 кг/мм из карты Atlas SAM 200.,excel,Excel Matrix v3.0 Oferta,,"wiersz 10.02 arkusza Oferta, kolumna wylewka ~1.7 kg/mm"
10.02,Wylewka wyrównująca samopoziomująca,m2,construction,WYLEWKA_SAMOPOZIOMUJACA,Wylewka samopoziomująca Ceresit CN 76 25kg,kg,5.10,lux,0,Wariant lux; wylewka samopoziomujaca Ceresit CN 76 gr. ~3 mm ~5.1 kg/m2 wg zuzycia ~1.7 kg/m2/mm z karty producenta.,Вариант lux; самовыравнивающаяся стяжка Ceresit CN 76 ~3 мм ~5.1 кг/м2 по расходу ~1.7 кг/м2/мм из карты производителя.,producer_tds,Ceresit CN 76 — Karta produktu,https://www.ceresit.pl/pl/produkty/podlogi/masy-samopoziomujace.html,sekcja Zuzycie (~1.7 kg/m2 na 1 mm)
10.03,Obniżenie poziomu posadzek szlifowanie do 5mm,m2,construction,PAPIER_SCIERNY,Papier ścierny do szlifierek arkusz gr.40,szt,0.60,budget,0,"Obnizenie posadzki szlifowaniem do 5 mm zuzywa gruby material scierny ~0.6 arkusza gr.40 na m2 (praca maszynowa scierna, nie filler).","Понижение пола шлифованием до 5 мм расходует грубый абразив ~0.6 листа зерно 40 на м2 (машинная абразивная работа, не шпаклёвка).",expert,Praktyka wykonawcza (material scierny zuzywalny),,zalozenie eksperckie ~0.6 arkusza/m2; SKU papieru gr.40
10.03,Obniżenie poziomu posadzek szlifowanie do 5mm,m2,construction,PAPIER_SCIERNY,Siatka ścierna arkusz gr.80,szt,0.60,"norm,lux",0,Wariant norm/lux; obnizenie posadzki do 5 mm ~0.6 arkusza siatki gr.80 na m2 do rownego zebrania warstwy (material zuzywalny).,Вариант norm/lux; понижение пола до 5 мм ~0.6 листа сетки зерно 80 на м2 для равномерного съёма слоя (расходный материал).,expert,Praktyka wykonawcza (material scierny zuzywalny),,zalozenie eksperckie ~0.6 arkusza/m2; SKU siatki gr.80
10.04,Szlifowanie posadzek przygotowanie do klejenia,m2,construction,PAPIER_SCIERNY,Papier ścierny do szlifierek arkusz gr.40,szt,0.25,budget,0,"Szlifowanie posadzki pod klejenie zuzywa ~0.25 arkusza papieru gr.40 na m2 (zmatowienie powierzchni, material zuzywalny).","Шлифование пола под приклеивание расходует ~0.25 листа бумаги зерно 40 на м2 (матование поверхности, расходный материал).",expert,Praktyka wykonawcza (material scierny zuzywalny),,zalozenie eksperckie ~0.25 arkusza/m2; SKU papieru gr.40
10.04,Szlifowanie posadzek przygotowanie do klejenia,m2,construction,PAPIER_SCIERNY,Siatka ścierna arkusz gr.80,szt,0.25,"norm,lux",0,Wariant norm/lux; przygotowanie posadzki do klejenia ~0.25 arkusza siatki gr.80 na m2 (zmatowienie pod klej).,Вариант norm/lux; подготовка пола под приклеивание ~0.25 листа сетки зерно 80 на м2 (матование под клей).,expert,Praktyka wykonawcza (material scierny zuzywalny),,zalozenie eksperckie ~0.25 arkusza/m2; SKU siatki gr.80
10.05,Gruntowanie gruntem podkładowym,m2,construction,GRUNT_UNIWERSALNY,Grunt podkładowy Ceresit CT 17 (odp.),l,0.15,budget,0,Gruntowanie posadzki zuzywa ~0.15 l/m2 gruntu podkladowego; anchor Excela grunt CT17 0.15 l pogodzony z zuzyciem ~0.1-0.2 l/m2.,Грунтование пола расходует ~0.15 л/м2 грунта-подложки; якорь Excel грунт CT17 0.15 л согласован с расходом ~0.1-0.2 л/м2.,excel,Excel Matrix v3.0 Oferta,,"wiersz 10.05 arkusza Oferta, kolumna Grunt CT17 0.15 l"
10.05,Gruntowanie gruntem podkładowym,m2,construction,GRUNT_UNIWERSALNY,Grunt podkładowy Atlas Uni-Grunt,l,0.15,"norm,lux",0,"Wariant norm/lux; gruntowanie posadzki ~0.15 l/m2; karta Atlas Uni-Grunt podaje 0.05-0.2 l/m2 na warstwe, wartosc miesci sie w zakresie.","Вариант norm/lux; грунтование пола ~0.15 л/м2; карта Atlas Uni-Grunt указывает 0.05-0.2 л/м2 на слой, значение в пределах диапазона.",producer_tds,Atlas Uni-Grunt — Karta techniczna,https://cdn.shopify.com/s/files/1/0916/9050/0443/files/pl_9532_20240506_095608.pdf,sekcja Zuzycie (0.05-0.2 l/m2 na warstwe)
10.06,Panele podłogowe/winylowe (z podkładem i folią) - prosty pływająco,m2,finishing,PANEL_LAMINOWANY,Panele podłogowe laminowane Egger AC4 8mm,m2,1.05,budget,5,Panele laminowane ukladane plywajaco prosto zuzywaja ~1.05 m2/m2 z uwzglednieniem ~5% docinki; pokrycie podlogi pakietu budget.,Ламинат при плавающей прямой укладке расходует ~1.05 м2/м2 с учётом ~5% подрезки; напольное покрытие пакета budget.,retail,Lista Materiały pakiety - Podłoga (Egger),https://bel-pol.pl/panele-podlogowe/egger,"pozycja Laminat Egger, uklad prosty +5% docinka"
10.06,Panele podłogowe/winylowe (z podkładem i folią) - prosty pływająco,m2,finishing,PANEL_WINYLOWY,Panele winylowe SPC Arbiton klasa 33 4mm,m2,1.05,"norm,lux",5,Wariant norm/lux; panele winylowe SPC ukladane plywajaco prosto ~1.05 m2/m2 (+5% docinka); wariant winylowy plywajacy.,Вариант norm/lux; виниловые SPC-панели при плавающей прямой укладке ~1.05 м2/м2 (+5% подрезка); плавающий виниловый вариант.,retail,Lista Materiały pakiety - Podłoga (Arbiton),https://bel-pol.pl/panele-winylowe/arbiton,"pozycja Winyl Arbiton, uklad prosty +5% docinka"
10.06,Panele podłogowe/winylowe (z podkładem i folią) - prosty pływająco,m2,finishing,PODKLAD_PODLOGOWY,Podkład podłogowy Arbiton Multiprotec 2mm,m2,1.05,"budget,norm",0,Podklad pod panele plywajace ~1.05 m2/m2 (na styk z zapasem); element skladowy pakietu z podkladem i folia.,Подложка под плавающие панели ~1.05 м2/м2 (встык с запасом); составной элемент пакета с подложкой и плёнкой.,retail,Lista Materiały pakiety - Podłoga (Podkład Arbiton),https://bel-pol.pl/podklad/arbiton,pozycja Podkład Arbiton Multiprotec
10.06,Panele podłogowe/winylowe (z podkładem i folią) - prosty pływająco,m2,finishing,PODKLAD_PODLOGOWY,Podkład podłogowy Arbiton Multiprotec LVT 1.4mm,m2,1.05,lux,0,Wariant lux; podklad Arbiton LVT pod winyl klik ~1.05 m2/m2; skladnik pakietu z podkladem.,Вариант lux; подложка Arbiton LVT под винил-клик ~1.05 м2/м2; компонент пакета с подложкой.,retail,Lista Materiały pakiety - Podłoga (Podkład LVT),https://bel-pol.pl/podklad-pod-panele/arbiton,pozycja Podkład Multiprotec LVT
10.06,Panele podłogowe/winylowe (z podkładem i folią) - prosty pływająco,m2,finishing,FOLIA_PAROIZOLACYJNA,Folia paroizolacyjna PE 0.2mm,m2,1.05,"budget,norm,lux",5,Folia paroizolacyjna pod podklad na podlozu mineralnym ~1.05 m2/m2 (zaklad +5%); skladnik pakietu z folia.,Пароизоляционная плёнка под подложку на минеральном основании ~1.05 м2/м2 (нахлёст +5%); компонент пакета с плёнкой.,expert,Praktyka wykonawcza (paroizolacja pod panele),,zalozenie ~1.05 m2/m2 z zakladem; folia PE 0.2 mm
10.07,Panele podłogowe/winylowe (z podkładem i folią) - jodełka pływająco,m2,finishing,PANEL_WINYLOWY,Panele winylowe SPC Arbiton jodełka 5mm,m2,1.10,"norm,lux",10,Panele winylowe jodelka plywajaco zuzywaja ~1.10 m2/m2 (docinka jodelki ~10% > uklad prosty); pokrycie jodelkowe.,Виниловые панели ёлочкой плавающе расходуют ~1.10 м2/м2 (подрезка ёлочки ~10% > прямая укладка); ёлочное покрытие.,retail,Lista Materiały pakiety - Podłoga (Winyl jodelka Arbiton),https://bel-pol.pl/panele-winylowe/arbiton,"pozycja Winyl jodelka Arbiton, +10% docinka"
10.07,Panele podłogowe/winylowe (z podkładem i folią) - jodełka pływająco,m2,finishing,PANEL_LAMINOWANY,Panele podłogowe laminowane Egger AC4 8mm,m2,1.10,budget,10,Wariant budget (fallback do tanszego pokrycia); panele laminowane w ukladzie jodelkowym ~1.10 m2/m2 (+10% docinka).,Вариант budget (откат на более дешёвое покрытие); ламинат в ёлочной укладке ~1.10 м2/м2 (+10% подрезка).,retail,Lista Materiały pakiety - Podłoga (Egger),https://bel-pol.pl/panele-podlogowe/egger,"pozycja Laminat Egger, uklad jodelka +10% docinka"
10.07,Panele podłogowe/winylowe (z podkładem i folią) - jodełka pływająco,m2,finishing,PODKLAD_PODLOGOWY,Podkład podłogowy Arbiton Multiprotec LVT 1.4mm,m2,1.05,"norm,lux",0,Podklad Arbiton LVT pod winyl jodelka ~1.05 m2/m2; skladnik pakietu z podkladem.,Подложка Arbiton LVT под винил ёлочкой ~1.05 м2/м2; компонент пакета с подложкой.,retail,Lista Materiały pakiety - Podłoga (Podkład LVT),https://bel-pol.pl/podklad-pod-panele/arbiton,pozycja Podkład Multiprotec LVT
10.07,Panele podłogowe/winylowe (z podkładem i folią) - jodełka pływająco,m2,finishing,PODKLAD_PODLOGOWY,Podkład podłogowy Arbiton Multiprotec 2mm,m2,1.05,budget,0,Wariant budget (fallback); podklad Arbiton Multiprotec pod pokrycie jodelka ~1.05 m2/m2.,Вариант budget (откат); подложка Arbiton Multiprotec под ёлочное покрытие ~1.05 м2/м2.,retail,Lista Materiały pakiety - Podłoga (Podkład Arbiton),https://bel-pol.pl/podklad/arbiton,pozycja Podkład Arbiton Multiprotec
10.07,Panele podłogowe/winylowe (z podkładem i folią) - jodełka pływająco,m2,finishing,FOLIA_PAROIZOLACYJNA,Folia paroizolacyjna PE 0.2mm,m2,1.05,"budget,norm,lux",5,Folia paroizolacyjna pod podklad ~1.05 m2/m2 (zaklad +5%); skladnik pakietu z folia dla ukladu jodelka.,Пароизоляционная плёнка под подложку ~1.05 м2/м2 (нахлёст +5%); компонент пакета с плёнкой для ёлочной укладки.,expert,Praktyka wykonawcza (paroizolacja pod panele),,zalozenie ~1.05 m2/m2 z zakladem; folia PE 0.2 mm
10.08,Panele winylowe - na klej prosty,m2,finishing,PANEL_WINYLOWY,Panele winylowe SPC Afirmax klasa 32 4mm,m2,1.05,budget,5,Panele winylowe klejone prosto zuzywaja ~1.05 m2/m2 (+5% docinka); pokrycie winylowe budget klejone na klej.,Виниловые панели на клей прямо расходуют ~1.05 м2/м2 (+5% подрезка); виниловое покрытие budget на клей.,retail,Lista Materiały pakiety - Podłoga (Winyl Afirmax),https://bel-pol.pl/podloga-winylowa/afirmax,"pozycja Winyl Afirmax, uklad prosty +5% docinka"
10.08,Panele winylowe - na klej prosty,m2,finishing,PANEL_WINYLOWY,Panele winylowe SPC Arbiton klasa 33 4mm,m2,1.05,"norm,lux",5,Wariant norm/lux; panele winylowe SPC Arbiton klejone prosto ~1.05 m2/m2 (+5% docinka).,Вариант norm/lux; виниловые SPC-панели Arbiton на клей прямо ~1.05 м2/м2 (+5% подрезка).,retail,Lista Materiały pakiety - Podłoga (Winyl Arbiton),https://bel-pol.pl/panele-winylowe/arbiton,"pozycja Winyl Arbiton, uklad prosty +5% docinka"
10.08,Panele winylowe - na klej prosty,m2,construction,KLEJ_DO_PODLOG,Klej do winylu Bostik Parkietiaki (Tarbicol) 20kg,kg,1.10,budget,0,Klejenie winylu prosto zuzywa ~1.1 kg/m2 kleju do podlog wg zakresu ~1.0-1.3 kg/m2 z karty (branch construction).,Приклеивание винила прямо расходует ~1.1 кг/м2 напольного клея по диапазону ~1.0-1.3 кг/м2 из карты (branch construction).,producer_tds,Bostik klej do podłóg — Karta techniczna,https://www.bostik.com/poland/pl/,sekcja Zuzycie (~1.0-1.3 kg/m2)
10.08,Panele winylowe - na klej prosty,m2,construction,KLEJ_DO_PODLOG,Klej do winylu Thomsit K 188 E 12kg,kg,1.10,"norm,lux",0,Wariant norm/lux; klejenie winylu prosto ~1.1 kg/m2 klejem dyspersyjnym Thomsit K 188 E dla LVT.,Вариант norm/lux; приклеивание винила прямо ~1.1 кг/м2 дисперсионным клеем Thomsit K 188 E для LVT.,producer_tds,Thomsit K 188 E — Karta techniczna,https://www.thomsit.pl/pl/produkty.html,sekcja Zuzycie (packa zebata A2)
10.09,Panele winylowe - na klej jodełka,m2,finishing,PANEL_WINYLOWY,Panele winylowe SPC Arbiton jodełka 5mm,m2,1.10,"norm,lux",10,Panele winylowe klejone jodelka zuzywaja ~1.10 m2/m2 (+10% docinka jodelki); pokrycie jodelkowe klejone.,Виниловые панели на клей ёлочкой расходуют ~1.10 м2/м2 (+10% подрезка ёлочки); ёлочное покрытие на клей.,retail,Lista Materiały pakiety - Podłoga (Winyl jodelka Arbiton),https://bel-pol.pl/panele-winylowe/arbiton,"pozycja Winyl jodelka Arbiton, +10% docinka"
10.09,Panele winylowe - na klej jodełka,m2,finishing,PANEL_WINYLOWY,Panele winylowe SPC Afirmax klasa 32 4mm,m2,1.10,budget,10,Wariant budget (fallback); panele winylowe Afirmax klejone jodelka ~1.10 m2/m2 (+10% docinka).,Вариант budget (откат); виниловые панели Afirmax на клей ёлочкой ~1.10 м2/м2 (+10% подрезка).,retail,Lista Materiały pakiety - Podłoga (Winyl Afirmax),https://bel-pol.pl/podloga-winylowa/afirmax,"pozycja Winyl Afirmax, uklad jodelka +10% docinka"
10.09,Panele winylowe - na klej jodełka,m2,construction,KLEJ_DO_PODLOG,Klej do winylu Thomsit K 188 E 12kg,kg,1.20,"norm,lux",0,Klejenie winylu jodelka zuzywa ~1.2 kg/m2 kleju (wieksza dlugosc spoin niz uklad prosty); Thomsit K 188 E dla LVT.,"Приклеивание винила ёлочкой расходует ~1.2 кг/м2 клея (больше длина швов, чем при прямой укладке); Thomsit K 188 E для LVT.",producer_tds,Thomsit K 188 E — Karta techniczna,https://www.thomsit.pl/pl/produkty.html,sekcja Zuzycie (packa zebata)
10.09,Panele winylowe - na klej jodełka,m2,construction,KLEJ_DO_PODLOG,Klej do winylu Bostik Parkietiaki (Tarbicol) 20kg,kg,1.20,budget,0,Wariant budget (fallback); klejenie winylu jodelka ~1.2 kg/m2 klejem Bostik do podlog.,Вариант budget (откат); приклеивание винила ёлочкой ~1.2 кг/м2 клеем Bostik для полов.,producer_tds,Bostik klej do podłóg — Karta techniczna,https://www.bostik.com/poland/pl/,sekcja Zuzycie (~1.0-1.3 kg/m2)
10.10,Deska warstwowa - na klej prosty,m2,finishing,DESKA_WARSTWOWA,Deska warstwowa Barlinek Jodła Klasyczna 14mm,m2,1.07,lux,7,Deska warstwowa klejona prosto zuzywa ~1.07 m2/m2 (+7% docinka deski dlugiej); pokrycie lux uklad prosty.,Многослойная доска на клей прямо расходует ~1.07 м2/м2 (+7% подрезка длинной доски); покрытие lux прямая укладка.,retail,Lista Materiały pakiety - Podłoga (Deska prosta Barlinek),https://bel-pol.pl/deska-barlinecka/barlinek,"pozycja Deska prosta Barlinek, uklad prosty +7% docinka"
10.10,Deska warstwowa - na klej prosty,m2,finishing,PANEL_WINYLOWY,Panele winylowe SPC Arbiton klasa 33 4mm,m2,1.05,"budget,norm",5,Wariant budget/norm (fallback do tanszego pokrycia twardego); pokrycie warstwowe imitujace deske ~1.05 m2/m2 (+5% docinka).,Вариант budget/norm (откат на более дешёвое твёрдое покрытие); слоистое покрытие под доску ~1.05 м2/м2 (+5% подрезка).,retail,Lista Materiały pakiety - Podłoga (Winyl Arbiton),https://bel-pol.pl/panele-winylowe/arbiton,"pozycja Winyl Arbiton, uklad prosty +5% docinka"
10.10,Deska warstwowa - na klej prosty,m2,construction,KLEJ_DO_PODLOG,Klej do parkietu Mapei Ultrabond Eco S955 1K 15kg,kg,1.20,lux,0,Klejenie deski warstwowej prosto zuzywa ~1.2 kg/m2 kleju poliuretanowego Mapei wg zakresu ~1.0-1.3 kg/m2 z karty.,Приклеивание многослойной доски прямо расходует ~1.2 кг/м2 полиуретанового клея Mapei по диапазону ~1.0-1.3 кг/м2 из карты.,producer_tds,Mapei Ultrabond Eco S955 1K — Karta techniczna,https://www.mapei.com/pl/pl/produkty-i-rozwiazania,sekcja Zuzycie (~1.0-1.3 kg/m2)
10.10,Deska warstwowa - na klej prosty,m2,construction,KLEJ_DO_PODLOG,Klej do winylu Bostik Parkietiaki (Tarbicol) 20kg,kg,1.20,"budget,norm",0,Wariant budget/norm (fallback); klejenie pokrycia twardego prosto ~1.2 kg/m2 klejem Bostik do podlog.,Вариант budget/norm (откат); приклеивание твёрдого покрытия прямо ~1.2 кг/м2 клеем Bostik для полов.,producer_tds,Bostik klej do podłóg — Karta techniczna,https://www.bostik.com/poland/pl/,sekcja Zuzycie (~1.0-1.3 kg/m2)
10.11,Deska warstwowa - na klej jodełka,m2,finishing,DESKA_WARSTWOWA,Deska warstwowa Barlinek Jodła Francuska 14mm,m2,1.12,lux,12,Deska warstwowa jodelka klejona zuzywa ~1.12 m2/m2 (+12% docinka jodelki francuskiej); pokrycie lux jodelkowe.,Многослойная доска ёлочкой на клей расходует ~1.12 м2/м2 (+12% подрезка французской ёлки); покрытие lux ёлочное.,retail,Lista Materiały pakiety - Podłoga (Deska jodelka Barlinek),https://bel-pol.pl/deska-barlinecka/barlinek,"pozycja Deska jodelka Barlinek, +12% docinka"
10.11,Deska warstwowa - na klej jodełka,m2,finishing,PANEL_WINYLOWY,Panele winylowe SPC Arbiton jodełka 5mm,m2,1.10,"budget,norm",10,Wariant budget/norm (fallback); pokrycie jodelkowe winylowe imitujace deske ~1.10 m2/m2 (+10% docinka).,Вариант budget/norm (откат); ёлочное виниловое покрытие под доску ~1.10 м2/м2 (+10% подрезка).,retail,Lista Materiały pakiety - Podłoga (Winyl jodelka Arbiton),https://bel-pol.pl/panele-winylowe/arbiton,"pozycja Winyl jodelka Arbiton, +10% docinka"
10.11,Deska warstwowa - na klej jodełka,m2,construction,KLEJ_DO_PODLOG,Klej do parkietu Mapei Ultrabond Eco S955 1K 15kg,kg,1.30,lux,0,Klejenie deski warstwowej jodelka zuzywa ~1.3 kg/m2 kleju poliuretanowego Mapei (wieksza liczba spoin) - gorna granica zakresu z karty.,Приклеивание многослойной доски ёлочкой расходует ~1.3 кг/м2 полиуретанового клея Mapei (больше швов) - верх диапазона из карты.,producer_tds,Mapei Ultrabond Eco S955 1K — Karta techniczna,https://www.mapei.com/pl/pl/produkty-i-rozwiazania,sekcja Zuzycie (~1.0-1.3 kg/m2)
10.11,Deska warstwowa - na klej jodełka,m2,construction,KLEJ_DO_PODLOG,Klej do winylu Bostik Parkietiaki (Tarbicol) 20kg,kg,1.30,"budget,norm",0,Wariant budget/norm (fallback); klejenie pokrycia jodelka ~1.3 kg/m2 klejem Bostik do podlog (gorna granica zakresu).,Вариант budget/norm (откат); приклеивание ёлочного покрытия ~1.3 кг/м2 клеем Bostik для полов (верх диапазона).,producer_tds,Bostik klej do podłóg — Karta techniczna,https://www.bostik.com/poland/pl/,sekcja Zuzycie (~1.0-1.3 kg/m2)
10.12,Zabezpieczenie zainstalowanej podłogi na czas prac,m2,construction,FOLIA_OCHRONNA,Folia ochronna malarska PE,m2,1.05,budget,5,Zabezpieczenie gotowej podlogi zuzywa ~1.05 m2/m2 folii ochronnej PE (zaklad +5%); ochrona miekka analogicznie do 1.01.,Защита готового пола расходует ~1.05 м2/м2 защитной плёнки PE (нахлёст +5%); мягкая защита аналогично 1.01.,expert,Praktyka wykonawcza (zabezpieczenie posadzki),,zalozenie ~1.05 m2/m2 folii; analogia do 1.01
10.12,Zabezpieczenie zainstalowanej podłogi na czas prac,m2,construction,TEKTURA_OCHRONNA,Tektura ochronna falista,m2,1.00,"norm,lux",0,Wariant norm/lux; twarde zabezpieczenie gotowej podlogi tektura falista ~1.0 m2/m2 (na styk) - lepsza ochrona przed uderzeniami.,Вариант norm/lux; жёсткая защита готового пола гофрокартоном ~1.0 м2/м2 (встык) - лучшая защита от ударов.,expert,Praktyka wykonawcza (zabezpieczenie posadzki),,zalozenie ~1.0 m2/m2 tektury; analogia do 1.01
10.12,Zabezpieczenie zainstalowanej podłogi na czas prac,m2,construction,TASMA_MALARSKA,Taśma malarska ochronna 48mm,szt,0.02,"budget,norm,lux",0,Mocowanie folii/tektury tasma malarska ~0.02 rolki na m2 (rolka 50 m starcza na ~50 m2 obwodu/laczen); material zuzywalny.,Крепление плёнки/картона малярной лентой ~0.02 рулона на м2 (рулон 50 м хватает на ~50 м2 периметра/стыков); расходный материал.,expert,Praktyka wykonawcza (zabezpieczenie posadzki),,zalozenie ~0.02 szt/m2; rolka 48 mm x 50 m
10.13,Listwa dylatacyjna aluminiowa / akrylowanie,mb,construction,LISTWA_DYLATACYJNA,Listwa dylatacyjna aluminiowa L=2.7m,mb,1.05,"budget,norm,lux",5,Listwa dylatacyjna aluminiowa liczona ~1.05 mb/mb (docinka/lacza +5%); profil techniczny na styk podlog.,Дилатационный алюминиевый профиль ~1.05 пм/пм (подрезка/стыки +5%); технический профиль на стыке полов.,retail,Lista Materiały pakiety + katalog listwy progowe,https://bel-pol.pl/listwy-progowe,"pozycja listwa dylatacyjna aluminiowa, +5% docinka"
10.13,Listwa dylatacyjna aluminiowa / akrylowanie,mb,construction,AKRYL,Akryl dekarski/malarski Soudal 300ml,l,0.02,"budget,norm",0,Akrylowanie szczeliny przy listwie dylatacyjnej zuzywa ~0.02 l/mb (anchor Excela akryl 20 ml/mb = 0.02 l); Soudal Akryl kartusz 300 ml.,Акрилование шва у дилатационного профиля расходует ~0.02 л/пм (якорь Excel акрил 20 мл/пм = 0.02 л); Soudal Akryl картридж 300 мл.,excel,Excel Matrix v3.0 Oferta,,"wiersz 10.13 arkusza Oferta, kolumna akryl 20 ml"
10.13,Listwa dylatacyjna aluminiowa / akrylowanie,mb,construction,AKRYL,Akryl elastyczny Mapei Mapesil AC (odp.) 310ml,l,0.02,lux,0,Wariant lux; akrylowanie przy listwie dylatacyjnej ~0.02 l/mb (20 ml/mb) elastycznym akrylem Mapei; kartusz 310 ml.,Вариант lux; акрилование у дилатационного профиля ~0.02 л/пм (20 мл/пм) эластичным акрилом Mapei; картридж 310 мл.,excel,Excel Matrix v3.0 Oferta,,"wiersz 10.13 arkusza Oferta, kolumna akryl 20 ml"
10.14,Listwa dylatacyjna przy wejściu z docięciem,szt,construction,LISTWA_DYLATACYJNA,Listwa progowa aluminiowa z docięciem szt,szt,1.00,"budget,norm,lux",0,Listwa progowa przy wejsciu z docieciem na wymiar to 1.0 szt na komplet wejscia (jeden odcinek profilu).,Порожный профиль у входа с подрезкой по размеру - 1.0 шт на комплект входа (один отрезок профиля).,retail,Lista Materiały pakiety + katalog listwy progowe,https://bel-pol.pl/listwy-progowe,"pozycja listwa progowa aluminiowa, 1 szt/wejscie"
10.15,Listwa przypodłogowa MDF/styrodur/PCV na klej,mb,finishing,LISTWA_PRZYPODLOGOWA,Listwa przypodłogowa MDF Salag 80mm 2.4m,mb,1.05,budget,5,Listwa przypodlogowa MDF/styrodur liczona ~1.05 mb/mb (docinka narozy +5%); profil wykonczeniowy pakietu budget.,Плинтус MDF/стиродур ~1.05 пм/пм (подрезка углов +5%); отделочный профиль пакета budget.,retail,Lista Materiały pakiety - Listwy przypodłogowe (Salag),"https://bel-pol.pl/listwy-przypodlogowe/salag/listwa-przypodlogowa-bravo-80-mm-kaszmir-2,4m-br81f4,p24745,14.html","pozycja Listwa przypodłogowa Salag, +5% docinka narozy"
10.15,Listwa przypodłogowa MDF/styrodur/PCV na klej,mb,finishing,LISTWA_PRZYPODLOGOWA,Listwa przypodłogowa styrodur VOX Espumo 2.4m,mb,1.05,"norm,lux",5,Wariant norm/lux; listwa przypodlogowa styrodur VOX Espumo ~1.05 mb/mb (+5% docinka narozy).,Вариант norm/lux; плинтус стиродур VOX Espumo ~1.05 пм/пм (+5% подрезка углов).,retail,Lista Materiały pakiety - Listwy przypodłogowe (VOX),"https://bel-pol.pl/listwy-przypodlogowe/vox/listwa-espumo-201-esp201-biala-2,4-m-201-esp201-2.4,p18166,14.html","pozycja Listwa przypodłogowa VOX Espumo, +5% docinka"
10.15,Listwa przypodłogowa MDF/styrodur/PCV na klej,mb,construction,KLEJ_MONTAZOWY,Klej montażowy do listew Soudal Mamut/Fix All 290ml,l,0.05,"budget,norm,lux",0,Klejenie listwy przypodlogowej zuzywa ~0.05 l/mb kleju montazowego (anchor Excela klej 50 ml/mb = 0.05 l); Soudal Mamut kartusz 290 ml.,Приклеивание плинтуса расходует ~0.05 л/пм монтажного клея (якорь Excel клей 50 мл/пм = 0.05 л); Soudal Mamut картридж 290 мл.,excel,Excel Matrix v3.0 Oferta,,"wiersz 10.15 arkusza Oferta, kolumna klej 50 ml"
10.15,Listwa przypodłogowa MDF/styrodur/PCV na klej,mb,construction,AKRYL,Akryl dekarski/malarski Soudal 300ml,l,0.02,"budget,norm,lux",0,Akrylowanie gornej krawedzi listwy przypodlogowej ~0.02 l/mb (anchor Excela akryl 20 ml/mb = 0.02 l); Soudal Akryl kartusz 300 ml.,Акрилование верхней кромки плинтуса ~0.02 л/пм (якорь Excel акрил 20 мл/пм = 0.02 л); Soudal Akryl картридж 300 мл.,excel,Excel Matrix v3.0 Oferta,,"wiersz 10.15 arkusza Oferta, kolumna akryl 20 ml"
10.16,Listwa przypodłogowa ukryta z podcięciem ściany,mb,finishing,LISTWA_PRZYPODLOGOWA,Listwa przypodłogowa styrodur VOX Espumo 2.4m,mb,1.05,"norm,lux",5,Listwa przypodlogowa ukryta (montaz w podcieciu sciany) liczona ~1.05 mb/mb (+5% docinka); profil wykonczeniowy norm/lux.,Скрытый плинтус (монтаж в подрезке стены) ~1.05 пм/пм (+5% подрезка); отделочный профиль norm/lux.,retail,Lista Materiały pakiety - Listwy przypodłogowe (VOX),"https://bel-pol.pl/listwy-przypodlogowe/vox/listwa-espumo-201-esp201-biala-2,4-m-201-esp201-2.4,p18166,14.html","pozycja Listwa przypodłogowa VOX Espumo, montaz ukryty +5%"
10.16,Listwa przypodłogowa ukryta z podcięciem ściany,mb,finishing,LISTWA_PRZYPODLOGOWA,Listwa przypodłogowa MDF Salag 80mm 2.4m,mb,1.05,budget,5,Wariant budget (fallback); listwa ukryta MDF Salag w podcieciu sciany ~1.05 mb/mb (+5% docinka).,Вариант budget (откат); скрытый плинтус MDF Salag в подрезке стены ~1.05 пм/пм (+5% подрезка).,retail,Lista Materiały pakiety - Listwy przypodłogowe (Salag),"https://bel-pol.pl/listwy-przypodlogowe/salag/listwa-przypodlogowa-bravo-80-mm-kaszmir-2,4m-br81f4,p24745,14.html","pozycja Listwa przypodłogowa Salag, montaz ukryty +5%"
10.16,Listwa przypodłogowa ukryta z podcięciem ściany,mb,construction,KLEJ_MONTAZOWY,Klej montażowy do listew Soudal Mamut/Fix All 290ml,l,0.06,"budget,norm,lux",0,Montaz listwy ukrytej w podcieciu sciany zuzywa ~0.06 l/mb kleju montazowego (nieco wiecej niz standardowa 50 ml/mb ze wzgledu na osadzenie w bruzdach); Soudal Mamut.,Монтаж скрытого плинтуса в подрезке стены расходует ~0.06 л/пм монтажного клея (чуть больше стандартных 50 мл/пм из-за посадки в паз); Soudal Mamut.,expert,Excel Matrix v3.0 Oferta + korekta ekspercka (montaz ukryty),,anchor klej 50 ml/mb + doliczenie na osadzenie w podcieciu
11.01,Przycięcie skrzydła drzwi (1 strona),szt,construction,OBRZEZE,Obrzeże okleiny brzegowej melamina rolka,szt,1,"budget,norm,lux",0,Przyciecie 1 strony skrzydla wymaga oklejenia odslonietej krawedzi ~1 odcinkiem obrzeza melaminowego na sztuke (skrzydlo/oscieznica sa dostarczone przez klienta - materialem jest tylko okleina).,Подрезка 1 стороны полотна требует оклейки открытой кромки ~1 отрезком меламиновой кромки на штуку (полотно/коробка предоставлены клиентом - материал только кромка).,expert,Praktyka wykonawcza (obrzeze po docieciu skrzydla),,zalozenie eksperckie ~1 odcinek obrzeza/szt; SKU obrzeza melaminowego w katalogu
11.01,Przycięcie skrzydła drzwi (1 strona),szt,construction,PAPIER_SCIERNY,Papier ścierny arkusz gr.180,szt,0.5,"budget,norm,lux",0,Wygladzenie przycietej krawedzi skrzydla zuzywa ~0.5 arkusza papieru gr.180 na sztuke; brzeszczot/tarcza to narzedzie eksperta (nie material zuzywalny).,Зачистка подрезанного края полотна расходует ~0.5 листа бумаги зерно 180 на штуку; полотно/диск - инструмент мастера (не расходный материал).,expert,Praktyka wykonawcza (material scierny zuzywalny),,zalozenie eksperckie ~0.5 arkusza gr.180/szt; SKU papieru gr.180
11.02,Drzwi ukryte - montaż ościeżnicy i skrzydła (do 2 m),kpl,construction,PIANA_MONTAZOWA,Piana montażowa niskorozprężna do drzwi Soudal Doors 750ml,szt,1,budget,0,"Montaz oscieznicy drzwi ukrytych do 2 m zuzywa ~1 puszke piany niskorozpreznej Soudal Doors na komplet - piana dedykowana do stolarki drzwiowej, ogranicza rozpieranie ramy.","Монтаж коробки скрытых дверей до 2 м расходует ~1 баллон низкорасширяемой пены Soudal Doors на комплект - пена для дверной столярки, ограничивает распор рамы.",producer_tds,Soudafoam Doors — Karta produktu,https://sasza.pasaz24.pl/product/PIANKA-PISTOLETOWA-SOUDAL-DOORS-NISKOPREZNA-s9637,"opis produktu, piana do montazu drzwi (obrobka po 0.5h)"
11.02,Drzwi ukryte - montaż ościeżnicy i skrzydła (do 2 m),kpl,construction,PIANA_MONTAZOWA,Piana montażowa niskorozprężna Tytan Professional 750ml,szt,1,"norm,lux",0,"Wariant norm/lux; montaz oscieznicy ~1 puszka piany niskorozpreznej Tytan na komplet, niskie rozprezanie chroni geometrie oscieznicy.","Вариант norm/lux; монтаж коробки ~1 баллон низкорасширяемой пены Tytan на комплект, низкий распор сохраняет геометрию коробки.",producer_tds,Tytan Professional piana niskoprężna — Karta techniczna,https://tytan.com/en/,"katalog piana pistoletowa niskoprezna 750ml, sekcja zastosowanie stolarka"
11.02,Drzwi ukryte - montaż ościeżnicy i skrzydła (do 2 m),kpl,construction,KLINY,Kliny montażowe do drzwi (komplet klinów),szt,8,"budget,norm,lux",0,Ustawienie i unieruchomienie oscieznicy przed pianowaniem wymaga ~8 klinow montazowych na komplet drzwi do 2 m (po obu stojakach i naddrzwiu).,Установка и фиксация коробки перед запениванием требует ~8 монтажных клиньев на комплект двери до 2 м (по обеим стойкам и над проёмом).,expert,Praktyka wykonawcza (kliny do rozparcia oscieznicy),,zalozenie eksperckie ~8 klinow/kpl; SKU klinow montazowych
11.02,Drzwi ukryte - montaż ościeżnicy i skrzydła (do 2 m),kpl,construction,KOLKI,Kołek rozporowy ramowy Wkręt-Met,szt,8,"budget,norm,lux",0,Mocowanie oscieznicy ukrytej w murze zuzywa ~8 kolkow ramowych z wkretem na komplet (4 na stojak) wg praktyki montazowej.,Крепление скрытой коробки в стене расходует ~8 рамных дюбелей с саморезом на комплект (4 на стойку) по монтажной практике.,expert,Praktyka wykonawcza (mocowanie oscieznicy w murze),,zalozenie eksperckie ~8 kolkow ramowych/kpl; SKU kolka ramowego
11.02,Drzwi ukryte - montaż ościeżnicy i skrzydła (do 2 m),kpl,construction,KLEJ_MONTAZOWY,Klej montażowy hybrydowy Soudal Fix All 290ml,szt,0.3,"budget,norm,lux",0,Punktowe doklejenie i stabilizacja oscieznicy ukrytej zuzywa ~0.3 kartusza kleju hybrydowego Fix All na komplet.,Точечная подклейка и стабилизация скрытой коробки расходует ~0.3 картриджа гибридного клея Fix All на комплект.,producer_tds,Soudal Fix All — Karta produktu,https://www.soudal.com/nl-be/diy/producten/fix-all/fix-all/fix-all-high-tack,"opis produktu, klej hybrydowy SMX do punktowego montazu"
11.03,Drzwi ukryte - obróbka otworu,kpl,construction,AKRYL,Akryl malarski Den Braven 300ml,szt,0.5,"norm,lux",0,Obrobka otworu drzwi ukrytych (do malowania) zuzywa ~0.5 kartusza akrylu malarskiego na komplet do wypelnienia szczelin i styku z tynkiem.,Обработка проёма скрытых дверей (под покраску) расходует ~0.5 картриджа малярного акрила на комплект для заполнения щелей и стыка со штукатуркой.,producer_tds,Den Braven Universal Acryl — Karta produktu,https://www.toolteam24.com/en-GB/catalog/den-braven-katalog-chemieprodukte-acryl-silikon-montagekleber-pu-schaum-Page-8-558.html,"karta Universal Acryl, sekcja zastosowanie (fugi/rysy do malowania)"
11.03,Drzwi ukryte - obróbka otworu,kpl,construction,AKRYL,Silikon sanitarny Den Braven 280ml,szt,0.4,budget,0,Wariant budzetowy; obrobka otworu zuzywa ~0.4 kartusza masy uszczelniajacej na komplet (fallback do taniej masy Den Braven z pakietu budzetowego).,Бюджетный вариант; обработка проёма расходует ~0.4 картриджа герметика на комплект (fallback на дешёвую массу Den Braven из бюджетного пакета).,producer_tds,Den Braven silikon/akryl — Karta produktu,https://www.topepoxy.eu/en/acetic-silicones:den-braven/,"karta produktu, sekcja zastosowanie uszczelnianie styków"
11.03,Drzwi ukryte - obróbka otworu,kpl,construction,KLEJ_MONTAZOWY,Klej montażowy hybrydowy Soudal Fix All 290ml,szt,0.2,"budget,norm,lux",0,Obrobka otworu zuzywa ~0.2 kartusza kleju hybrydowego do doklejenia opasek/listew wykonczeniowych otworu na komplet.,Обработка проёма расходует ~0.2 картриджа гибридного клея для подклейки наличников/планок проёма на комплект.,producer_tds,Soudal Fix All — Karta produktu,https://www.soudal.com/nl-be/diy/producten/fix-all/fix-all/fix-all-high-tack,"opis produktu, klej do listew i opasek"
11.03,Drzwi ukryte - obróbka otworu,kpl,construction,WKRETY,Wkręty do ościeżnic / montażowe Wkręt-Met,szt,4,"budget,norm,lux",0,Obrobka otworu zuzywa ~4 wkrety montazowe na komplet do mocowania listew/opasek wykonczeniowych.,Обработка проёма расходует ~4 монтажных самореза на комплект для крепления планок/наличников.,expert,Praktyka wykonawcza (mocowanie listew otworu),,zalozenie eksperckie ~4 wkrety/kpl; SKU wkretu montazowego
11.04,Drzwi ukryte - malowanie skrzydła,kpl,finishing,FARBA,Farba lateksowa biała Śnieżka 1L,l,0.1,budget,0,Malowanie skrzydla drzwi ukrytych zuzywa ~0.1 l farby na komplet: powierzchnia skrzydla dwustronnie ~0.45 m2 x 0.22 l/m2 (2 warstwy) w przeliczeniu na jedno skrzydlo wewnetrzne = ~0.1 l.,Покраска полотна скрытых дверей расходует ~0.1 л краски на комплект: площадь полотна двусторонне ~0.45 м2 x 0.22 л/м2 (2 слоя) в пересчёте на одно внутреннее полотно = ~0.1 л.,producer_tds,Śnieżka emulsja lateksowa — Karta techniczna (zużycie ~0.22 l/m2),https://www.sniezka.md/,sekcja Zuzycie ~0.22 l/m2 przy dwukrotnym malowaniu
11.04,Drzwi ukryte - malowanie skrzydła,kpl,finishing,FARBA,Farba lateksowa premium biała Dekoral 1L,l,0.1,"norm,lux",0,"Wariant norm/lux; malowanie skrzydla ~0.1 l premium farby lateksowej Dekoral na komplet (zuzycie ~0.2-0.22 l/m2, powierzchnia skrzydla ~0.45 m2 dwustronnie).","Вариант norm/lux; покраска полотна ~0.1 л премиум латексной краски Dekoral на комплект (расход ~0.2-0.22 л/м2, площадь полотна ~0.45 м2 двусторонне).",producer_tds,Dekoral farba lateksowa — Karta techniczna,https://domal.pl/produkt/dulux-easy-care-biala-25l/,sekcja Wydajnosc/Zuzycie ~0.2-0.22 l/m2
11.04,Drzwi ukryte - malowanie skrzydła,kpl,finishing,PODKLAD,Podkład akrylowy do drewna/MDF Śnieżka 1L,l,0.05,"norm,lux",0,Wariant norm/lux; malowanie skrzydla poprzedza podklad akrylowy ~0.05 l na komplet dla poprawy przyczepnosci i krycia na MDF/drewnie.,Вариант norm/lux; покраске полотна предшествует акриловый грунт ~0.05 л на комплект для адгезии и укрывистости на МДФ/дереве.,producer_tds,Śnieżka podkład akrylowy do drewna — Karta produktu,https://www.sniezka.md/,sekcja zastosowanie/gruntowanie pod farbe
11.04,Drzwi ukryte - malowanie skrzydła,kpl,finishing,TASMA_MALARSKA,Taśma malarska 38mm rolka 50m,szt,0.1,"norm,lux",0,Wariant norm/lux; zabezpieczenie okuc i oscieznicy przed malowaniem skrzydla zuzywa ~0.1 rolki tasmy malarskiej na komplet.,Вариант norm/lux; защита фурнитуры и коробки перед покраской полотна расходует ~0.1 рулона малярной ленты на комплект.,expert,Praktyka wykonawcza (zabezpieczenie tasma przed malowaniem),,zalozenie eksperckie ~0.1 rolki/kpl; SKU tasmy malarskiej 38mm
11.05,Drzwi z widoczną ościeżnicą bez docięć - montaż,kpl,construction,PIANA_MONTAZOWA,Piana montażowa niskorozprężna do drzwi Soudal Doors 750ml,szt,1,budget,0,Montaz drzwi z widoczna oscieznica bez docieć zuzywa ~1 puszke piany niskorozpreznej Soudal Doors na komplet do wypelnienia szczeliny montazowej.,Монтаж двери с видимой коробкой без подрезки расходует ~1 баллон низкорасширяемой пены Soudal Doors на комплект для заполнения монтажного зазора.,producer_tds,Soudafoam Doors — Karta produktu,https://sasza.pasaz24.pl/product/PIANKA-PISTOLETOWA-SOUDAL-DOORS-NISKOPREZNA-s9637,"opis produktu, piana do montazu drzwi"
11.05,Drzwi z widoczną ościeżnicą bez docięć - montaż,kpl,construction,PIANA_MONTAZOWA,Piana montażowa niskorozprężna Tytan Professional 750ml,szt,1,"norm,lux",0,Wariant norm/lux; montaz drzwi z widoczna oscieznica ~1 puszka piany niskorozpreznej Tytan na komplet.,Вариант norm/lux; монтаж двери с видимой коробкой ~1 баллон низкорасширяемой пены Tytan на комплект.,producer_tds,Tytan Professional piana niskoprężna — Karta techniczna,https://tytan.com/en/,"katalog piana niskoprezna 750ml, sekcja stolarka"
11.05,Drzwi z widoczną ościeżnicą bez docięć - montaż,kpl,construction,KLINY,Kliny montażowe do drzwi (komplet klinów),szt,8,"budget,norm,lux",0,Ustawienie oscieznicy przed pianowaniem zuzywa ~8 klinow montazowych na komplet drzwi z widoczna oscieznica.,Установка коробки перед запениванием расходует ~8 монтажных клиньев на комплект двери с видимой коробкой.,expert,Praktyka wykonawcza (kliny do rozparcia oscieznicy),,zalozenie eksperckie ~8 klinow/kpl; SKU klinow montazowych
11.05,Drzwi z widoczną ościeżnicą bez docięć - montaż,kpl,construction,KOLKI,Kołek rozporowy ramowy Wkręt-Met,szt,6,"budget,norm,lux",0,Mocowanie oscieznicy widocznej w murze zuzywa ~6 kolkow ramowych z wkretem na komplet wg praktyki montazowej.,Крепление видимой коробки в стене расходует ~6 рамных дюбелей с саморезом на комплект по монтажной практике.,expert,Praktyka wykonawcza (mocowanie oscieznicy w murze),,zalozenie eksperckie ~6 kolkow ramowych/kpl; SKU kolka ramowego
11.05,Drzwi z widoczną ościeżnicą bez docięć - montaż,kpl,construction,SILIKON,Silikon sanitarny Den Braven 280ml,szt,0.3,"budget,norm,lux",0,Uszczelnienie styku oscieznicy ze sciana zuzywa ~0.3 kartusza silikonu Den Braven na komplet drzwi.,Герметизация стыка коробки со стеной расходует ~0.3 картриджа силикона Den Braven на комплект двери.,producer_tds,Den Braven silikon — Karta produktu,https://www.topepoxy.eu/en/acetic-silicones:den-braven/,"karta produktu, sekcja uszczelnianie styków"
11.06,Klamka z zamkiem lub bez - montaż,kpl,construction,WKRETY,Wkręty do ościeżnic / montażowe Wkręt-Met,szt,6,"budget,norm,lux",0,"Montaz klamki z zamkiem lub bez zuzywa ~6 wkretow montazowych na komplet (rozety, szyld, zaczep); klamka/zamek to armatura dostarczona przez klienta.","Монтаж ручки с замком или без расходует ~6 монтажных саморезов на комплект (розетки, накладка, ответная планка); ручка/замок - фурнитура клиента.",expert,Praktyka wykonawcza (mocowanie klamki wkretami),,zalozenie eksperckie ~6 wkretow/kpl; SKU wkretu montazowego
11.07,Składanie szafki umywalkowej,kpl,construction,WKRETY,Wkręty do ościeżnic / montażowe Wkręt-Met,szt,16,"budget,norm,lux",0,"Skladanie szafki umywalkowej z elementow (korpus, fronty, prowadnice) zuzywa ~16 wkretow montazowych na komplet; szafka dostarczona przez klienta.","Сборка тумбы под умывальник из элементов (корпус, фасады, направляющие) расходует ~16 монтажных саморезов на комплект; тумба предоставлена клиентом.",expert,Praktyka wykonawcza (skladanie korpusu szafki wkretami),,zalozenie eksperckie ~16 wkretow/kpl; SKU wkretu montazowego
11.07,Składanie szafki umywalkowej,kpl,construction,KOLKI,Kołek rozporowy ramowy Wkręt-Met,szt,2,"budget,norm,lux",0,Skladanie szafki obejmuje wstepne przygotowanie zawiesi/kolkow ~2 szt na komplet do pozniejszego zawieszenia korpusu.,Сборка тумбы включает предварительную подготовку подвесов/дюбелей ~2 шт на комплект для последующего навешивания корпуса.,expert,Praktyka wykonawcza (przygotowanie zawiesi szafki),,zalozenie eksperckie ~2 kolki/kpl; SKU kolka ramowego
11.07,Składanie szafki umywalkowej,kpl,construction,SILIKON,Silikon sanitarny Den Braven 280ml,szt,0.2,"budget,norm,lux",0,Skladanie szafki umywalkowej zuzywa ~0.2 kartusza silikonu na komplet do uszczelnienia polaczen korpusu/umywalki.,Сборка тумбы под умывальник расходует ~0.2 картриджа силикона на комплект для герметизации соединений корпуса/раковины.,producer_tds,Den Braven silikon sanitarny — Karta produktu,https://www.topepoxy.eu/en/acetic-silicones:den-braven/,"karta produktu, sekcja zastosowanie sanitarne"
11.08,Montaż szafki umywalkowej,kpl,construction,KOLKI,Kołek rozporowy ramowy Wkręt-Met,szt,4,"budget,norm,lux",0,Montaz (zawieszenie) szafki umywalkowej na scianie zuzywa ~4 kolki ramowe z wkretem na komplet do mocowania zawiesi.,Монтаж (навешивание) тумбы под умывальник на стену расходует ~4 рамных дюбеля с саморезом на комплект для крепления подвесов.,expert,Praktyka wykonawcza (mocowanie szafki do sciany),,zalozenie eksperckie ~4 kolki ramowe/kpl; SKU kolka ramowego
11.08,Montaż szafki umywalkowej,kpl,construction,WKRETY,Wkręty do ościeżnic / montażowe Wkręt-Met,szt,4,"budget,norm,lux",0,Montaz szafki umywalkowej zuzywa ~4 wkrety montazowe na komplet do zawiesi i regulacji poziomowania.,Монтаж тумбы под умывальник расходует ~4 монтажных самореза на комплект для подвесов и регулировки по уровню.,expert,Praktyka wykonawcza (mocowanie zawiesi szafki),,zalozenie eksperckie ~4 wkrety/kpl; SKU wkretu montazowego
11.08,Montaż szafki umywalkowej,kpl,construction,SILIKON,Silikon sanitarny Den Braven 280ml,szt,0.3,"budget,norm,lux",0,Montaz szafki umywalkowej zuzywa ~0.3 kartusza silikonu na komplet do uszczelnienia styku szafki/blatu ze sciana.,Монтаж тумбы под умывальник расходует ~0.3 картриджа силикона на комплект для герметизации стыка тумбы/столешницы со стеной.,producer_tds,Den Braven silikon sanitarny — Karta produktu,https://www.topepoxy.eu/en/acetic-silicones:den-braven/,"karta produktu, sekcja uszczelnianie styków"
12.01,Parapet bez bocznego wkucia szerokość do 150cm,szt,construction,KLEJ_MONTAZOWY,Klej montażowy Tytan Professional Mocny Chwyt 290ml,l,0.15,budget,0,Osadzenie parapetu do 150cm bez wkucia zuzywa ~0.15 l kleju montazowego na sztuke (ok. pol kartusza 0.29 l na dlugosc do 1.5 m); wartosc ekspercka wg praktyki montazu parapetow.,Посадка подоконника до 150см без вковки расходует ~0.15 л монтажного клея на штуку (ок. половины картриджа 0.29 л на длину до 1.5 м); экспертное значение по практике монтажа подоконников.,expert,Praktyka wykonawcza (montaz parapetu bez wkucia),,zalozenie eksperckie ~0.15 l/szt (ok. 0.5 kartusza 0.29 l)
12.01,Parapet bez bocznego wkucia szerokość do 150cm,szt,construction,ZAPRAWA_MONTAZOWA,Zaprawa montażowa szybkowiążąca 25kg,kg,1.50,budget,0,Alternatywa budzetowa: osadzenie parapetu do 150cm na zaprawie montazowej ~1.5 kg/szt cienka warstwa podporowa; wartosc ekspercka wg praktyki.,Бюджетная альтернатива: посадка подоконника до 150см на монтажном растворе ~1.5 кг/шт тонким опорным слоем; экспертное значение по практике.,expert,Praktyka wykonawcza (osadzenie parapetu na zaprawie),,zalozenie eksperckie ~1.5 kg/szt zaprawy podporowej
12.01,Parapet bez bocznego wkucia szerokość do 150cm,szt,construction,PIANKA_MONTAZOWA,Pianka montażowa poliuretanowa Soudal 750ml,l,0.20,"norm,lux",0,"Osadzenie parapetu do 150cm na piance montazowej ~0.2 l/szt (podparcie i wyrownanie); wartosc ekspercka wg praktyki montazu parapetow, wariant norm/lux.","Посадка подоконника до 150см на монтажной пене ~0.2 л/шт (подпор и выравнивание); экспертное значение по практике монтажа подоконников, вариант norm/lux.",expert,Praktyka wykonawcza (montaz parapetu na piance),,zalozenie eksperckie ~0.2 l/szt pianki
12.01,Parapet bez bocznego wkucia szerokość do 150cm,szt,construction,SILIKON,Silikon neutralny Soudal 300ml,l,0.05,"budget,norm,lux",0,Wykonczenie styku parapetu ze sciana silikonem neutralnym ~0.05 l/szt; karta Soudal Silikon neutralny potwierdza rzad wielkosci dla waskiej fugi obwodowej.,Отделка стыка подоконника со стеной нейтральным силиконом ~0.05 л/шт; карта Soudal Silikon нейтральный подтверждает порядок для узкого периметрального шва.,producer_tds,Soudal Silikon neutralny — Karta produktu,https://www.soudal.pl,"sekcja Zuzycie/Wydajnosc (fuga obwodowa parapetu), przeliczono z kartusza 0.3 l"
12.02,Parapet bez bocznego wkucia szerokość od 150 cm,mb,construction,KLEJ_MONTAZOWY,Klej montażowy Tytan Professional Mocny Chwyt 290ml,l,0.10,budget,0,Osadzenie parapetu >150cm bez wkucia zuzywa ~0.10 l kleju montazowego na mb dlugosci; wartosc ekspercka wg praktyki montazu (rozklad kleju na dlugosc).,Посадка подоконника >150см без вковки расходует ~0.10 л монтажного клея на пм длины; экспертное значение по практике монтажа (раскладка клея по длине).,expert,Praktyka wykonawcza (montaz parapetu bez wkucia),,zalozenie eksperckie ~0.10 l/mb kleju montazowego
12.02,Parapet bez bocznego wkucia szerokość od 150 cm,mb,construction,ZAPRAWA_MONTAZOWA,Zaprawa montażowa szybkowiążąca 25kg,kg,1.00,budget,0,Alternatywa budzetowa: osadzenie parapetu >150cm na zaprawie montazowej ~1.0 kg/mb podporowej; wartosc ekspercka wg praktyki.,Бюджетная альтернатива: посадка подоконника >150см на монтажном растворе ~1.0 кг/пм опорного слоя; экспертное значение по практике.,expert,Praktyka wykonawcza (osadzenie parapetu na zaprawie),,zalozenie eksperckie ~1.0 kg/mb zaprawy
12.02,Parapet bez bocznego wkucia szerokość od 150 cm,mb,construction,PIANKA_MONTAZOWA,Pianka montażowa poliuretanowa Soudal 750ml,l,0.13,"norm,lux",0,"Osadzenie parapetu >150cm na piance montazowej ~0.13 l/mb (podparcie i wyrownanie na dlugosc); wartosc ekspercka wg praktyki, wariant norm/lux.","Посадка подоконника >150см на монтажной пене ~0.13 л/пм (подпор и выравнивание по длине); экспертное значение по практике, вариант norm/lux.",expert,Praktyka wykonawcza (montaz parapetu na piance),,zalozenie eksperckie ~0.13 l/mb pianki
12.02,Parapet bez bocznego wkucia szerokość od 150 cm,mb,construction,SILIKON,Silikon neutralny Soudal 300ml,l,0.03,"budget,norm,lux",0,Wykonczenie styku parapetu ze sciana silikonem neutralnym ~0.03 l/mb waskiej fugi obwodowej; karta Soudal potwierdza rzad wielkosci.,Отделка стыка подоконника со стеной нейтральным силиконом ~0.03 л/пм узкого периметрального шва; карта Soudal подтверждает порядок.,producer_tds,Soudal Silikon neutralny — Karta produktu,https://www.soudal.pl,"sekcja Zuzycie/Wydajnosc (fuga obwodowa), przeliczono z kartusza 0.3 l"
12.03,Listwy przysufitowe maskownice karnisza (blendy) z akrylowaniem i malowaniem,mb,construction,KLEJ_MONTAZOWY,Klej montażowy Tytan Professional Mocny Chwyt 290ml,l,0.03,budget,0,Przyklejenie listwy przysufitowej (blendy) zuzywa ~0.03 l kleju montazowego na mb; anchor Excela 'Klej 30 ml' = 0.03 l/mb przeliczony z ml na l.,"Приклейка потолочной планки (фальшкарниза) расходует ~0.03 л монтажного клея на пм; якорь Excel 'Klej 30 ml' = 0.03 л/пм, переведено из мл в л.",excel,Excel Matrix v3.0 Oferta,,"wiersz 12.03 arkusza Oferta, kolumna 'Klej, ml' = 30 ml/mb"
12.03,Listwy przysufitowe maskownice karnisza (blendy) z akrylowaniem i malowaniem,mb,construction,KLEJ_MONTAZOWY,Klej montażowy Soudal 300ml,l,0.03,"norm,lux",0,Wariant norm/lux; przyklejenie listwy przysufitowej klejem Soudal ~0.03 l/mb wg anchoru Excela 30 ml/mb przeliczonego na l.,"Вариант norm/lux; приклейка потолочной планки клеем Soudal ~0.03 л/пм по якорю Excel 30 мл/пм, переведено в л.",excel,Excel Matrix v3.0 Oferta,,"wiersz 12.03 arkusza Oferta, kolumna 'Klej, ml' = 30 ml/mb"
12.03,Listwy przysufitowe maskownice karnisza (blendy) z akrylowaniem i malowaniem,mb,construction,AKRYL,Akryl malarski Soudal 300ml,l,0.02,"budget,norm,lux",0,Akrylowanie styku listwy ze sciana/sufitem zuzywa ~0.02 l akrylu na mb; anchor Excela 'Akryl 20 ml' = 0.02 l/mb przeliczony z ml na l.,"Заделка стыка планки со стеной/потолком акрилом расходует ~0.02 л акрила на пм; якорь Excel 'Akryl 20 ml' = 0.02 л/пм, переведено из мл в л.",excel,Excel Matrix v3.0 Oferta,,"wiersz 12.03 arkusza Oferta, kolumna 'Akryl, ml' = 20 ml/mb"
12.03,Listwy przysufitowe maskownice karnisza (blendy) z akrylowaniem i malowaniem,mb,finishing,FARBA_DEKORACYJNA,Farba lateksowa biała Śnieżka Barwy Natury 5l,l,0.03,"budget,norm,lux",0,"Malowanie listwy przysufitowej (blendy) po akrylowaniu zuzywa ~0.03 l farby na mb (waski pas listwy, 2 warstwy); karta Śnieżka wydajnosc ~10 m2/l potwierdza rzad wielkosci.","Покраска потолочной планки (фальшкарниза) после заделки акрилом расходует ~0.03 л краски на пм (узкая полоса планки, 2 слоя); карта Śnieżka укрывистость ~10 м2/л подтверждает порядок.",producer_tds,Śnieżka farba lateksowa — Karta techniczna,https://www.sniezka.pl/produkty,"sekcja Wydajnosc (~10 m2/l na warstwe), waski pas listwy x2 warstwy"
12.04,Montaż karnisza,mb,construction,WKRET_KOLEK_MONTAZOWY,Wkręt montażowy z kołkiem 6x40,szt,1.50,"budget,norm,lux",0,Montaz karnisza zuzywa ~1.5 wkreta z kolkiem na mb (wsporniki co ~60-70 cm + koncowki); wartosc ekspercka wg praktyki montazu karniszy.,Монтаж карниза расходует ~1.5 винта с дюбелем на пм (кронштейны через ~60-70 см + концевые); экспертное значение по практике монтажа карнизов.,expert,Praktyka wykonawcza (montaz karnisza na wspornikach),,zalozenie eksperckie ~1.5 szt/mb wkretow z kolkami
12.05,Montaż lustra łazienkowego,szt,construction,KLEJ_DO_LUSTER,Klej do luster neutralny Soudal 290ml,l,0.10,"budget,norm,lux",0,"Montaz lustra lazienkowego na kleju do luster ~0.10 l/szt (kilka pasm neutralnego kleju nie uszkadzajacego srebra); wartosc ekspercka wg praktyki, karta Soudal potwierdza neutralnosc.","Монтаж зеркала на клее для зеркал ~0.10 л/шт (несколько полос нейтрального клея, не повреждающего серебро); экспертное значение по практике, карта Soudal подтверждает нейтральность.",expert,Soudal klej do luster — Karta produktu,https://www.soudal.pl,zalozenie eksperckie ~0.10 l/szt (ok. 1/3 kartusza 0.29 l); potwierdzenie neutralnosci w karcie
12.05,Montaż lustra łazienkowego,szt,construction,TASMA_DWUSTRONNA,Taśma dwustronna montażowa piankowa,m2,0.05,"norm,lux",0,"Wstepne mocowanie lustra tasma dwustronna ~0.05 m2/szt do czasu zwiazania kleju; wartosc ekspercka wg praktyki montazu luster, wariant norm/lux.","Предварительная фиксация зеркала двусторонней лентой ~0.05 м2/шт до схватывания клея; экспертное значение по практике монтажа зеркал, вариант norm/lux.",expert,Praktyka wykonawcza (wstepne mocowanie lustra tasma),,zalozenie eksperckie ~0.05 m2/szt tasmy dwustronnej
12.06,Montaż lustra łazienkowego z podświetleniem,szt,construction,KLEJ_DO_LUSTER,Klej do luster neutralny Soudal 290ml,l,0.10,"budget,norm,lux",0,"Montaz lustra z podswietleniem na kleju do luster ~0.10 l/szt (jak lustro standardowe, podswietlenie nie zmienia zuzycia kleju); wartosc ekspercka.","Монтаж зеркала с подсветкой на клее для зеркал ~0.10 л/шт (как обычное зеркало, подсветка не меняет расход клея); экспертное значение.",expert,Soudal klej do luster — Karta produktu,https://www.soudal.pl,zalozenie eksperckie ~0.10 l/szt (ok. 1/3 kartusza 0.29 l)
12.06,Montaż lustra łazienkowego z podświetleniem,szt,construction,WKRET_KOLEK_MONTAZOWY,Wkręt montażowy z kołkiem 6x40,szt,2.00,"norm,lux",0,"Mocowanie lustra z podswietleniem (ciezsze, z zasilaniem) wspomagane ~2 wkretami z kolkiem na sztuke; wartosc ekspercka wg praktyki, wariant norm/lux.","Крепление зеркала с подсветкой (тяжелее, с питанием) усилено ~2 винтами с дюбелем на штуку; экспертное значение по практике, вариант norm/lux.",expert,Praktyka wykonawcza (mocowanie lustra podswietlanego),,zalozenie eksperckie ~2 szt/szt wkretow z kolkami
12.07,Montaż lustra / szkła,m2,construction,KLEJ_DO_LUSTER,Klej do luster neutralny Soudal 290ml,l,0.20,"budget,norm,lux",0,Montaz lustra/szkla na m2 powierzchni zuzywa ~0.20 l kleju do luster (pasma na cala plaszczyzne); wartosc ekspercka wg praktyki klejenia luster wielkoformatowych.,Монтаж зеркала/стекла на м2 поверхности расходует ~0.20 л клея для зеркал (полосы по всей плоскости); экспертное значение по практике приклейки крупноформатных зеркал.,expert,Soudal klej do luster — Karta produktu,https://www.soudal.pl,zalozenie eksperckie ~0.20 l/m2 (ok. 0.7 kartusza 0.29 l na m2)
12.07,Montaż lustra / szkła,m2,construction,TASMA_DWUSTRONNA,Taśma dwustronna montażowa piankowa,m2,0.10,"norm,lux",0,"Wstepne mocowanie lustra/szkla tasma dwustronna ~0.10 m2/m2 powierzchni do czasu zwiazania kleju; wartosc ekspercka, wariant norm/lux.","Предварительная фиксация зеркала/стекла двусторонней лентой ~0.10 м2/м2 поверхности до схватывания клея; экспертное значение, вариант norm/lux.",expert,Praktyka wykonawcza (wstepne mocowanie szkla tasma),,zalozenie eksperckie ~0.10 m2/m2 tasmy dwustronnej
12.08,Wentylacja - montaż wentylatora,kpl,construction,PIANKA_MONTAZOWA,Pianka montażowa poliuretanowa Soudal 750ml,l,0.10,"budget,norm,lux",0,Osadzenie wentylatora kanalowego pianka montazowa ~0.10 l/kpl (uszczelnienie i mocowanie w kanale); wartosc ekspercka wg praktyki montazu wentylatorow.,Посадка канального вентилятора монтажной пеной ~0.10 л/компл (уплотнение и крепление в канале); экспертное значение по практике монтажа вентиляторов.,expert,Praktyka wykonawcza (osadzenie wentylatora na piance),,zalozenie eksperckie ~0.10 l/kpl pianki
12.08,Wentylacja - montaż wentylatora,kpl,construction,SILIKON,Silikon neutralny Soudal 300ml,l,0.03,"budget,norm,lux",0,Uszczelnienie obudowy wentylatora silikonem neutralnym ~0.03 l/kpl obwodowej fugi; karta Soudal potwierdza rzad wielkosci dla waskiego uszczelnienia.,Уплотнение корпуса вентилятора нейтральным силиконом ~0.03 л/компл периметрального шва; карта Soudal подтверждает порядок для узкого уплотнения.,producer_tds,Soudal Silikon neutralny — Karta produktu,https://www.soudal.pl,"sekcja Zuzycie/Wydajnosc, przeliczono z kartusza 0.3 l"
12.08,Wentylacja - montaż wentylatora,kpl,construction,WKRET_KOLEK_MONTAZOWY,Wkręt montażowy z kołkiem 6x40,szt,2.00,"norm,lux",0,"Mocowanie wentylatora do sciany ~2 wkretami z kolkiem na komplet; wartosc ekspercka wg praktyki montazu, wariant norm/lux.","Крепление вентилятора к стене ~2 винтами с дюбелем на комплект; экспертное значение по практике монтажа, вариант norm/lux.",expert,Praktyka wykonawcza (mocowanie wentylatora),,zalozenie eksperckie ~2 szt/kpl wkretow z kolkami
12.09,Wentylacja - montaż kratki wentylacyjnej,kpl,construction,SILIKON,Silikon neutralny Soudal 300ml,l,0.02,"budget,norm,lux",0,Osadzenie kratki wentylacyjnej na silikonie neutralnym ~0.02 l/kpl (cienki obwodowy sznur); karta Soudal potwierdza rzad wielkosci.,Посадка вентиляционной решётки на нейтральном силиконе ~0.02 л/компл (тонкий периметральный жгут); карта Soudal подтверждает порядок.,producer_tds,Soudal Silikon neutralny — Karta produktu,https://www.soudal.pl,"sekcja Zuzycie/Wydajnosc, przeliczono z kartusza 0.3 l"
12.09,Wentylacja - montaż kratki wentylacyjnej,kpl,construction,WKRET_KOLEK_MONTAZOWY,Wkręt montażowy z kołkiem 6x40,szt,4.00,"norm,lux",0,"Mocowanie kratki wentylacyjnej na wkretach ~4 szt/kpl (naroza kratki); wartosc ekspercka wg praktyki montazu kratek, wariant norm/lux.","Крепление вентиляционной решётки на винтах ~4 шт/компл (углы решётки); экспертное значение по практике монтажа решёток, вариант norm/lux.",expert,Praktyka wykonawcza (mocowanie kratki wentylacyjnej),,zalozenie eksperckie ~4 szt/kpl wkretow z kolkami
12.10,Montaż akcesoriów,szt,construction,WKRET_KOLEK_MONTAZOWY,Wkręt montażowy z kołkiem 6x40,szt,2.00,"budget,norm,lux",0,"Montaz akcesorium (uchwyt, wieszak, mydelniczka itp.) zuzywa ~2 wkrety z kolkiem na sztuke; wartosc ekspercka wg praktyki montazu akcesoriow.","Монтаж аксессуара (держатель, вешалка, мыльница и т.п.) расходует ~2 винта с дюбелем на штуку; экспертное значение по практике монтажа аксессуаров.",expert,Praktyka wykonawcza (montaz akcesoriow na wkretach),,zalozenie eksperckie ~2 szt/szt wkretow z kolkami
12.10,Montaż akcesoriów,szt,construction,KLEJ_MONTAZOWY,Klej montażowy Tytan Professional Mocny Chwyt 290ml,l,0.02,"norm,lux",0,"Alternatywnie/uzupelniajaco montaz akcesorium na kleju montazowym ~0.02 l/szt (akcesoria klejone bez wiercenia); wartosc ekspercka, wariant norm/lux.","Альтернативно/дополнительно монтаж аксессуара на монтажном клее ~0.02 л/шт (аксессуары на клей без сверления); экспертное значение, вариант norm/lux.",expert,Praktyka wykonawcza (montaz akcesoriow na kleju),,zalozenie eksperckie ~0.02 l/szt kleju montazowego
12.11,Instalacja sprzętu AGD,kpl,construction,SYFON_WEZYK,Syfon i wężyk przyłączeniowy AGD,szt,1.00,"budget,norm,lux",0,Instalacja AGD (zmywarka/pralka) wymaga minimalnego osprzetu przylaczeniowego ~1 kpl syfon+wezyk na sztuke; wartosc ekspercka wg praktyki podlaczen AGD.,Установка бытовой техники (посудомойка/стиральная) требует минимальной присоединительной арматуры ~1 компл сифон+подводка на штуку; экспертное значение по практике подключений.,expert,Praktyka wykonawcza (podlaczenie AGD),,zalozenie eksperckie ~1 szt/kpl osprzetu przylaczeniowego
12.11,Instalacja sprzętu AGD,kpl,construction,SILIKON,Silikon neutralny Soudal 300ml,l,0.02,"norm,lux",0,"Uszczelnienie przylacza/blatu przy AGD silikonem neutralnym ~0.02 l/kpl; karta Soudal potwierdza rzad wielkosci, wariant norm/lux.","Уплотнение подключения/столешницы у бытовой техники нейтральным силиконом ~0.02 л/компл; карта Soudal подтверждает порядок, вариант norm/lux.",producer_tds,Soudal Silikon neutralny — Karta produktu,https://www.soudal.pl,"sekcja Zuzycie/Wydajnosc, przeliczono z kartusza 0.3 l"
12.11,Instalacja sprzętu AGD,kpl,construction,WKRET_KOLEK_MONTAZOWY,Wkręt montażowy z kołkiem 6x40,szt,2.00,"budget,norm,lux",0,"Montaz/zabezpieczenie AGD (zabudowa, listwa) ~2 wkrety z kolkiem na komplet; wartosc ekspercka wg praktyki instalacji AGD.","Монтаж/фиксация бытовой техники (встройка, планка) ~2 винта с дюбелем на комплект; экспертное значение по практике установки техники.",expert,Praktyka wykonawcza (mocowanie AGD),,zalozenie eksperckie ~2 szt/kpl wkretow z kolkami
13.02,"Utrzymanie czystości podczas prac, odkurzanie, dywaniki, sprzątanie podstawowe",m2,construction,MATERIALY_POMOCNICZE,Worki na śmieci LDPE 120L,szt,0.02,"budget,norm,lux",0,Sprzatanie podstawowe zuzywa worki na gruz/odpady ~0.02 szt/m2 (1 worek 120L na ~50 m2 sprzatanej powierzchni); zalozenie eksperckie dla prac porzadkowych.,Базовая уборка расходует мешки для мусора ~0.02 шт/м2 (1 мешок 120л на ~50 м2 убираемой площади); экспертное допущение для уборочных работ.,expert,Zalozenie eksperckie (materialy pomocnicze sprzatania),,zalozenie eksperckie ~1 worek 120L / 50 m2; brak normy KNR dla sprzatania podczas prac
13.02,"Utrzymanie czystości podczas prac, odkurzanie, dywaniki, sprzątanie podstawowe",m2,construction,MATERIALY_POMOCNICZE,Folia ochronna budowlana malarska,m2,0.10,"budget,norm,lux",0,Ochrona posadzek/dywaniki jednorazowe podczas prac ~0.10 m2 folii na 1 m2 sprzatanej powierzchni (czesciowe krycie stref przejscia i pracy); zalozenie eksperckie.,Защита полов/одноразовые коврики во время работ ~0.10 м2 плёнки на 1 м2 убираемой площади (частичное покрытие зон прохода и работы); экспертное допущение.,expert,Zalozenie eksperckie (materialy pomocnicze sprzatania),,zalozenie eksperckie ~0.10 m2 folii/m2 (czesciowe krycie); retail SKU folii malarskiej
13.02,"Utrzymanie czystości podczas prac, odkurzanie, dywaniki, sprzątanie podstawowe",m2,construction,MATERIALY_POMOCNICZE,Czyściwo / ręcznik papierowy przemysłowy,szt,0.05,"norm,lux",0,"Utrzymanie czystosci w wariancie norm/lux zuzywa czyściwo/reczniki przemyslowe ~0.05 listka na m2 (przecieranie powierzchni, kurz); zalozenie eksperckie.","Поддержание чистоты в варианте norm/lux расходует протирочный материал/промышленные полотенца ~0.05 листа на м2 (протирка поверхностей, пыль); экспертное допущение.",expert,Zalozenie eksperckie (materialy pomocnicze sprzatania),,zalozenie eksperckie ~0.05 listka czyściwa/m2; retail SKU czyściwa przemyslowego
13.02,"Utrzymanie czystości podczas prac, odkurzanie, dywaniki, sprzątanie podstawowe",m2,construction,MATERIALY_POMOCNICZE,Worek do odkurzacza budowlanego,szt,0.004,lux,0,Odkurzanie w wariancie lux zuzywa worki filtracyjne do odkurzacza budowlanego ~0.004 szt/m2 (1 worek na ~250 m2 odkurzonej powierzchni z pylem budowlanym); zalozenie eksperckie.,Пылеудаление в варианте lux расходует фильтр-мешки для строительного пылесоса ~0.004 шт/м2 (1 мешок на ~250 м2 обеспыленной площади со стройпылью); экспертное допущение.,expert,Zalozenie eksperckie (materialy pomocnicze sprzatania),,zalozenie eksperckie ~1 worek / 250 m2; retail SKU worka do odkurzacza budowlanego
