work_code,work_pl,work_unit,branch,material_type,material_ref,material_unit,norm_qty,packages,waste_pct,justification_pl,justification_ru,source_type,source_doc,source_url,source_ref
1.01,,,construction,PIANKA_MONTAZOWA,,l,0.1300,"budget,norm,lux",0,auto-fill (norma iz patterna kategorii); review,auto-fill (norma iz patterna kategorii); review,auto,AUTO-FILL FOR-04-20,,AUTO-FILL-FOR-04-20
1.01,,,construction,TARCZA_TNACA,,szt,0.0350,"budget,norm,lux",0,auto-fill (norma iz patterna kategorii); review,auto-fill (norma iz patterna kategorii); review,auto,AUTO-FILL FOR-04-20,,AUTO-FILL-FOR-04-20
1.01,,,construction,WOREK_NA_GRUZ,,szt,0.0500,"budget,norm,lux",0,auto-fill (norma iz patterna kategorii); review,auto-fill (norma iz patterna kategorii); review,auto,AUTO-FILL FOR-04-20,,AUTO-FILL-FOR-04-20
1.01,,,construction,ZAPRAWA_NAPRAWCZA,,kg,2.0000,"budget,norm,lux",0,auto-fill (norma iz patterna kategorii); review,auto-fill (norma iz patterna kategorii); review,auto,AUTO-FILL FOR-04-20,,AUTO-FILL-FOR-04-20
1.02,,,construction,PIANKA_MONTAZOWA,,l,0.1300,"budget,norm,lux",0,auto-fill (norma iz patterna kategorii); review,auto-fill (norma iz patterna kategorii); review,auto,AUTO-FILL FOR-04-20,,AUTO-FILL-FOR-04-20
1.02,,,construction,ZAPRAWA_NAPRAWCZA,,kg,2.0000,"budget,norm,lux",0,auto-fill (norma iz patterna kategorii); review,auto-fill (norma iz patterna kategorii); review,auto,AUTO-FILL FOR-04-20,,AUTO-FILL-FOR-04-20
1.03,,,construction,PIANKA_MONTAZOWA,,l,0.1300,"budget,norm,lux",0,auto-fill (norma iz patterna kategorii); review,auto-fill (norma iz patterna kategorii); review,auto,AUTO-FILL FOR-04-20,,AUTO-FILL-FOR-04-20
1.03,,,construction,TARCZA_TNACA,,szt,0.0350,"budget,norm,lux",0,auto-fill (norma iz patterna kategorii); review,auto-fill (norma iz patterna kategorii); review,auto,AUTO-FILL FOR-04-20,,AUTO-FILL-FOR-04-20
1.03,,,construction,WOREK_NA_GRUZ,,szt,0.0500,"budget,norm,lux",0,auto-fill (norma iz patterna kategorii); review,auto-fill (norma iz patterna kategorii); review,auto,AUTO-FILL FOR-04-20,,AUTO-FILL-FOR-04-20
1.04,,,construction,TARCZA_TNACA,,szt,0.0350,"budget,norm,lux",0,auto-fill (norma iz patterna kategorii); review,auto-fill (norma iz patterna kategorii); review,auto,AUTO-FILL FOR-04-20,,AUTO-FILL-FOR-04-20
1.04,,,construction,WOREK_NA_GRUZ,,szt,0.0500,"budget,norm,lux",0,auto-fill (norma iz patterna kategorii); review,auto-fill (norma iz patterna kategorii); review,auto,AUTO-FILL FOR-04-20,,AUTO-FILL-FOR-04-20
1.04,,,construction,ZAPRAWA_NAPRAWCZA,,kg,2.0000,"budget,norm,lux",0,auto-fill (norma iz patterna kategorii); review,auto-fill (norma iz patterna kategorii); review,auto,AUTO-FILL FOR-04-20,,AUTO-FILL-FOR-04-20
1.05,,,construction,PIANKA_MONTAZOWA,,l,0.1300,"budget,norm,lux",0,auto-fill (norma iz patterna kategorii); review,auto-fill (norma iz patterna kategorii); review,auto,AUTO-FILL FOR-04-20,,AUTO-FILL-FOR-04-20
1.05,,,construction,WOREK_NA_GRUZ,,szt,0.0500,"budget,norm,lux",0,auto-fill (norma iz patterna kategorii); review,auto-fill (norma iz patterna kategorii); review,auto,AUTO-FILL FOR-04-20,,AUTO-FILL-FOR-04-20
1.06,,,construction,TARCZA_TNACA,,szt,0.0350,"budget,norm,lux",0,auto-fill (norma iz patterna kategorii); review,auto-fill (norma iz patterna kategorii); review,auto,AUTO-FILL FOR-04-20,,AUTO-FILL-FOR-04-20
1.06,,,construction,WOREK_NA_GRUZ,,szt,0.0500,"budget,norm,lux",0,auto-fill (norma iz patterna kategorii); review,auto-fill (norma iz patterna kategorii); review,auto,AUTO-FILL FOR-04-20,,AUTO-FILL-FOR-04-20
1.07,,,construction,PIANKA_MONTAZOWA,,l,0.1300,"budget,norm,lux",0,auto-fill (norma iz patterna kategorii); review,auto-fill (norma iz patterna kategorii); review,auto,AUTO-FILL FOR-04-20,,AUTO-FILL-FOR-04-20
1.07,,,construction,TARCZA_TNACA,,szt,0.0350,"budget,norm,lux",0,auto-fill (norma iz patterna kategorii); review,auto-fill (norma iz patterna kategorii); review,auto,AUTO-FILL FOR-04-20,,AUTO-FILL-FOR-04-20
1.07,,,construction,WOREK_NA_GRUZ,,szt,0.0500,"budget,norm,lux",0,auto-fill (norma iz patterna kategorii); review,auto-fill (norma iz patterna kategorii); review,auto,AUTO-FILL FOR-04-20,,AUTO-FILL-FOR-04-20
1.08,,,construction,PIANKA_MONTAZOWA,,l,0.1300,"budget,norm,lux",0,auto-fill (norma iz patterna kategorii); review,auto-fill (norma iz patterna kategorii); review,auto,AUTO-FILL FOR-04-20,,AUTO-FILL-FOR-04-20
1.08,,,construction,ZAPRAWA_NAPRAWCZA,,kg,2.0000,"budget,norm,lux",0,auto-fill (norma iz patterna kategorii); review,auto-fill (norma iz patterna kategorii); review,auto,AUTO-FILL FOR-04-20,,AUTO-FILL-FOR-04-20
1.09,,,construction,PIANKA_MONTAZOWA,,l,0.1300,"budget,norm,lux",0,auto-fill (norma iz patterna kategorii); review,auto-fill (norma iz patterna kategorii); review,auto,AUTO-FILL FOR-04-20,,AUTO-FILL-FOR-04-20
1.09,,,construction,ZAPRAWA_NAPRAWCZA,,kg,2.0000,"budget,norm,lux",0,auto-fill (norma iz patterna kategorii); review,auto-fill (norma iz patterna kategorii); review,auto,AUTO-FILL FOR-04-20,,AUTO-FILL-FOR-04-20
1.10,,,construction,PIANKA_MONTAZOWA,,l,0.1300,"budget,norm,lux",0,auto-fill (norma iz patterna kategorii); review,auto-fill (norma iz patterna kategorii); review,auto,AUTO-FILL FOR-04-20,,AUTO-FILL-FOR-04-20
1.10,,,construction,TARCZA_TNACA,,szt,0.0350,"budget,norm,lux",0,auto-fill (norma iz patterna kategorii); review,auto-fill (norma iz patterna kategorii); review,auto,AUTO-FILL FOR-04-20,,AUTO-FILL-FOR-04-20
1.10,,,construction,ZAPRAWA_NAPRAWCZA,,kg,2.0000,"budget,norm,lux",0,auto-fill (norma iz patterna kategorii); review,auto-fill (norma iz patterna kategorii); review,auto,AUTO-FILL FOR-04-20,,AUTO-FILL-FOR-04-20
1.11,,,construction,PIANKA_MONTAZOWA,,l,0.1300,"budget,norm,lux",0,auto-fill (norma iz patterna kategorii); review,auto-fill (norma iz patterna kategorii); review,auto,AUTO-FILL FOR-04-20,,AUTO-FILL-FOR-04-20
1.11,,,construction,ZAPRAWA_NAPRAWCZA,,kg,2.0000,"budget,norm,lux",0,auto-fill (norma iz patterna kategorii); review,auto-fill (norma iz patterna kategorii); review,auto,AUTO-FILL FOR-04-20,,AUTO-FILL-FOR-04-20
1.12,,,construction,PIANKA_MONTAZOWA,,l,0.1300,"budget,norm,lux",0,auto-fill (norma iz patterna kategorii); review,auto-fill (norma iz patterna kategorii); review,auto,AUTO-FILL FOR-04-20,,AUTO-FILL-FOR-04-20
1.12,,,construction,TARCZA_TNACA,,szt,0.0350,"budget,norm,lux",0,auto-fill (norma iz patterna kategorii); review,auto-fill (norma iz patterna kategorii); review,auto,AUTO-FILL FOR-04-20,,AUTO-FILL-FOR-04-20
1.12,,,construction,ZAPRAWA_NAPRAWCZA,,kg,2.0000,"budget,norm,lux",0,auto-fill (norma iz patterna kategorii); review,auto-fill (norma iz patterna kategorii); review,auto,AUTO-FILL FOR-04-20,,AUTO-FILL-FOR-04-20
10.01,,,construction,AKRYL,,l,0.0200,"budget,norm,lux",0,auto-fill (norma iz patterna kategorii); review,auto-fill (norma iz patterna kategorii); review,auto,AUTO-FILL FOR-04-20,,AUTO-FILL-FOR-04-20
10.01,,,construction,KLEJ_MONTAZOWY,,l,0.0300,"budget,norm,lux",0,auto-fill (norma iz patterna kategorii); review,auto-fill (norma iz patterna kategorii); review,auto,AUTO-FILL FOR-04-20,,AUTO-FILL-FOR-04-20
10.01,,,construction,LISTWA_DYLATACYJNA,,mb,1.0500,"budget,norm,lux",0,auto-fill (norma iz patterna kategorii); review,auto-fill (norma iz patterna kategorii); review,auto,AUTO-FILL FOR-04-20,,AUTO-FILL-FOR-04-20
10.01,,,construction,PAPIER_SCIERNY,,szt,0.2250,"budget,norm,lux",0,auto-fill (norma iz patterna kategorii); review,auto-fill (norma iz patterna kategorii); review,auto,AUTO-FILL FOR-04-20,,AUTO-FILL-FOR-04-20
10.01,,,finishing,LISTWA_PRZYPODLOGOWA,,mb,1.0500,"budget,norm,lux",0,auto-fill (norma iz patterna kategorii); review,auto-fill (norma iz patterna kategorii); review,auto,AUTO-FILL FOR-04-20,,AUTO-FILL-FOR-04-20
10.02,,,construction,AKRYL,,l,0.0200,"budget,norm,lux",0,auto-fill (norma iz patterna kategorii); review,auto-fill (norma iz patterna kategorii); review,auto,AUTO-FILL FOR-04-20,,AUTO-FILL-FOR-04-20
10.02,,,construction,KLEJ_MONTAZOWY,,l,0.0300,"budget,norm,lux",0,auto-fill (norma iz patterna kategorii); review,auto-fill (norma iz patterna kategorii); review,auto,AUTO-FILL FOR-04-20,,AUTO-FILL-FOR-04-20
10.02,,,construction,LISTWA_DYLATACYJNA,,mb,1.0500,"budget,norm,lux",0,auto-fill (norma iz patterna kategorii); review,auto-fill (norma iz patterna kategorii); review,auto,AUTO-FILL FOR-04-20,,AUTO-FILL-FOR-04-20
10.02,,,construction,PAPIER_SCIERNY,,szt,0.2250,"budget,norm,lux",0,auto-fill (norma iz patterna kategorii); review,auto-fill (norma iz patterna kategorii); review,auto,AUTO-FILL FOR-04-20,,AUTO-FILL-FOR-04-20
10.02,,,finishing,LISTWA_PRZYPODLOGOWA,,mb,1.0500,"budget,norm,lux",0,auto-fill (norma iz patterna kategorii); review,auto-fill (norma iz patterna kategorii); review,auto,AUTO-FILL FOR-04-20,,AUTO-FILL-FOR-04-20
10.03,,,construction,AKRYL,,l,0.0200,"budget,norm,lux",0,auto-fill (norma iz patterna kategorii); review,auto-fill (norma iz patterna kategorii); review,auto,AUTO-FILL FOR-04-20,,AUTO-FILL-FOR-04-20
10.03,,,construction,KLEJ_MONTAZOWY,,l,0.0300,"budget,norm,lux",0,auto-fill (norma iz patterna kategorii); review,auto-fill (norma iz patterna kategorii); review,auto,AUTO-FILL FOR-04-20,,AUTO-FILL-FOR-04-20
10.03,,,construction,LISTWA_DYLATACYJNA,,mb,1.0500,"budget,norm,lux",0,auto-fill (norma iz patterna kategorii); review,auto-fill (norma iz patterna kategorii); review,auto,AUTO-FILL FOR-04-20,,AUTO-FILL-FOR-04-20
10.03,,,finishing,LISTWA_PRZYPODLOGOWA,,mb,1.0500,"budget,norm,lux",0,auto-fill (norma iz patterna kategorii); review,auto-fill (norma iz patterna kategorii); review,auto,AUTO-FILL FOR-04-20,,AUTO-FILL-FOR-04-20
10.04,,,construction,AKRYL,,l,0.0200,"budget,norm,lux",0,auto-fill (norma iz patterna kategorii); review,auto-fill (norma iz patterna kategorii); review,auto,AUTO-FILL FOR-04-20,,AUTO-FILL-FOR-04-20
10.04,,,construction,KLEJ_MONTAZOWY,,l,0.0300,"budget,norm,lux",0,auto-fill (norma iz patterna kategorii); review,auto-fill (norma iz patterna kategorii); review,auto,AUTO-FILL FOR-04-20,,AUTO-FILL-FOR-04-20
10.04,,,construction,LISTWA_DYLATACYJNA,,mb,1.0500,"budget,norm,lux",0,auto-fill (norma iz patterna kategorii); review,auto-fill (norma iz patterna kategorii); review,auto,AUTO-FILL FOR-04-20,,AUTO-FILL-FOR-04-20
10.04,,,finishing,LISTWA_PRZYPODLOGOWA,,mb,1.0500,"budget,norm,lux",0,auto-fill (norma iz patterna kategorii); review,auto-fill (norma iz patterna kategorii); review,auto,AUTO-FILL FOR-04-20,,AUTO-FILL-FOR-04-20
10.05,,,construction,AKRYL,,l,0.0200,"budget,norm,lux",0,auto-fill (norma iz patterna kategorii); review,auto-fill (norma iz patterna kategorii); review,auto,AUTO-FILL FOR-04-20,,AUTO-FILL-FOR-04-20
10.05,,,construction,KLEJ_MONTAZOWY,,l,0.0300,"budget,norm,lux",0,auto-fill (norma iz patterna kategorii); review,auto-fill (norma iz patterna kategorii); review,auto,AUTO-FILL FOR-04-20,,AUTO-FILL-FOR-04-20
10.05,,,construction,LISTWA_DYLATACYJNA,,mb,1.0500,"budget,norm,lux",0,auto-fill (norma iz patterna kategorii); review,auto-fill (norma iz patterna kategorii); review,auto,AUTO-FILL FOR-04-20,,AUTO-FILL-FOR-04-20
10.05,,,construction,PAPIER_SCIERNY,,szt,0.2250,"budget,norm,lux",0,auto-fill (norma iz patterna kategorii); review,auto-fill (norma iz patterna kategorii); review,auto,AUTO-FILL FOR-04-20,,AUTO-FILL-FOR-04-20
10.05,,,finishing,LISTWA_PRZYPODLOGOWA,,mb,1.0500,"budget,norm,lux",0,auto-fill (norma iz patterna kategorii); review,auto-fill (norma iz patterna kategorii); review,auto,AUTO-FILL FOR-04-20,,AUTO-FILL-FOR-04-20
10.12,,,construction,AKRYL,,l,0.0200,"budget,norm,lux",0,auto-fill (norma iz patterna kategorii); review,auto-fill (norma iz patterna kategorii); review,auto,AUTO-FILL FOR-04-20,,AUTO-FILL-FOR-04-20
10.12,,,construction,KLEJ_MONTAZOWY,,l,0.0300,"budget,norm,lux",0,auto-fill (norma iz patterna kategorii); review,auto-fill (norma iz patterna kategorii); review,auto,AUTO-FILL FOR-04-20,,AUTO-FILL-FOR-04-20
10.12,,,construction,LISTWA_DYLATACYJNA,,mb,1.0500,"budget,norm,lux",0,auto-fill (norma iz patterna kategorii); review,auto-fill (norma iz patterna kategorii); review,auto,AUTO-FILL FOR-04-20,,AUTO-FILL-FOR-04-20
10.12,,,construction,PAPIER_SCIERNY,,szt,0.2250,"budget,norm,lux",0,auto-fill (norma iz patterna kategorii); review,auto-fill (norma iz patterna kategorii); review,auto,AUTO-FILL FOR-04-20,,AUTO-FILL-FOR-04-20
10.12,,,finishing,LISTWA_PRZYPODLOGOWA,,mb,1.0500,"budget,norm,lux",0,auto-fill (norma iz patterna kategorii); review,auto-fill (norma iz patterna kategorii); review,auto,AUTO-FILL FOR-04-20,,AUTO-FILL-FOR-04-20
10.13,,,construction,KLEJ_MONTAZOWY,,l,0.0300,"budget,norm,lux",0,auto-fill (norma iz patterna kategorii); review,auto-fill (norma iz patterna kategorii); review,auto,AUTO-FILL FOR-04-20,,AUTO-FILL-FOR-04-20
10.13,,,construction,PAPIER_SCIERNY,,szt,0.2250,"budget,norm,lux",0,auto-fill (norma iz patterna kategorii); review,auto-fill (norma iz patterna kategorii); review,auto,AUTO-FILL FOR-04-20,,AUTO-FILL-FOR-04-20
10.13,,,finishing,LISTWA_PRZYPODLOGOWA,,mb,1.0500,"budget,norm,lux",0,auto-fill (norma iz patterna kategorii); review,auto-fill (norma iz patterna kategorii); review,auto,AUTO-FILL FOR-04-20,,AUTO-FILL-FOR-04-20
10.14,,,construction,AKRYL,,l,0.0200,"budget,norm,lux",0,auto-fill (norma iz patterna kategorii); review,auto-fill (norma iz patterna kategorii); review,auto,AUTO-FILL FOR-04-20,,AUTO-FILL-FOR-04-20
10.14,,,construction,KLEJ_MONTAZOWY,,l,0.0300,"budget,norm,lux",0,auto-fill (norma iz patterna kategorii); review,auto-fill (norma iz patterna kategorii); review,auto,AUTO-FILL FOR-04-20,,AUTO-FILL-FOR-04-20
10.14,,,construction,PAPIER_SCIERNY,,szt,0.2250,"budget,norm,lux",0,auto-fill (norma iz patterna kategorii); review,auto-fill (norma iz patterna kategorii); review,auto,AUTO-FILL FOR-04-20,,AUTO-FILL-FOR-04-20
10.14,,,finishing,LISTWA_PRZYPODLOGOWA,,mb,1.0500,"budget,norm,lux",0,auto-fill (norma iz patterna kategorii); review,auto-fill (norma iz patterna kategorii); review,auto,AUTO-FILL FOR-04-20,,AUTO-FILL-FOR-04-20
10.15,,,construction,LISTWA_DYLATACYJNA,,mb,1.0500,"budget,norm,lux",0,auto-fill (norma iz patterna kategorii); review,auto-fill (norma iz patterna kategorii); review,auto,AUTO-FILL FOR-04-20,,AUTO-FILL-FOR-04-20
10.15,,,construction,PAPIER_SCIERNY,,szt,0.2250,"budget,norm,lux",0,auto-fill (norma iz patterna kategorii); review,auto-fill (norma iz patterna kategorii); review,auto,AUTO-FILL FOR-04-20,,AUTO-FILL-FOR-04-20
10.16,,,construction,AKRYL,,l,0.0200,"budget,norm,lux",0,auto-fill (norma iz patterna kategorii); review,auto-fill (norma iz patterna kategorii); review,auto,AUTO-FILL FOR-04-20,,AUTO-FILL-FOR-04-20
10.16,,,construction,LISTWA_DYLATACYJNA,,mb,1.0500,"budget,norm,lux",0,auto-fill (norma iz patterna kategorii); review,auto-fill (norma iz patterna kategorii); review,auto,AUTO-FILL FOR-04-20,,AUTO-FILL-FOR-04-20
10.16,,,construction,PAPIER_SCIERNY,,szt,0.2250,"budget,norm,lux",0,auto-fill (norma iz patterna kategorii); review,auto-fill (norma iz patterna kategorii); review,auto,AUTO-FILL FOR-04-20,,AUTO-FILL-FOR-04-20
11.01,,,construction,KLEJ_MONTAZOWY,,l,0.0300,"budget,norm,lux",0,auto-fill (norma iz patterna kategorii); review,auto-fill (norma iz patterna kategorii); review,auto,AUTO-FILL FOR-04-20,,AUTO-FILL-FOR-04-20
11.01,,,construction,KLINY,,szt,8.0000,"budget,norm,lux",0,auto-fill (norma iz patterna kategorii); review,auto-fill (norma iz patterna kategorii); review,auto,AUTO-FILL FOR-04-20,,AUTO-FILL-FOR-04-20
11.01,,,construction,KOLKI,,szt,5.0000,"budget,norm,lux",0,auto-fill (norma iz patterna kategorii); review,auto-fill (norma iz patterna kategorii); review,auto,AUTO-FILL FOR-04-20,,AUTO-FILL-FOR-04-20
11.01,,,construction,PIANA_MONTAZOWA,,szt,1.0000,"budget,norm,lux",0,auto-fill (norma iz patterna kategorii); review,auto-fill (norma iz patterna kategorii); review,auto,AUTO-FILL FOR-04-20,,AUTO-FILL-FOR-04-20
11.01,,,construction,SILIKON,,l,0.0300,"budget,norm,lux",0,auto-fill (norma iz patterna kategorii); review,auto-fill (norma iz patterna kategorii); review,auto,AUTO-FILL FOR-04-20,,AUTO-FILL-FOR-04-20
11.01,,,construction,WKRETY,,szt,5.0000,"budget,norm,lux",0,auto-fill (norma iz patterna kategorii); review,auto-fill (norma iz patterna kategorii); review,auto,AUTO-FILL FOR-04-20,,AUTO-FILL-FOR-04-20
11.02,,,construction,SILIKON,,l,0.0300,"budget,norm,lux",0,auto-fill (norma iz patterna kategorii); review,auto-fill (norma iz patterna kategorii); review,auto,AUTO-FILL FOR-04-20,,AUTO-FILL-FOR-04-20
11.02,,,construction,WKRETY,,szt,5.0000,"budget,norm,lux",0,auto-fill (norma iz patterna kategorii); review,auto-fill (norma iz patterna kategorii); review,auto,AUTO-FILL FOR-04-20,,AUTO-FILL-FOR-04-20
11.03,,,construction,KLINY,,szt,8.0000,"budget,norm,lux",0,auto-fill (norma iz patterna kategorii); review,auto-fill (norma iz patterna kategorii); review,auto,AUTO-FILL FOR-04-20,,AUTO-FILL-FOR-04-20
11.03,,,construction,KOLKI,,szt,5.0000,"budget,norm,lux",0,auto-fill (norma iz patterna kategorii); review,auto-fill (norma iz patterna kategorii); review,auto,AUTO-FILL FOR-04-20,,AUTO-FILL-FOR-04-20
11.03,,,construction,PIANA_MONTAZOWA,,szt,1.0000,"budget,norm,lux",0,auto-fill (norma iz patterna kategorii); review,auto-fill (norma iz patterna kategorii); review,auto,AUTO-FILL FOR-04-20,,AUTO-FILL-FOR-04-20
11.03,,,construction,SILIKON,,l,0.0300,"budget,norm,lux",0,auto-fill (norma iz patterna kategorii); review,auto-fill (norma iz patterna kategorii); review,auto,AUTO-FILL FOR-04-20,,AUTO-FILL-FOR-04-20
11.04,,,construction,KLEJ_MONTAZOWY,,l,0.0300,"budget,norm,lux",0,auto-fill (norma iz patterna kategorii); review,auto-fill (norma iz patterna kategorii); review,auto,AUTO-FILL FOR-04-20,,AUTO-FILL-FOR-04-20
11.04,,,construction,KLINY,,szt,8.0000,"budget,norm,lux",0,auto-fill (norma iz patterna kategorii); review,auto-fill (norma iz patterna kategorii); review,auto,AUTO-FILL FOR-04-20,,AUTO-FILL-FOR-04-20
11.04,,,construction,KOLKI,,szt,5.0000,"budget,norm,lux",0,auto-fill (norma iz patterna kategorii); review,auto-fill (norma iz patterna kategorii); review,auto,AUTO-FILL FOR-04-20,,AUTO-FILL-FOR-04-20
11.04,,,construction,PIANA_MONTAZOWA,,szt,1.0000,"budget,norm,lux",0,auto-fill (norma iz patterna kategorii); review,auto-fill (norma iz patterna kategorii); review,auto,AUTO-FILL FOR-04-20,,AUTO-FILL-FOR-04-20
11.04,,,construction,SILIKON,,l,0.0300,"budget,norm,lux",0,auto-fill (norma iz patterna kategorii); review,auto-fill (norma iz patterna kategorii); review,auto,AUTO-FILL FOR-04-20,,AUTO-FILL-FOR-04-20
11.04,,,construction,WKRETY,,szt,5.0000,"budget,norm,lux",0,auto-fill (norma iz patterna kategorii); review,auto-fill (norma iz patterna kategorii); review,auto,AUTO-FILL FOR-04-20,,AUTO-FILL-FOR-04-20
11.05,,,construction,KLEJ_MONTAZOWY,,l,0.0300,"budget,norm,lux",0,auto-fill (norma iz patterna kategorii); review,auto-fill (norma iz patterna kategorii); review,auto,AUTO-FILL FOR-04-20,,AUTO-FILL-FOR-04-20
11.05,,,construction,WKRETY,,szt,5.0000,"budget,norm,lux",0,auto-fill (norma iz patterna kategorii); review,auto-fill (norma iz patterna kategorii); review,auto,AUTO-FILL FOR-04-20,,AUTO-FILL-FOR-04-20
11.06,,,construction,KLEJ_MONTAZOWY,,l,0.0300,"budget,norm,lux",0,auto-fill (norma iz patterna kategorii); review,auto-fill (norma iz patterna kategorii); review,auto,AUTO-FILL FOR-04-20,,AUTO-FILL-FOR-04-20
11.06,,,construction,KLINY,,szt,8.0000,"budget,norm,lux",0,auto-fill (norma iz patterna kategorii); review,auto-fill (norma iz patterna kategorii); review,auto,AUTO-FILL FOR-04-20,,AUTO-FILL-FOR-04-20
11.06,,,construction,KOLKI,,szt,5.0000,"budget,norm,lux",0,auto-fill (norma iz patterna kategorii); review,auto-fill (norma iz patterna kategorii); review,auto,AUTO-FILL FOR-04-20,,AUTO-FILL-FOR-04-20
11.06,,,construction,PIANA_MONTAZOWA,,szt,1.0000,"budget,norm,lux",0,auto-fill (norma iz patterna kategorii); review,auto-fill (norma iz patterna kategorii); review,auto,AUTO-FILL FOR-04-20,,AUTO-FILL-FOR-04-20
11.06,,,construction,SILIKON,,l,0.0300,"budget,norm,lux",0,auto-fill (norma iz patterna kategorii); review,auto-fill (norma iz patterna kategorii); review,auto,AUTO-FILL FOR-04-20,,AUTO-FILL-FOR-04-20
11.07,,,construction,KLEJ_MONTAZOWY,,l,0.0300,"budget,norm,lux",0,auto-fill (norma iz patterna kategorii); review,auto-fill (norma iz patterna kategorii); review,auto,AUTO-FILL FOR-04-20,,AUTO-FILL-FOR-04-20
11.07,,,construction,KLINY,,szt,8.0000,"budget,norm,lux",0,auto-fill (norma iz patterna kategorii); review,auto-fill (norma iz patterna kategorii); review,auto,AUTO-FILL FOR-04-20,,AUTO-FILL-FOR-04-20
11.07,,,construction,PIANA_MONTAZOWA,,szt,1.0000,"budget,norm,lux",0,auto-fill (norma iz patterna kategorii); review,auto-fill (norma iz patterna kategorii); review,auto,AUTO-FILL FOR-04-20,,AUTO-FILL-FOR-04-20
11.08,,,construction,KLEJ_MONTAZOWY,,l,0.0300,"budget,norm,lux",0,auto-fill (norma iz patterna kategorii); review,auto-fill (norma iz patterna kategorii); review,auto,AUTO-FILL FOR-04-20,,AUTO-FILL-FOR-04-20
11.08,,,construction,KLINY,,szt,8.0000,"budget,norm,lux",0,auto-fill (norma iz patterna kategorii); review,auto-fill (norma iz patterna kategorii); review,auto,AUTO-FILL FOR-04-20,,AUTO-FILL-FOR-04-20
11.08,,,construction,PIANA_MONTAZOWA,,szt,1.0000,"budget,norm,lux",0,auto-fill (norma iz patterna kategorii); review,auto-fill (norma iz patterna kategorii); review,auto,AUTO-FILL FOR-04-20,,AUTO-FILL-FOR-04-20
12.01,,,construction,KLEJ_DO_LUSTER,,l,0.1000,"budget,norm,lux",0,auto-fill (norma iz patterna kategorii); review,auto-fill (norma iz patterna kategorii); review,auto,AUTO-FILL FOR-04-20,,AUTO-FILL-FOR-04-20
12.01,,,construction,TASMA_DWUSTRONNA,,m2,0.0750,"budget,norm,lux",0,auto-fill (norma iz patterna kategorii); review,auto-fill (norma iz patterna kategorii); review,auto,AUTO-FILL FOR-04-20,,AUTO-FILL-FOR-04-20
12.01,,,construction,WKRET_KOLEK_MONTAZOWY,,szt,2.0000,"budget,norm,lux",0,auto-fill (norma iz patterna kategorii); review,auto-fill (norma iz patterna kategorii); review,auto,AUTO-FILL FOR-04-20,,AUTO-FILL-FOR-04-20
12.02,,,construction,KLEJ_DO_LUSTER,,l,0.1000,"budget,norm,lux",0,auto-fill (norma iz patterna kategorii); review,auto-fill (norma iz patterna kategorii); review,auto,AUTO-FILL FOR-04-20,,AUTO-FILL-FOR-04-20
12.02,,,construction,TASMA_DWUSTRONNA,,m2,0.0750,"budget,norm,lux",0,auto-fill (norma iz patterna kategorii); review,auto-fill (norma iz patterna kategorii); review,auto,AUTO-FILL FOR-04-20,,AUTO-FILL-FOR-04-20
12.02,,,construction,WKRET_KOLEK_MONTAZOWY,,szt,2.0000,"budget,norm,lux",0,auto-fill (norma iz patterna kategorii); review,auto-fill (norma iz patterna kategorii); review,auto,AUTO-FILL FOR-04-20,,AUTO-FILL-FOR-04-20
12.03,,,construction,KLEJ_DO_LUSTER,,l,0.1000,"budget,norm,lux",0,auto-fill (norma iz patterna kategorii); review,auto-fill (norma iz patterna kategorii); review,auto,AUTO-FILL FOR-04-20,,AUTO-FILL-FOR-04-20
12.03,,,construction,PIANKA_MONTAZOWA,,l,0.1300,"budget,norm,lux",0,auto-fill (norma iz patterna kategorii); review,auto-fill (norma iz patterna kategorii); review,auto,AUTO-FILL FOR-04-20,,AUTO-FILL-FOR-04-20
12.03,,,construction,SILIKON,,l,0.0300,"budget,norm,lux",0,auto-fill (norma iz patterna kategorii); review,auto-fill (norma iz patterna kategorii); review,auto,AUTO-FILL FOR-04-20,,AUTO-FILL-FOR-04-20
12.03,,,construction,TASMA_DWUSTRONNA,,m2,0.0750,"budget,norm,lux",0,auto-fill (norma iz patterna kategorii); review,auto-fill (norma iz patterna kategorii); review,auto,AUTO-FILL FOR-04-20,,AUTO-FILL-FOR-04-20
12.03,,,construction,WKRET_KOLEK_MONTAZOWY,,szt,2.0000,"budget,norm,lux",0,auto-fill (norma iz patterna kategorii); review,auto-fill (norma iz patterna kategorii); review,auto,AUTO-FILL FOR-04-20,,AUTO-FILL-FOR-04-20
12.03,,,construction,ZAPRAWA_MONTAZOWA,,kg,1.3000,"budget,norm,lux",0,auto-fill (norma iz patterna kategorii); review,auto-fill (norma iz patterna kategorii); review,auto,AUTO-FILL FOR-04-20,,AUTO-FILL-FOR-04-20
12.04,,,construction,KLEJ_DO_LUSTER,,l,0.1000,"budget,norm,lux",0,auto-fill (norma iz patterna kategorii); review,auto-fill (norma iz patterna kategorii); review,auto,AUTO-FILL FOR-04-20,,AUTO-FILL-FOR-04-20
12.04,,,construction,KLEJ_MONTAZOWY,,l,0.0300,"budget,norm,lux",0,auto-fill (norma iz patterna kategorii); review,auto-fill (norma iz patterna kategorii); review,auto,AUTO-FILL FOR-04-20,,AUTO-FILL-FOR-04-20
12.04,,,construction,PIANKA_MONTAZOWA,,l,0.1300,"budget,norm,lux",0,auto-fill (norma iz patterna kategorii); review,auto-fill (norma iz patterna kategorii); review,auto,AUTO-FILL FOR-04-20,,AUTO-FILL-FOR-04-20
12.04,,,construction,SILIKON,,l,0.0300,"budget,norm,lux",0,auto-fill (norma iz patterna kategorii); review,auto-fill (norma iz patterna kategorii); review,auto,AUTO-FILL FOR-04-20,,AUTO-FILL-FOR-04-20
12.04,,,construction,TASMA_DWUSTRONNA,,m2,0.0750,"budget,norm,lux",0,auto-fill (norma iz patterna kategorii); review,auto-fill (norma iz patterna kategorii); review,auto,AUTO-FILL FOR-04-20,,AUTO-FILL-FOR-04-20
12.04,,,construction,ZAPRAWA_MONTAZOWA,,kg,1.3000,"budget,norm,lux",0,auto-fill (norma iz patterna kategorii); review,auto-fill (norma iz patterna kategorii); review,auto,AUTO-FILL FOR-04-20,,AUTO-FILL-FOR-04-20
12.05,,,construction,KLEJ_MONTAZOWY,,l,0.0300,"budget,norm,lux",0,auto-fill (norma iz patterna kategorii); review,auto-fill (norma iz patterna kategorii); review,auto,AUTO-FILL FOR-04-20,,AUTO-FILL-FOR-04-20
12.05,,,construction,PIANKA_MONTAZOWA,,l,0.1300,"budget,norm,lux",0,auto-fill (norma iz patterna kategorii); review,auto-fill (norma iz patterna kategorii); review,auto,AUTO-FILL FOR-04-20,,AUTO-FILL-FOR-04-20
12.05,,,construction,SILIKON,,l,0.0300,"budget,norm,lux",0,auto-fill (norma iz patterna kategorii); review,auto-fill (norma iz patterna kategorii); review,auto,AUTO-FILL FOR-04-20,,AUTO-FILL-FOR-04-20
12.05,,,construction,WKRET_KOLEK_MONTAZOWY,,szt,2.0000,"budget,norm,lux",0,auto-fill (norma iz patterna kategorii); review,auto-fill (norma iz patterna kategorii); review,auto,AUTO-FILL FOR-04-20,,AUTO-FILL-FOR-04-20
12.05,,,construction,ZAPRAWA_MONTAZOWA,,kg,1.3000,"budget,norm,lux",0,auto-fill (norma iz patterna kategorii); review,auto-fill (norma iz patterna kategorii); review,auto,AUTO-FILL FOR-04-20,,AUTO-FILL-FOR-04-20
12.06,,,construction,KLEJ_MONTAZOWY,,l,0.0300,"budget,norm,lux",0,auto-fill (norma iz patterna kategorii); review,auto-fill (norma iz patterna kategorii); review,auto,AUTO-FILL FOR-04-20,,AUTO-FILL-FOR-04-20
12.06,,,construction,PIANKA_MONTAZOWA,,l,0.1300,"budget,norm,lux",0,auto-fill (norma iz patterna kategorii); review,auto-fill (norma iz patterna kategorii); review,auto,AUTO-FILL FOR-04-20,,AUTO-FILL-FOR-04-20
12.06,,,construction,SILIKON,,l,0.0300,"budget,norm,lux",0,auto-fill (norma iz patterna kategorii); review,auto-fill (norma iz patterna kategorii); review,auto,AUTO-FILL FOR-04-20,,AUTO-FILL-FOR-04-20
12.06,,,construction,TASMA_DWUSTRONNA,,m2,0.0750,"budget,norm,lux",0,auto-fill (norma iz patterna kategorii); review,auto-fill (norma iz patterna kategorii); review,auto,AUTO-FILL FOR-04-20,,AUTO-FILL-FOR-04-20
12.06,,,construction,ZAPRAWA_MONTAZOWA,,kg,1.3000,"budget,norm,lux",0,auto-fill (norma iz patterna kategorii); review,auto-fill (norma iz patterna kategorii); review,auto,AUTO-FILL FOR-04-20,,AUTO-FILL-FOR-04-20
12.07,,,construction,KLEJ_MONTAZOWY,,l,0.0300,"budget,norm,lux",0,auto-fill (norma iz patterna kategorii); review,auto-fill (norma iz patterna kategorii); review,auto,AUTO-FILL FOR-04-20,,AUTO-FILL-FOR-04-20
12.07,,,construction,PIANKA_MONTAZOWA,,l,0.1300,"budget,norm,lux",0,auto-fill (norma iz patterna kategorii); review,auto-fill (norma iz patterna kategorii); review,auto,AUTO-FILL FOR-04-20,,AUTO-FILL-FOR-04-20
12.07,,,construction,SILIKON,,l,0.0300,"budget,norm,lux",0,auto-fill (norma iz patterna kategorii); review,auto-fill (norma iz patterna kategorii); review,auto,AUTO-FILL FOR-04-20,,AUTO-FILL-FOR-04-20
12.07,,,construction,WKRET_KOLEK_MONTAZOWY,,szt,2.0000,"budget,norm,lux",0,auto-fill (norma iz patterna kategorii); review,auto-fill (norma iz patterna kategorii); review,auto,AUTO-FILL FOR-04-20,,AUTO-FILL-FOR-04-20
12.07,,,construction,ZAPRAWA_MONTAZOWA,,kg,1.3000,"budget,norm,lux",0,auto-fill (norma iz patterna kategorii); review,auto-fill (norma iz patterna kategorii); review,auto,AUTO-FILL FOR-04-20,,AUTO-FILL-FOR-04-20
12.08,,,construction,KLEJ_DO_LUSTER,,l,0.1000,"budget,norm,lux",0,auto-fill (norma iz patterna kategorii); review,auto-fill (norma iz patterna kategorii); review,auto,AUTO-FILL FOR-04-20,,AUTO-FILL-FOR-04-20
12.08,,,construction,KLEJ_MONTAZOWY,,l,0.0300,"budget,norm,lux",0,auto-fill (norma iz patterna kategorii); review,auto-fill (norma iz patterna kategorii); review,auto,AUTO-FILL FOR-04-20,,AUTO-FILL-FOR-04-20
12.08,,,construction,TASMA_DWUSTRONNA,,m2,0.0750,"budget,norm,lux",0,auto-fill (norma iz patterna kategorii); review,auto-fill (norma iz patterna kategorii); review,auto,AUTO-FILL FOR-04-20,,AUTO-FILL-FOR-04-20
12.08,,,construction,ZAPRAWA_MONTAZOWA,,kg,1.3000,"budget,norm,lux",0,auto-fill (norma iz patterna kategorii); review,auto-fill (norma iz patterna kategorii); review,auto,AUTO-FILL FOR-04-20,,AUTO-FILL-FOR-04-20
12.09,,,construction,KLEJ_DO_LUSTER,,l,0.1000,"budget,norm,lux",0,auto-fill (norma iz patterna kategorii); review,auto-fill (norma iz patterna kategorii); review,auto,AUTO-FILL FOR-04-20,,AUTO-FILL-FOR-04-20
12.09,,,construction,KLEJ_MONTAZOWY,,l,0.0300,"budget,norm,lux",0,auto-fill (norma iz patterna kategorii); review,auto-fill (norma iz patterna kategorii); review,auto,AUTO-FILL FOR-04-20,,AUTO-FILL-FOR-04-20
12.09,,,construction,PIANKA_MONTAZOWA,,l,0.1300,"budget,norm,lux",0,auto-fill (norma iz patterna kategorii); review,auto-fill (norma iz patterna kategorii); review,auto,AUTO-FILL FOR-04-20,,AUTO-FILL-FOR-04-20
12.09,,,construction,TASMA_DWUSTRONNA,,m2,0.0750,"budget,norm,lux",0,auto-fill (norma iz patterna kategorii); review,auto-fill (norma iz patterna kategorii); review,auto,AUTO-FILL FOR-04-20,,AUTO-FILL-FOR-04-20
12.09,,,construction,ZAPRAWA_MONTAZOWA,,kg,1.3000,"budget,norm,lux",0,auto-fill (norma iz patterna kategorii); review,auto-fill (norma iz patterna kategorii); review,auto,AUTO-FILL FOR-04-20,,AUTO-FILL-FOR-04-20
12.10,,,construction,KLEJ_DO_LUSTER,,l,0.1000,"budget,norm,lux",0,auto-fill (norma iz patterna kategorii); review,auto-fill (norma iz patterna kategorii); review,auto,AUTO-FILL FOR-04-20,,AUTO-FILL-FOR-04-20
12.10,,,construction,PIANKA_MONTAZOWA,,l,0.1300,"budget,norm,lux",0,auto-fill (norma iz patterna kategorii); review,auto-fill (norma iz patterna kategorii); review,auto,AUTO-FILL FOR-04-20,,AUTO-FILL-FOR-04-20
12.10,,,construction,SILIKON,,l,0.0300,"budget,norm,lux",0,auto-fill (norma iz patterna kategorii); review,auto-fill (norma iz patterna kategorii); review,auto,AUTO-FILL FOR-04-20,,AUTO-FILL-FOR-04-20
12.10,,,construction,TASMA_DWUSTRONNA,,m2,0.0750,"budget,norm,lux",0,auto-fill (norma iz patterna kategorii); review,auto-fill (norma iz patterna kategorii); review,auto,AUTO-FILL FOR-04-20,,AUTO-FILL-FOR-04-20
12.10,,,construction,ZAPRAWA_MONTAZOWA,,kg,1.3000,"budget,norm,lux",0,auto-fill (norma iz patterna kategorii); review,auto-fill (norma iz patterna kategorii); review,auto,AUTO-FILL FOR-04-20,,AUTO-FILL-FOR-04-20
12.11,,,construction,KLEJ_DO_LUSTER,,l,0.1000,"budget,norm,lux",0,auto-fill (norma iz patterna kategorii); review,auto-fill (norma iz patterna kategorii); review,auto,AUTO-FILL FOR-04-20,,AUTO-FILL-FOR-04-20
12.11,,,construction,KLEJ_MONTAZOWY,,l,0.0300,"budget,norm,lux",0,auto-fill (norma iz patterna kategorii); review,auto-fill (norma iz patterna kategorii); review,auto,AUTO-FILL FOR-04-20,,AUTO-FILL-FOR-04-20
12.11,,,construction,PIANKA_MONTAZOWA,,l,0.1300,"budget,norm,lux",0,auto-fill (norma iz patterna kategorii); review,auto-fill (norma iz patterna kategorii); review,auto,AUTO-FILL FOR-04-20,,AUTO-FILL-FOR-04-20
12.11,,,construction,TASMA_DWUSTRONNA,,m2,0.0750,"budget,norm,lux",0,auto-fill (norma iz patterna kategorii); review,auto-fill (norma iz patterna kategorii); review,auto,AUTO-FILL FOR-04-20,,AUTO-FILL-FOR-04-20
12.11,,,construction,ZAPRAWA_MONTAZOWA,,kg,1.3000,"budget,norm,lux",0,auto-fill (norma iz patterna kategorii); review,auto-fill (norma iz patterna kategorii); review,auto,AUTO-FILL FOR-04-20,,AUTO-FILL-FOR-04-20
2.01,,,construction,KATOWNIK_ALUMINIOWY,,mb,1.0500,"budget,norm,lux",0,auto-fill (norma iz patterna kategorii); review,auto-fill (norma iz patterna kategorii); review,auto,AUTO-FILL FOR-04-20,,AUTO-FILL-FOR-04-20
2.01,,,construction,MASA_SPOINOWA,,kg,0.5000,"budget,norm,lux",0,auto-fill (norma iz patterna kategorii); review,auto-fill (norma iz patterna kategorii); review,auto,AUTO-FILL FOR-04-20,,AUTO-FILL-FOR-04-20
2.01,,,construction,PLYTA_GK,,m2,0.8000,"budget,norm,lux",0,auto-fill (norma iz patterna kategorii); review,auto-fill (norma iz patterna kategorii); review,auto,AUTO-FILL FOR-04-20,,AUTO-FILL-FOR-04-20
2.01,,,construction,PLYTA_GK_IMPREGNOWANA,,m2,1.8250,"budget,norm,lux",0,auto-fill (norma iz patterna kategorii); review,auto-fill (norma iz patterna kategorii); review,auto,AUTO-FILL FOR-04-20,,AUTO-FILL-FOR-04-20
2.01,,,construction,PROFIL_GK,,mb,2.6000,"budget,norm,lux",0,auto-fill (norma iz patterna kategorii); review,auto-fill (norma iz patterna kategorii); review,auto,AUTO-FILL FOR-04-20,,AUTO-FILL-FOR-04-20
2.01,,,construction,WKRET_GK,,szt,22.0000,"budget,norm,lux",0,auto-fill (norma iz patterna kategorii); review,auto-fill (norma iz patterna kategorii); review,auto,AUTO-FILL FOR-04-20,,AUTO-FILL-FOR-04-20
2.02,,,construction,BELKA_NADPROZOWA,,szt,1.0000,"budget,norm,lux",0,auto-fill (norma iz patterna kategorii); review,auto-fill (norma iz patterna kategorii); review,auto,AUTO-FILL FOR-04-20,,AUTO-FILL-FOR-04-20
2.02,,,construction,KATOWNIK_ALUMINIOWY,,mb,1.0500,"budget,norm,lux",0,auto-fill (norma iz patterna kategorii); review,auto-fill (norma iz patterna kategorii); review,auto,AUTO-FILL FOR-04-20,,AUTO-FILL-FOR-04-20
2.02,,,construction,PLYTA_GK_IMPREGNOWANA,,m2,1.8250,"budget,norm,lux",0,auto-fill (norma iz patterna kategorii); review,auto-fill (norma iz patterna kategorii); review,auto,AUTO-FILL FOR-04-20,,AUTO-FILL-FOR-04-20
2.02,,,construction,PROFIL_GK,,mb,2.6000,"budget,norm,lux",0,auto-fill (norma iz patterna kategorii); review,auto-fill (norma iz patterna kategorii); review,auto,AUTO-FILL FOR-04-20,,AUTO-FILL-FOR-04-20
2.02,,,construction,WKRET_GK,,szt,22.0000,"budget,norm,lux",0,auto-fill (norma iz patterna kategorii); review,auto-fill (norma iz patterna kategorii); review,auto,AUTO-FILL FOR-04-20,,AUTO-FILL-FOR-04-20
2.02,,,construction,ZAPRAWA_MURARSKA,,kg,8.0000,"budget,norm,lux",0,auto-fill (norma iz patterna kategorii); review,auto-fill (norma iz patterna kategorii); review,auto,AUTO-FILL FOR-04-20,,AUTO-FILL-FOR-04-20
2.03,,,construction,BELKA_NADPROZOWA,,szt,1.0000,"budget,norm,lux",0,auto-fill (norma iz patterna kategorii); review,auto-fill (norma iz patterna kategorii); review,auto,AUTO-FILL FOR-04-20,,AUTO-FILL-FOR-04-20
2.03,,,construction,KATOWNIK_ALUMINIOWY,,mb,1.0500,"budget,norm,lux",0,auto-fill (norma iz patterna kategorii); review,auto-fill (norma iz patterna kategorii); review,auto,AUTO-FILL FOR-04-20,,AUTO-FILL-FOR-04-20
2.03,,,construction,PLYTA_GK_IMPREGNOWANA,,m2,1.8250,"budget,norm,lux",0,auto-fill (norma iz patterna kategorii); review,auto-fill (norma iz patterna kategorii); review,auto,AUTO-FILL FOR-04-20,,AUTO-FILL-FOR-04-20
2.03,,,construction,WKRET_GK,,szt,22.0000,"budget,norm,lux",0,auto-fill (norma iz patterna kategorii); review,auto-fill (norma iz patterna kategorii); review,auto,AUTO-FILL FOR-04-20,,AUTO-FILL-FOR-04-20
2.03,,,construction,ZAPRAWA_MURARSKA,,kg,8.0000,"budget,norm,lux",0,auto-fill (norma iz patterna kategorii); review,auto-fill (norma iz patterna kategorii); review,auto,AUTO-FILL FOR-04-20,,AUTO-FILL-FOR-04-20
2.04,,,construction,BELKA_NADPROZOWA,,szt,1.0000,"budget,norm,lux",0,auto-fill (norma iz patterna kategorii); review,auto-fill (norma iz patterna kategorii); review,auto,AUTO-FILL FOR-04-20,,AUTO-FILL-FOR-04-20
2.04,,,construction,KATOWNIK_ALUMINIOWY,,mb,1.0500,"budget,norm,lux",0,auto-fill (norma iz patterna kategorii); review,auto-fill (norma iz patterna kategorii); review,auto,AUTO-FILL FOR-04-20,,AUTO-FILL-FOR-04-20
2.04,,,construction,MASA_SPOINOWA,,kg,0.5000,"budget,norm,lux",0,auto-fill (norma iz patterna kategorii); review,auto-fill (norma iz patterna kategorii); review,auto,AUTO-FILL FOR-04-20,,AUTO-FILL-FOR-04-20
2.04,,,construction,PLYTA_GK,,m2,0.8000,"budget,norm,lux",0,auto-fill (norma iz patterna kategorii); review,auto-fill (norma iz patterna kategorii); review,auto,AUTO-FILL FOR-04-20,,AUTO-FILL-FOR-04-20
2.04,,,construction,PLYTA_GK_IMPREGNOWANA,,m2,1.8250,"budget,norm,lux",0,auto-fill (norma iz patterna kategorii); review,auto-fill (norma iz patterna kategorii); review,auto,AUTO-FILL FOR-04-20,,AUTO-FILL-FOR-04-20
2.04,,,construction,PROFIL_GK,,mb,2.6000,"budget,norm,lux",0,auto-fill (norma iz patterna kategorii); review,auto-fill (norma iz patterna kategorii); review,auto,AUTO-FILL FOR-04-20,,AUTO-FILL-FOR-04-20
2.04,,,construction,WKRET_GK,,szt,22.0000,"budget,norm,lux",0,auto-fill (norma iz patterna kategorii); review,auto-fill (norma iz patterna kategorii); review,auto,AUTO-FILL FOR-04-20,,AUTO-FILL-FOR-04-20
2.05,,,construction,KATOWNIK_ALUMINIOWY,,mb,1.0500,"budget,norm,lux",0,auto-fill (norma iz patterna kategorii); review,auto-fill (norma iz patterna kategorii); review,auto,AUTO-FILL FOR-04-20,,AUTO-FILL-FOR-04-20
2.05,,,construction,MASA_SPOINOWA,,kg,0.5000,"budget,norm,lux",0,auto-fill (norma iz patterna kategorii); review,auto-fill (norma iz patterna kategorii); review,auto,AUTO-FILL FOR-04-20,,AUTO-FILL-FOR-04-20
2.05,,,construction,PLYTA_GK,,m2,0.8000,"budget,norm,lux",0,auto-fill (norma iz patterna kategorii); review,auto-fill (norma iz patterna kategorii); review,auto,AUTO-FILL FOR-04-20,,AUTO-FILL-FOR-04-20
2.05,,,construction,PLYTA_GK_IMPREGNOWANA,,m2,1.8250,"budget,norm,lux",0,auto-fill (norma iz patterna kategorii); review,auto-fill (norma iz patterna kategorii); review,auto,AUTO-FILL FOR-04-20,,AUTO-FILL-FOR-04-20
2.05,,,construction,PROFIL_GK,,mb,2.6000,"budget,norm,lux",0,auto-fill (norma iz patterna kategorii); review,auto-fill (norma iz patterna kategorii); review,auto,AUTO-FILL FOR-04-20,,AUTO-FILL-FOR-04-20
2.05,,,construction,WKRET_GK,,szt,22.0000,"budget,norm,lux",0,auto-fill (norma iz patterna kategorii); review,auto-fill (norma iz patterna kategorii); review,auto,AUTO-FILL FOR-04-20,,AUTO-FILL-FOR-04-20
2.06,,,construction,BELKA_NADPROZOWA,,szt,1.0000,"budget,norm,lux",0,auto-fill (norma iz patterna kategorii); review,auto-fill (norma iz patterna kategorii); review,auto,AUTO-FILL FOR-04-20,,AUTO-FILL-FOR-04-20
2.06,,,construction,KATOWNIK_ALUMINIOWY,,mb,1.0500,"budget,norm,lux",0,auto-fill (norma iz patterna kategorii); review,auto-fill (norma iz patterna kategorii); review,auto,AUTO-FILL FOR-04-20,,AUTO-FILL-FOR-04-20
2.06,,,construction,MASA_SPOINOWA,,kg,0.5000,"budget,norm,lux",0,auto-fill (norma iz patterna kategorii); review,auto-fill (norma iz patterna kategorii); review,auto,AUTO-FILL FOR-04-20,,AUTO-FILL-FOR-04-20
2.06,,,construction,PLYTA_GK,,m2,0.8000,"budget,norm,lux",0,auto-fill (norma iz patterna kategorii); review,auto-fill (norma iz patterna kategorii); review,auto,AUTO-FILL FOR-04-20,,AUTO-FILL-FOR-04-20
2.06,,,construction,PLYTA_GK_IMPREGNOWANA,,m2,1.8250,"budget,norm,lux",0,auto-fill (norma iz patterna kategorii); review,auto-fill (norma iz patterna kategorii); review,auto,AUTO-FILL FOR-04-20,,AUTO-FILL-FOR-04-20
2.06,,,construction,PROFIL_GK,,mb,2.6000,"budget,norm,lux",0,auto-fill (norma iz patterna kategorii); review,auto-fill (norma iz patterna kategorii); review,auto,AUTO-FILL FOR-04-20,,AUTO-FILL-FOR-04-20
2.06,,,construction,WKRET_GK,,szt,22.0000,"budget,norm,lux",0,auto-fill (norma iz patterna kategorii); review,auto-fill (norma iz patterna kategorii); review,auto,AUTO-FILL FOR-04-20,,AUTO-FILL-FOR-04-20
2.07,,,construction,KATOWNIK_ALUMINIOWY,,mb,1.0500,"budget,norm,lux",0,auto-fill (norma iz patterna kategorii); review,auto-fill (norma iz patterna kategorii); review,auto,AUTO-FILL FOR-04-20,,AUTO-FILL-FOR-04-20
2.07,,,construction,MASA_SPOINOWA,,kg,0.5000,"budget,norm,lux",0,auto-fill (norma iz patterna kategorii); review,auto-fill (norma iz patterna kategorii); review,auto,AUTO-FILL FOR-04-20,,AUTO-FILL-FOR-04-20
2.07,,,construction,PLYTA_GK,,m2,0.8000,"budget,norm,lux",0,auto-fill (norma iz patterna kategorii); review,auto-fill (norma iz patterna kategorii); review,auto,AUTO-FILL FOR-04-20,,AUTO-FILL-FOR-04-20
2.07,,,construction,PLYTA_GK_IMPREGNOWANA,,m2,1.8250,"budget,norm,lux",0,auto-fill (norma iz patterna kategorii); review,auto-fill (norma iz patterna kategorii); review,auto,AUTO-FILL FOR-04-20,,AUTO-FILL-FOR-04-20
2.07,,,construction,PROFIL_GK,,mb,2.6000,"budget,norm,lux",0,auto-fill (norma iz patterna kategorii); review,auto-fill (norma iz patterna kategorii); review,auto,AUTO-FILL FOR-04-20,,AUTO-FILL-FOR-04-20
2.07,,,construction,WKRET_GK,,szt,22.0000,"budget,norm,lux",0,auto-fill (norma iz patterna kategorii); review,auto-fill (norma iz patterna kategorii); review,auto,AUTO-FILL FOR-04-20,,AUTO-FILL-FOR-04-20
2.08,,,construction,BELKA_NADPROZOWA,,szt,1.0000,"budget,norm,lux",0,auto-fill (norma iz patterna kategorii); review,auto-fill (norma iz patterna kategorii); review,auto,AUTO-FILL FOR-04-20,,AUTO-FILL-FOR-04-20
2.08,,,construction,KATOWNIK_ALUMINIOWY,,mb,1.0500,"budget,norm,lux",0,auto-fill (norma iz patterna kategorii); review,auto-fill (norma iz patterna kategorii); review,auto,AUTO-FILL FOR-04-20,,AUTO-FILL-FOR-04-20
2.08,,,construction,MASA_SPOINOWA,,kg,0.5000,"budget,norm,lux",0,auto-fill (norma iz patterna kategorii); review,auto-fill (norma iz patterna kategorii); review,auto,AUTO-FILL FOR-04-20,,AUTO-FILL-FOR-04-20
2.08,,,construction,PLYTA_GK,,m2,0.8000,"budget,norm,lux",0,auto-fill (norma iz patterna kategorii); review,auto-fill (norma iz patterna kategorii); review,auto,AUTO-FILL FOR-04-20,,AUTO-FILL-FOR-04-20
2.08,,,construction,PLYTA_GK_IMPREGNOWANA,,m2,1.8250,"budget,norm,lux",0,auto-fill (norma iz patterna kategorii); review,auto-fill (norma iz patterna kategorii); review,auto,AUTO-FILL FOR-04-20,,AUTO-FILL-FOR-04-20
2.08,,,construction,PROFIL_GK,,mb,2.6000,"budget,norm,lux",0,auto-fill (norma iz patterna kategorii); review,auto-fill (norma iz patterna kategorii); review,auto,AUTO-FILL FOR-04-20,,AUTO-FILL-FOR-04-20
2.08,,,construction,WKRET_GK,,szt,22.0000,"budget,norm,lux",0,auto-fill (norma iz patterna kategorii); review,auto-fill (norma iz patterna kategorii); review,auto,AUTO-FILL FOR-04-20,,AUTO-FILL-FOR-04-20
2.09,,,construction,BELKA_NADPROZOWA,,szt,1.0000,"budget,norm,lux",0,auto-fill (norma iz patterna kategorii); review,auto-fill (norma iz patterna kategorii); review,auto,AUTO-FILL FOR-04-20,,AUTO-FILL-FOR-04-20
2.09,,,construction,KATOWNIK_ALUMINIOWY,,mb,1.0500,"budget,norm,lux",0,auto-fill (norma iz patterna kategorii); review,auto-fill (norma iz patterna kategorii); review,auto,AUTO-FILL FOR-04-20,,AUTO-FILL-FOR-04-20
2.09,,,construction,MASA_SPOINOWA,,kg,0.5000,"budget,norm,lux",0,auto-fill (norma iz patterna kategorii); review,auto-fill (norma iz patterna kategorii); review,auto,AUTO-FILL FOR-04-20,,AUTO-FILL-FOR-04-20
2.09,,,construction,PLYTA_GK,,m2,0.8000,"budget,norm,lux",0,auto-fill (norma iz patterna kategorii); review,auto-fill (norma iz patterna kategorii); review,auto,AUTO-FILL FOR-04-20,,AUTO-FILL-FOR-04-20
2.09,,,construction,PLYTA_GK_IMPREGNOWANA,,m2,1.8250,"budget,norm,lux",0,auto-fill (norma iz patterna kategorii); review,auto-fill (norma iz patterna kategorii); review,auto,AUTO-FILL FOR-04-20,,AUTO-FILL-FOR-04-20
2.09,,,construction,PROFIL_GK,,mb,2.6000,"budget,norm,lux",0,auto-fill (norma iz patterna kategorii); review,auto-fill (norma iz patterna kategorii); review,auto,AUTO-FILL FOR-04-20,,AUTO-FILL-FOR-04-20
2.09,,,construction,WKRET_GK,,szt,22.0000,"budget,norm,lux",0,auto-fill (norma iz patterna kategorii); review,auto-fill (norma iz patterna kategorii); review,auto,AUTO-FILL FOR-04-20,,AUTO-FILL-FOR-04-20
2.09,,,construction,ZAPRAWA_MURARSKA,,kg,8.0000,"budget,norm,lux",0,auto-fill (norma iz patterna kategorii); review,auto-fill (norma iz patterna kategorii); review,auto,AUTO-FILL FOR-04-20,,AUTO-FILL-FOR-04-20
2.10,,,construction,BELKA_NADPROZOWA,,szt,1.0000,"budget,norm,lux",0,auto-fill (norma iz patterna kategorii); review,auto-fill (norma iz patterna kategorii); review,auto,AUTO-FILL FOR-04-20,,AUTO-FILL-FOR-04-20
2.10,,,construction,KATOWNIK_ALUMINIOWY,,mb,1.0500,"budget,norm,lux",0,auto-fill (norma iz patterna kategorii); review,auto-fill (norma iz patterna kategorii); review,auto,AUTO-FILL FOR-04-20,,AUTO-FILL-FOR-04-20
2.10,,,construction,PLYTA_GK,,m2,0.8000,"budget,norm,lux",0,auto-fill (norma iz patterna kategorii); review,auto-fill (norma iz patterna kategorii); review,auto,AUTO-FILL FOR-04-20,,AUTO-FILL-FOR-04-20
2.10,,,construction,PLYTA_GK_IMPREGNOWANA,,m2,1.8250,"budget,norm,lux",0,auto-fill (norma iz patterna kategorii); review,auto-fill (norma iz patterna kategorii); review,auto,AUTO-FILL FOR-04-20,,AUTO-FILL-FOR-04-20
2.10,,,construction,PROFIL_GK,,mb,2.6000,"budget,norm,lux",0,auto-fill (norma iz patterna kategorii); review,auto-fill (norma iz patterna kategorii); review,auto,AUTO-FILL FOR-04-20,,AUTO-FILL-FOR-04-20
2.10,,,construction,WKRET_GK,,szt,22.0000,"budget,norm,lux",0,auto-fill (norma iz patterna kategorii); review,auto-fill (norma iz patterna kategorii); review,auto,AUTO-FILL FOR-04-20,,AUTO-FILL-FOR-04-20
2.10,,,construction,ZAPRAWA_MURARSKA,,kg,8.0000,"budget,norm,lux",0,auto-fill (norma iz patterna kategorii); review,auto-fill (norma iz patterna kategorii); review,auto,AUTO-FILL FOR-04-20,,AUTO-FILL-FOR-04-20
2.11,,,construction,BELKA_NADPROZOWA,,szt,1.0000,"budget,norm,lux",0,auto-fill (norma iz patterna kategorii); review,auto-fill (norma iz patterna kategorii); review,auto,AUTO-FILL FOR-04-20,,AUTO-FILL-FOR-04-20
2.11,,,construction,KATOWNIK_ALUMINIOWY,,mb,1.0500,"budget,norm,lux",0,auto-fill (norma iz patterna kategorii); review,auto-fill (norma iz patterna kategorii); review,auto,AUTO-FILL FOR-04-20,,AUTO-FILL-FOR-04-20
2.11,,,construction,PLYTA_GK_IMPREGNOWANA,,m2,1.8250,"budget,norm,lux",0,auto-fill (norma iz patterna kategorii); review,auto-fill (norma iz patterna kategorii); review,auto,AUTO-FILL FOR-04-20,,AUTO-FILL-FOR-04-20
2.11,,,construction,ZAPRAWA_MURARSKA,,kg,8.0000,"budget,norm,lux",0,auto-fill (norma iz patterna kategorii); review,auto-fill (norma iz patterna kategorii); review,auto,AUTO-FILL FOR-04-20,,AUTO-FILL-FOR-04-20
2.12,,,construction,BELKA_NADPROZOWA,,szt,1.0000,"budget,norm,lux",0,auto-fill (norma iz patterna kategorii); review,auto-fill (norma iz patterna kategorii); review,auto,AUTO-FILL FOR-04-20,,AUTO-FILL-FOR-04-20
2.12,,,construction,KATOWNIK_ALUMINIOWY,,mb,1.0500,"budget,norm,lux",0,auto-fill (norma iz patterna kategorii); review,auto-fill (norma iz patterna kategorii); review,auto,AUTO-FILL FOR-04-20,,AUTO-FILL-FOR-04-20
2.12,,,construction,MASA_SPOINOWA,,kg,0.5000,"budget,norm,lux",0,auto-fill (norma iz patterna kategorii); review,auto-fill (norma iz patterna kategorii); review,auto,AUTO-FILL FOR-04-20,,AUTO-FILL-FOR-04-20
2.12,,,construction,PLYTA_GK,,m2,0.8000,"budget,norm,lux",0,auto-fill (norma iz patterna kategorii); review,auto-fill (norma iz patterna kategorii); review,auto,AUTO-FILL FOR-04-20,,AUTO-FILL-FOR-04-20
2.12,,,construction,PLYTA_GK_IMPREGNOWANA,,m2,1.8250,"budget,norm,lux",0,auto-fill (norma iz patterna kategorii); review,auto-fill (norma iz patterna kategorii); review,auto,AUTO-FILL FOR-04-20,,AUTO-FILL-FOR-04-20
2.12,,,construction,PROFIL_GK,,mb,2.6000,"budget,norm,lux",0,auto-fill (norma iz patterna kategorii); review,auto-fill (norma iz patterna kategorii); review,auto,AUTO-FILL FOR-04-20,,AUTO-FILL-FOR-04-20
2.12,,,construction,WKRET_GK,,szt,22.0000,"budget,norm,lux",0,auto-fill (norma iz patterna kategorii); review,auto-fill (norma iz patterna kategorii); review,auto,AUTO-FILL FOR-04-20,,AUTO-FILL-FOR-04-20
2.12,,,construction,ZAPRAWA_MURARSKA,,kg,8.0000,"budget,norm,lux",0,auto-fill (norma iz patterna kategorii); review,auto-fill (norma iz patterna kategorii); review,auto,AUTO-FILL FOR-04-20,,AUTO-FILL-FOR-04-20
2.13,,,construction,BELKA_NADPROZOWA,,szt,1.0000,"budget,norm,lux",0,auto-fill (norma iz patterna kategorii); review,auto-fill (norma iz patterna kategorii); review,auto,AUTO-FILL FOR-04-20,,AUTO-FILL-FOR-04-20
2.13,,,construction,KATOWNIK_ALUMINIOWY,,mb,1.0500,"budget,norm,lux",0,auto-fill (norma iz patterna kategorii); review,auto-fill (norma iz patterna kategorii); review,auto,AUTO-FILL FOR-04-20,,AUTO-FILL-FOR-04-20
2.13,,,construction,PLYTA_GK_IMPREGNOWANA,,m2,1.8250,"budget,norm,lux",0,auto-fill (norma iz patterna kategorii); review,auto-fill (norma iz patterna kategorii); review,auto,AUTO-FILL FOR-04-20,,AUTO-FILL-FOR-04-20
2.13,,,construction,ZAPRAWA_MURARSKA,,kg,8.0000,"budget,norm,lux",0,auto-fill (norma iz patterna kategorii); review,auto-fill (norma iz patterna kategorii); review,auto,AUTO-FILL FOR-04-20,,AUTO-FILL-FOR-04-20
2.14,,,construction,BELKA_NADPROZOWA,,szt,1.0000,"budget,norm,lux",0,auto-fill (norma iz patterna kategorii); review,auto-fill (norma iz patterna kategorii); review,auto,AUTO-FILL FOR-04-20,,AUTO-FILL-FOR-04-20
2.14,,,construction,KATOWNIK_ALUMINIOWY,,mb,1.0500,"budget,norm,lux",0,auto-fill (norma iz patterna kategorii); review,auto-fill (norma iz patterna kategorii); review,auto,AUTO-FILL FOR-04-20,,AUTO-FILL-FOR-04-20
2.14,,,construction,MASA_SPOINOWA,,kg,0.5000,"budget,norm,lux",0,auto-fill (norma iz patterna kategorii); review,auto-fill (norma iz patterna kategorii); review,auto,AUTO-FILL FOR-04-20,,AUTO-FILL-FOR-04-20
2.14,,,construction,PLYTA_GK_IMPREGNOWANA,,m2,1.8250,"budget,norm,lux",0,auto-fill (norma iz patterna kategorii); review,auto-fill (norma iz patterna kategorii); review,auto,AUTO-FILL FOR-04-20,,AUTO-FILL-FOR-04-20
2.14,,,construction,PROFIL_GK,,mb,2.6000,"budget,norm,lux",0,auto-fill (norma iz patterna kategorii); review,auto-fill (norma iz patterna kategorii); review,auto,AUTO-FILL FOR-04-20,,AUTO-FILL-FOR-04-20
2.14,,,construction,ZAPRAWA_MURARSKA,,kg,8.0000,"budget,norm,lux",0,auto-fill (norma iz patterna kategorii); review,auto-fill (norma iz patterna kategorii); review,auto,AUTO-FILL FOR-04-20,,AUTO-FILL-FOR-04-20
2.15,,,construction,BELKA_NADPROZOWA,,szt,1.0000,"budget,norm,lux",0,auto-fill (norma iz patterna kategorii); review,auto-fill (norma iz patterna kategorii); review,auto,AUTO-FILL FOR-04-20,,AUTO-FILL-FOR-04-20
2.15,,,construction,KATOWNIK_ALUMINIOWY,,mb,1.0500,"budget,norm,lux",0,auto-fill (norma iz patterna kategorii); review,auto-fill (norma iz patterna kategorii); review,auto,AUTO-FILL FOR-04-20,,AUTO-FILL-FOR-04-20
2.15,,,construction,MASA_SPOINOWA,,kg,0.5000,"budget,norm,lux",0,auto-fill (norma iz patterna kategorii); review,auto-fill (norma iz patterna kategorii); review,auto,AUTO-FILL FOR-04-20,,AUTO-FILL-FOR-04-20
2.15,,,construction,PLYTA_GK,,m2,0.8000,"budget,norm,lux",0,auto-fill (norma iz patterna kategorii); review,auto-fill (norma iz patterna kategorii); review,auto,AUTO-FILL FOR-04-20,,AUTO-FILL-FOR-04-20
2.15,,,construction,PLYTA_GK_IMPREGNOWANA,,m2,1.8250,"budget,norm,lux",0,auto-fill (norma iz patterna kategorii); review,auto-fill (norma iz patterna kategorii); review,auto,AUTO-FILL FOR-04-20,,AUTO-FILL-FOR-04-20
2.15,,,construction,PROFIL_GK,,mb,2.6000,"budget,norm,lux",0,auto-fill (norma iz patterna kategorii); review,auto-fill (norma iz patterna kategorii); review,auto,AUTO-FILL FOR-04-20,,AUTO-FILL-FOR-04-20
2.15,,,construction,ZAPRAWA_MURARSKA,,kg,8.0000,"budget,norm,lux",0,auto-fill (norma iz patterna kategorii); review,auto-fill (norma iz patterna kategorii); review,auto,AUTO-FILL FOR-04-20,,AUTO-FILL-FOR-04-20
2.16,,,construction,BELKA_NADPROZOWA,,szt,1.0000,"budget,norm,lux",0,auto-fill (norma iz patterna kategorii); review,auto-fill (norma iz patterna kategorii); review,auto,AUTO-FILL FOR-04-20,,AUTO-FILL-FOR-04-20
2.16,,,construction,KATOWNIK_ALUMINIOWY,,mb,1.0500,"budget,norm,lux",0,auto-fill (norma iz patterna kategorii); review,auto-fill (norma iz patterna kategorii); review,auto,AUTO-FILL FOR-04-20,,AUTO-FILL-FOR-04-20
2.16,,,construction,PLYTA_GK,,m2,0.8000,"budget,norm,lux",0,auto-fill (norma iz patterna kategorii); review,auto-fill (norma iz patterna kategorii); review,auto,AUTO-FILL FOR-04-20,,AUTO-FILL-FOR-04-20
2.16,,,construction,ZAPRAWA_MURARSKA,,kg,8.0000,"budget,norm,lux",0,auto-fill (norma iz patterna kategorii); review,auto-fill (norma iz patterna kategorii); review,auto,AUTO-FILL FOR-04-20,,AUTO-FILL-FOR-04-20
2.17,,,construction,BELKA_NADPROZOWA,,szt,1.0000,"budget,norm,lux",0,auto-fill (norma iz patterna kategorii); review,auto-fill (norma iz patterna kategorii); review,auto,AUTO-FILL FOR-04-20,,AUTO-FILL-FOR-04-20
2.17,,,construction,KATOWNIK_ALUMINIOWY,,mb,1.0500,"budget,norm,lux",0,auto-fill (norma iz patterna kategorii); review,auto-fill (norma iz patterna kategorii); review,auto,AUTO-FILL FOR-04-20,,AUTO-FILL-FOR-04-20
2.17,,,construction,MASA_SPOINOWA,,kg,0.5000,"budget,norm,lux",0,auto-fill (norma iz patterna kategorii); review,auto-fill (norma iz patterna kategorii); review,auto,AUTO-FILL FOR-04-20,,AUTO-FILL-FOR-04-20
2.17,,,construction,PLYTA_GK,,m2,0.8000,"budget,norm,lux",0,auto-fill (norma iz patterna kategorii); review,auto-fill (norma iz patterna kategorii); review,auto,AUTO-FILL FOR-04-20,,AUTO-FILL-FOR-04-20
2.17,,,construction,ZAPRAWA_MURARSKA,,kg,8.0000,"budget,norm,lux",0,auto-fill (norma iz patterna kategorii); review,auto-fill (norma iz patterna kategorii); review,auto,AUTO-FILL FOR-04-20,,AUTO-FILL-FOR-04-20
2.18,,,construction,BELKA_NADPROZOWA,,szt,1.0000,"budget,norm,lux",0,auto-fill (norma iz patterna kategorii); review,auto-fill (norma iz patterna kategorii); review,auto,AUTO-FILL FOR-04-20,,AUTO-FILL-FOR-04-20
2.18,,,construction,KATOWNIK_ALUMINIOWY,,mb,1.0500,"budget,norm,lux",0,auto-fill (norma iz patterna kategorii); review,auto-fill (norma iz patterna kategorii); review,auto,AUTO-FILL FOR-04-20,,AUTO-FILL-FOR-04-20
2.18,,,construction,MASA_SPOINOWA,,kg,0.5000,"budget,norm,lux",0,auto-fill (norma iz patterna kategorii); review,auto-fill (norma iz patterna kategorii); review,auto,AUTO-FILL FOR-04-20,,AUTO-FILL-FOR-04-20
2.18,,,construction,PLYTA_GK,,m2,0.8000,"budget,norm,lux",0,auto-fill (norma iz patterna kategorii); review,auto-fill (norma iz patterna kategorii); review,auto,AUTO-FILL FOR-04-20,,AUTO-FILL-FOR-04-20
2.18,,,construction,ZAPRAWA_MURARSKA,,kg,8.0000,"budget,norm,lux",0,auto-fill (norma iz patterna kategorii); review,auto-fill (norma iz patterna kategorii); review,auto,AUTO-FILL FOR-04-20,,AUTO-FILL-FOR-04-20
2.19,,,construction,BELKA_NADPROZOWA,,szt,1.0000,"budget,norm,lux",0,auto-fill (norma iz patterna kategorii); review,auto-fill (norma iz patterna kategorii); review,auto,AUTO-FILL FOR-04-20,,AUTO-FILL-FOR-04-20
2.19,,,construction,KATOWNIK_ALUMINIOWY,,mb,1.0500,"budget,norm,lux",0,auto-fill (norma iz patterna kategorii); review,auto-fill (norma iz patterna kategorii); review,auto,AUTO-FILL FOR-04-20,,AUTO-FILL-FOR-04-20
2.19,,,construction,MASA_SPOINOWA,,kg,0.5000,"budget,norm,lux",0,auto-fill (norma iz patterna kategorii); review,auto-fill (norma iz patterna kategorii); review,auto,AUTO-FILL FOR-04-20,,AUTO-FILL-FOR-04-20
2.19,,,construction,PLYTA_GK,,m2,0.8000,"budget,norm,lux",0,auto-fill (norma iz patterna kategorii); review,auto-fill (norma iz patterna kategorii); review,auto,AUTO-FILL FOR-04-20,,AUTO-FILL-FOR-04-20
2.19,,,construction,WKRET_GK,,szt,22.0000,"budget,norm,lux",0,auto-fill (norma iz patterna kategorii); review,auto-fill (norma iz patterna kategorii); review,auto,AUTO-FILL FOR-04-20,,AUTO-FILL-FOR-04-20
2.19,,,construction,ZAPRAWA_MURARSKA,,kg,8.0000,"budget,norm,lux",0,auto-fill (norma iz patterna kategorii); review,auto-fill (norma iz patterna kategorii); review,auto,AUTO-FILL FOR-04-20,,AUTO-FILL-FOR-04-20
2.20,,,construction,BELKA_NADPROZOWA,,szt,1.0000,"budget,norm,lux",0,auto-fill (norma iz patterna kategorii); review,auto-fill (norma iz patterna kategorii); review,auto,AUTO-FILL FOR-04-20,,AUTO-FILL-FOR-04-20
2.20,,,construction,KATOWNIK_ALUMINIOWY,,mb,1.0500,"budget,norm,lux",0,auto-fill (norma iz patterna kategorii); review,auto-fill (norma iz patterna kategorii); review,auto,AUTO-FILL FOR-04-20,,AUTO-FILL-FOR-04-20
2.20,,,construction,PLYTA_GK_IMPREGNOWANA,,m2,1.8250,"budget,norm,lux",0,auto-fill (norma iz patterna kategorii); review,auto-fill (norma iz patterna kategorii); review,auto,AUTO-FILL FOR-04-20,,AUTO-FILL-FOR-04-20
2.20,,,construction,WKRET_GK,,szt,22.0000,"budget,norm,lux",0,auto-fill (norma iz patterna kategorii); review,auto-fill (norma iz patterna kategorii); review,auto,AUTO-FILL FOR-04-20,,AUTO-FILL-FOR-04-20
2.20,,,construction,ZAPRAWA_MURARSKA,,kg,8.0000,"budget,norm,lux",0,auto-fill (norma iz patterna kategorii); review,auto-fill (norma iz patterna kategorii); review,auto,AUTO-FILL FOR-04-20,,AUTO-FILL-FOR-04-20
2.21,,,construction,BELKA_NADPROZOWA,,szt,1.0000,"budget,norm,lux",0,auto-fill (norma iz patterna kategorii); review,auto-fill (norma iz patterna kategorii); review,auto,AUTO-FILL FOR-04-20,,AUTO-FILL-FOR-04-20
2.21,,,construction,MASA_SPOINOWA,,kg,0.5000,"budget,norm,lux",0,auto-fill (norma iz patterna kategorii); review,auto-fill (norma iz patterna kategorii); review,auto,AUTO-FILL FOR-04-20,,AUTO-FILL-FOR-04-20
2.21,,,construction,PLYTA_GK_IMPREGNOWANA,,m2,1.8250,"budget,norm,lux",0,auto-fill (norma iz patterna kategorii); review,auto-fill (norma iz patterna kategorii); review,auto,AUTO-FILL FOR-04-20,,AUTO-FILL-FOR-04-20
2.21,,,construction,WKRET_GK,,szt,22.0000,"budget,norm,lux",0,auto-fill (norma iz patterna kategorii); review,auto-fill (norma iz patterna kategorii); review,auto,AUTO-FILL FOR-04-20,,AUTO-FILL-FOR-04-20
2.21,,,construction,ZAPRAWA_MURARSKA,,kg,8.0000,"budget,norm,lux",0,auto-fill (norma iz patterna kategorii); review,auto-fill (norma iz patterna kategorii); review,auto,AUTO-FILL FOR-04-20,,AUTO-FILL-FOR-04-20
2.22,,,construction,BELKA_NADPROZOWA,,szt,1.0000,"budget,norm,lux",0,auto-fill (norma iz patterna kategorii); review,auto-fill (norma iz patterna kategorii); review,auto,AUTO-FILL FOR-04-20,,AUTO-FILL-FOR-04-20
2.22,,,construction,KATOWNIK_ALUMINIOWY,,mb,1.0500,"budget,norm,lux",0,auto-fill (norma iz patterna kategorii); review,auto-fill (norma iz patterna kategorii); review,auto,AUTO-FILL FOR-04-20,,AUTO-FILL-FOR-04-20
2.22,,,construction,MASA_SPOINOWA,,kg,0.5000,"budget,norm,lux",0,auto-fill (norma iz patterna kategorii); review,auto-fill (norma iz patterna kategorii); review,auto,AUTO-FILL FOR-04-20,,AUTO-FILL-FOR-04-20
2.22,,,construction,PLYTA_GK,,m2,0.8000,"budget,norm,lux",0,auto-fill (norma iz patterna kategorii); review,auto-fill (norma iz patterna kategorii); review,auto,AUTO-FILL FOR-04-20,,AUTO-FILL-FOR-04-20
2.22,,,construction,PLYTA_GK_IMPREGNOWANA,,m2,1.8250,"budget,norm,lux",0,auto-fill (norma iz patterna kategorii); review,auto-fill (norma iz patterna kategorii); review,auto,AUTO-FILL FOR-04-20,,AUTO-FILL-FOR-04-20
2.22,,,construction,PROFIL_GK,,mb,2.6000,"budget,norm,lux",0,auto-fill (norma iz patterna kategorii); review,auto-fill (norma iz patterna kategorii); review,auto,AUTO-FILL FOR-04-20,,AUTO-FILL-FOR-04-20
2.22,,,construction,WKRET_GK,,szt,22.0000,"budget,norm,lux",0,auto-fill (norma iz patterna kategorii); review,auto-fill (norma iz patterna kategorii); review,auto,AUTO-FILL FOR-04-20,,AUTO-FILL-FOR-04-20
2.22,,,construction,ZAPRAWA_MURARSKA,,kg,8.0000,"budget,norm,lux",0,auto-fill (norma iz patterna kategorii); review,auto-fill (norma iz patterna kategorii); review,auto,AUTO-FILL FOR-04-20,,AUTO-FILL-FOR-04-20
2.23,,,construction,BELKA_NADPROZOWA,,szt,1.0000,"budget,norm,lux",0,auto-fill (norma iz patterna kategorii); review,auto-fill (norma iz patterna kategorii); review,auto,AUTO-FILL FOR-04-20,,AUTO-FILL-FOR-04-20
2.23,,,construction,PLYTA_GK,,m2,0.8000,"budget,norm,lux",0,auto-fill (norma iz patterna kategorii); review,auto-fill (norma iz patterna kategorii); review,auto,AUTO-FILL FOR-04-20,,AUTO-FILL-FOR-04-20
2.23,,,construction,PLYTA_GK_IMPREGNOWANA,,m2,1.8250,"budget,norm,lux",0,auto-fill (norma iz patterna kategorii); review,auto-fill (norma iz patterna kategorii); review,auto,AUTO-FILL FOR-04-20,,AUTO-FILL-FOR-04-20
2.23,,,construction,PROFIL_GK,,mb,2.6000,"budget,norm,lux",0,auto-fill (norma iz patterna kategorii); review,auto-fill (norma iz patterna kategorii); review,auto,AUTO-FILL FOR-04-20,,AUTO-FILL-FOR-04-20
2.23,,,construction,WKRET_GK,,szt,22.0000,"budget,norm,lux",0,auto-fill (norma iz patterna kategorii); review,auto-fill (norma iz patterna kategorii); review,auto,AUTO-FILL FOR-04-20,,AUTO-FILL-FOR-04-20
2.23,,,construction,ZAPRAWA_MURARSKA,,kg,8.0000,"budget,norm,lux",0,auto-fill (norma iz patterna kategorii); review,auto-fill (norma iz patterna kategorii); review,auto,AUTO-FILL FOR-04-20,,AUTO-FILL-FOR-04-20
2.24,,,construction,BELKA_NADPROZOWA,,szt,1.0000,"budget,norm,lux",0,auto-fill (norma iz patterna kategorii); review,auto-fill (norma iz patterna kategorii); review,auto,AUTO-FILL FOR-04-20,,AUTO-FILL-FOR-04-20
2.24,,,construction,KATOWNIK_ALUMINIOWY,,mb,1.0500,"budget,norm,lux",0,auto-fill (norma iz patterna kategorii); review,auto-fill (norma iz patterna kategorii); review,auto,AUTO-FILL FOR-04-20,,AUTO-FILL-FOR-04-20
2.24,,,construction,PLYTA_GK,,m2,0.8000,"budget,norm,lux",0,auto-fill (norma iz patterna kategorii); review,auto-fill (norma iz patterna kategorii); review,auto,AUTO-FILL FOR-04-20,,AUTO-FILL-FOR-04-20
2.24,,,construction,PLYTA_GK_IMPREGNOWANA,,m2,1.8250,"budget,norm,lux",0,auto-fill (norma iz patterna kategorii); review,auto-fill (norma iz patterna kategorii); review,auto,AUTO-FILL FOR-04-20,,AUTO-FILL-FOR-04-20
2.24,,,construction,PROFIL_GK,,mb,2.6000,"budget,norm,lux",0,auto-fill (norma iz patterna kategorii); review,auto-fill (norma iz patterna kategorii); review,auto,AUTO-FILL FOR-04-20,,AUTO-FILL-FOR-04-20
2.24,,,construction,WKRET_GK,,szt,22.0000,"budget,norm,lux",0,auto-fill (norma iz patterna kategorii); review,auto-fill (norma iz patterna kategorii); review,auto,AUTO-FILL FOR-04-20,,AUTO-FILL-FOR-04-20
2.24,,,construction,ZAPRAWA_MURARSKA,,kg,8.0000,"budget,norm,lux",0,auto-fill (norma iz patterna kategorii); review,auto-fill (norma iz patterna kategorii); review,auto,AUTO-FILL FOR-04-20,,AUTO-FILL-FOR-04-20
2.25,,,construction,BELKA_NADPROZOWA,,szt,1.0000,"budget,norm,lux",0,auto-fill (norma iz patterna kategorii); review,auto-fill (norma iz patterna kategorii); review,auto,AUTO-FILL FOR-04-20,,AUTO-FILL-FOR-04-20
2.25,,,construction,KATOWNIK_ALUMINIOWY,,mb,1.0500,"budget,norm,lux",0,auto-fill (norma iz patterna kategorii); review,auto-fill (norma iz patterna kategorii); review,auto,AUTO-FILL FOR-04-20,,AUTO-FILL-FOR-04-20
2.25,,,construction,PLYTA_GK_IMPREGNOWANA,,m2,1.8250,"budget,norm,lux",0,auto-fill (norma iz patterna kategorii); review,auto-fill (norma iz patterna kategorii); review,auto,AUTO-FILL FOR-04-20,,AUTO-FILL-FOR-04-20
2.25,,,construction,ZAPRAWA_MURARSKA,,kg,8.0000,"budget,norm,lux",0,auto-fill (norma iz patterna kategorii); review,auto-fill (norma iz patterna kategorii); review,auto,AUTO-FILL FOR-04-20,,AUTO-FILL-FOR-04-20
2.26,,,construction,BELKA_NADPROZOWA,,szt,1.0000,"budget,norm,lux",0,auto-fill (norma iz patterna kategorii); review,auto-fill (norma iz patterna kategorii); review,auto,AUTO-FILL FOR-04-20,,AUTO-FILL-FOR-04-20
2.26,,,construction,PLYTA_GK_IMPREGNOWANA,,m2,1.8250,"budget,norm,lux",0,auto-fill (norma iz patterna kategorii); review,auto-fill (norma iz patterna kategorii); review,auto,AUTO-FILL FOR-04-20,,AUTO-FILL-FOR-04-20
2.26,,,construction,WKRET_GK,,szt,22.0000,"budget,norm,lux",0,auto-fill (norma iz patterna kategorii); review,auto-fill (norma iz patterna kategorii); review,auto,AUTO-FILL FOR-04-20,,AUTO-FILL-FOR-04-20
2.26,,,construction,ZAPRAWA_MURARSKA,,kg,8.0000,"budget,norm,lux",0,auto-fill (norma iz patterna kategorii); review,auto-fill (norma iz patterna kategorii); review,auto,AUTO-FILL FOR-04-20,,AUTO-FILL-FOR-04-20
2.27,,,construction,BELKA_NADPROZOWA,,szt,1.0000,"budget,norm,lux",0,auto-fill (norma iz patterna kategorii); review,auto-fill (norma iz patterna kategorii); review,auto,AUTO-FILL FOR-04-20,,AUTO-FILL-FOR-04-20
2.27,,,construction,PLYTA_GK_IMPREGNOWANA,,m2,1.8250,"budget,norm,lux",0,auto-fill (norma iz patterna kategorii); review,auto-fill (norma iz patterna kategorii); review,auto,AUTO-FILL FOR-04-20,,AUTO-FILL-FOR-04-20
2.27,,,construction,WKRET_GK,,szt,22.0000,"budget,norm,lux",0,auto-fill (norma iz patterna kategorii); review,auto-fill (norma iz patterna kategorii); review,auto,AUTO-FILL FOR-04-20,,AUTO-FILL-FOR-04-20
2.27,,,construction,ZAPRAWA_MURARSKA,,kg,8.0000,"budget,norm,lux",0,auto-fill (norma iz patterna kategorii); review,auto-fill (norma iz patterna kategorii); review,auto,AUTO-FILL FOR-04-20,,AUTO-FILL-FOR-04-20
2.28,,,construction,BELKA_NADPROZOWA,,szt,1.0000,"budget,norm,lux",0,auto-fill (norma iz patterna kategorii); review,auto-fill (norma iz patterna kategorii); review,auto,AUTO-FILL FOR-04-20,,AUTO-FILL-FOR-04-20
2.28,,,construction,KATOWNIK_ALUMINIOWY,,mb,1.0500,"budget,norm,lux",0,auto-fill (norma iz patterna kategorii); review,auto-fill (norma iz patterna kategorii); review,auto,AUTO-FILL FOR-04-20,,AUTO-FILL-FOR-04-20
2.28,,,construction,PLYTA_GK_IMPREGNOWANA,,m2,1.8250,"budget,norm,lux",0,auto-fill (norma iz patterna kategorii); review,auto-fill (norma iz patterna kategorii); review,auto,AUTO-FILL FOR-04-20,,AUTO-FILL-FOR-04-20
2.28,,,construction,WKRET_GK,,szt,22.0000,"budget,norm,lux",0,auto-fill (norma iz patterna kategorii); review,auto-fill (norma iz patterna kategorii); review,auto,AUTO-FILL FOR-04-20,,AUTO-FILL-FOR-04-20
2.28,,,construction,ZAPRAWA_MURARSKA,,kg,8.0000,"budget,norm,lux",0,auto-fill (norma iz patterna kategorii); review,auto-fill (norma iz patterna kategorii); review,auto,AUTO-FILL FOR-04-20,,AUTO-FILL-FOR-04-20
3.01,,,construction,BATERIA_PODTYNKOWA,,kpl,1.0000,"budget,norm,lux",0,auto-fill (norma iz patterna kategorii); review,auto-fill (norma iz patterna kategorii); review,auto,AUTO-FILL FOR-04-20,,AUTO-FILL-FOR-04-20
3.01,,,construction,TARCZA_TNACA,,szt,0.0350,"budget,norm,lux",0,auto-fill (norma iz patterna kategorii); review,auto-fill (norma iz patterna kategorii); review,auto,AUTO-FILL FOR-04-20,,AUTO-FILL-FOR-04-20
3.01,,,construction,ZAPRAWA_MONTAZOWA,,kg,1.3000,"budget,norm,lux",0,auto-fill (norma iz patterna kategorii); review,auto-fill (norma iz patterna kategorii); review,auto,AUTO-FILL FOR-04-20,,AUTO-FILL-FOR-04-20
3.01,,,construction,ZASLEPKA,,szt,1.5000,"budget,norm,lux",0,auto-fill (norma iz patterna kategorii); review,auto-fill (norma iz patterna kategorii); review,auto,AUTO-FILL FOR-04-20,,AUTO-FILL-FOR-04-20
3.02,,,construction,BATERIA_PODTYNKOWA,,kpl,1.0000,"budget,norm,lux",0,auto-fill (norma iz patterna kategorii); review,auto-fill (norma iz patterna kategorii); review,auto,AUTO-FILL FOR-04-20,,AUTO-FILL-FOR-04-20
3.02,,,construction,KSZTALTKI_KANALIZACYJNE,,szt,2.5000,"budget,norm,lux",0,auto-fill (norma iz patterna kategorii); review,auto-fill (norma iz patterna kategorii); review,auto,AUTO-FILL FOR-04-20,,AUTO-FILL-FOR-04-20
3.02,,,construction,KSZTALTKI_PEX,,szt,3.5000,"budget,norm,lux",0,auto-fill (norma iz patterna kategorii); review,auto-fill (norma iz patterna kategorii); review,auto,AUTO-FILL FOR-04-20,,AUTO-FILL-FOR-04-20
3.02,,,construction,KSZTALTKI_PP,,szt,3.5000,"budget,norm,lux",0,auto-fill (norma iz patterna kategorii); review,auto-fill (norma iz patterna kategorii); review,auto,AUTO-FILL FOR-04-20,,AUTO-FILL-FOR-04-20
3.02,,,construction,RURA_KANALIZACYJNA_PVC,,mb,1.2500,"budget,norm,lux",0,auto-fill (norma iz patterna kategorii); review,auto-fill (norma iz patterna kategorii); review,auto,AUTO-FILL FOR-04-20,,AUTO-FILL-FOR-04-20
3.02,,,construction,TARCZA_TNACA,,szt,0.0350,"budget,norm,lux",0,auto-fill (norma iz patterna kategorii); review,auto-fill (norma iz patterna kategorii); review,auto,AUTO-FILL FOR-04-20,,AUTO-FILL-FOR-04-20
3.02,,,construction,USZCZELNIENIE_GWINTU,,szt,1.0000,"budget,norm,lux",0,auto-fill (norma iz patterna kategorii); review,auto-fill (norma iz patterna kategorii); review,auto,AUTO-FILL FOR-04-20,,AUTO-FILL-FOR-04-20
3.02,,,construction,ZAPRAWA_MONTAZOWA,,kg,1.3000,"budget,norm,lux",0,auto-fill (norma iz patterna kategorii); review,auto-fill (norma iz patterna kategorii); review,auto,AUTO-FILL FOR-04-20,,AUTO-FILL-FOR-04-20
3.03,,,construction,BATERIA_PODTYNKOWA,,kpl,1.0000,"budget,norm,lux",0,auto-fill (norma iz patterna kategorii); review,auto-fill (norma iz patterna kategorii); review,auto,AUTO-FILL FOR-04-20,,AUTO-FILL-FOR-04-20
3.03,,,construction,KSZTALTKI_KANALIZACYJNE,,szt,2.5000,"budget,norm,lux",0,auto-fill (norma iz patterna kategorii); review,auto-fill (norma iz patterna kategorii); review,auto,AUTO-FILL FOR-04-20,,AUTO-FILL-FOR-04-20
3.03,,,construction,KSZTALTKI_PEX,,szt,3.5000,"budget,norm,lux",0,auto-fill (norma iz patterna kategorii); review,auto-fill (norma iz patterna kategorii); review,auto,AUTO-FILL FOR-04-20,,AUTO-FILL-FOR-04-20
3.03,,,construction,KSZTALTKI_PP,,szt,3.5000,"budget,norm,lux",0,auto-fill (norma iz patterna kategorii); review,auto-fill (norma iz patterna kategorii); review,auto,AUTO-FILL FOR-04-20,,AUTO-FILL-FOR-04-20
3.03,,,construction,RURA_KANALIZACYJNA_PVC,,mb,1.2500,"budget,norm,lux",0,auto-fill (norma iz patterna kategorii); review,auto-fill (norma iz patterna kategorii); review,auto,AUTO-FILL FOR-04-20,,AUTO-FILL-FOR-04-20
3.03,,,construction,TARCZA_TNACA,,szt,0.0350,"budget,norm,lux",0,auto-fill (norma iz patterna kategorii); review,auto-fill (norma iz patterna kategorii); review,auto,AUTO-FILL FOR-04-20,,AUTO-FILL-FOR-04-20
3.03,,,construction,ZAPRAWA_MONTAZOWA,,kg,1.3000,"budget,norm,lux",0,auto-fill (norma iz patterna kategorii); review,auto-fill (norma iz patterna kategorii); review,auto,AUTO-FILL FOR-04-20,,AUTO-FILL-FOR-04-20
3.04,,,construction,BATERIA_PODTYNKOWA,,kpl,1.0000,"budget,norm,lux",0,auto-fill (norma iz patterna kategorii); review,auto-fill (norma iz patterna kategorii); review,auto,AUTO-FILL FOR-04-20,,AUTO-FILL-FOR-04-20
3.04,,,construction,KSZTALTKI_KANALIZACYJNE,,szt,2.5000,"budget,norm,lux",0,auto-fill (norma iz patterna kategorii); review,auto-fill (norma iz patterna kategorii); review,auto,AUTO-FILL FOR-04-20,,AUTO-FILL-FOR-04-20
3.04,,,construction,KSZTALTKI_PEX,,szt,3.5000,"budget,norm,lux",0,auto-fill (norma iz patterna kategorii); review,auto-fill (norma iz patterna kategorii); review,auto,AUTO-FILL FOR-04-20,,AUTO-FILL-FOR-04-20
3.04,,,construction,KSZTALTKI_PP,,szt,3.5000,"budget,norm,lux",0,auto-fill (norma iz patterna kategorii); review,auto-fill (norma iz patterna kategorii); review,auto,AUTO-FILL FOR-04-20,,AUTO-FILL-FOR-04-20
3.04,,,construction,RURA_KANALIZACYJNA_PVC,,mb,1.2500,"budget,norm,lux",0,auto-fill (norma iz patterna kategorii); review,auto-fill (norma iz patterna kategorii); review,auto,AUTO-FILL FOR-04-20,,AUTO-FILL-FOR-04-20
3.04,,,construction,USZCZELNIENIE_GWINTU,,szt,1.0000,"budget,norm,lux",0,auto-fill (norma iz patterna kategorii); review,auto-fill (norma iz patterna kategorii); review,auto,AUTO-FILL FOR-04-20,,AUTO-FILL-FOR-04-20
3.04,,,construction,ZAPRAWA_MONTAZOWA,,kg,1.3000,"budget,norm,lux",0,auto-fill (norma iz patterna kategorii); review,auto-fill (norma iz patterna kategorii); review,auto,AUTO-FILL FOR-04-20,,AUTO-FILL-FOR-04-20
3.04,,,construction,ZASLEPKA,,szt,1.5000,"budget,norm,lux",0,auto-fill (norma iz patterna kategorii); review,auto-fill (norma iz patterna kategorii); review,auto,AUTO-FILL FOR-04-20,,AUTO-FILL-FOR-04-20
3.05,,,construction,BATERIA_PODTYNKOWA,,kpl,1.0000,"budget,norm,lux",0,auto-fill (norma iz patterna kategorii); review,auto-fill (norma iz patterna kategorii); review,auto,AUTO-FILL FOR-04-20,,AUTO-FILL-FOR-04-20
3.05,,,construction,KSZTALTKI_KANALIZACYJNE,,szt,2.5000,"budget,norm,lux",0,auto-fill (norma iz patterna kategorii); review,auto-fill (norma iz patterna kategorii); review,auto,AUTO-FILL FOR-04-20,,AUTO-FILL-FOR-04-20
3.05,,,construction,KSZTALTKI_PEX,,szt,3.5000,"budget,norm,lux",0,auto-fill (norma iz patterna kategorii); review,auto-fill (norma iz patterna kategorii); review,auto,AUTO-FILL FOR-04-20,,AUTO-FILL-FOR-04-20
3.05,,,construction,KSZTALTKI_PP,,szt,3.5000,"budget,norm,lux",0,auto-fill (norma iz patterna kategorii); review,auto-fill (norma iz patterna kategorii); review,auto,AUTO-FILL FOR-04-20,,AUTO-FILL-FOR-04-20
3.05,,,construction,RURA_KANALIZACYJNA_PVC,,mb,1.2500,"budget,norm,lux",0,auto-fill (norma iz patterna kategorii); review,auto-fill (norma iz patterna kategorii); review,auto,AUTO-FILL FOR-04-20,,AUTO-FILL-FOR-04-20
3.05,,,construction,TARCZA_TNACA,,szt,0.0350,"budget,norm,lux",0,auto-fill (norma iz patterna kategorii); review,auto-fill (norma iz patterna kategorii); review,auto,AUTO-FILL FOR-04-20,,AUTO-FILL-FOR-04-20
3.05,,,construction,USZCZELNIENIE_GWINTU,,szt,1.0000,"budget,norm,lux",0,auto-fill (norma iz patterna kategorii); review,auto-fill (norma iz patterna kategorii); review,auto,AUTO-FILL FOR-04-20,,AUTO-FILL-FOR-04-20
3.05,,,construction,ZAPRAWA_MONTAZOWA,,kg,1.3000,"budget,norm,lux",0,auto-fill (norma iz patterna kategorii); review,auto-fill (norma iz patterna kategorii); review,auto,AUTO-FILL FOR-04-20,,AUTO-FILL-FOR-04-20
3.05,,,construction,ZASLEPKA,,szt,1.5000,"budget,norm,lux",0,auto-fill (norma iz patterna kategorii); review,auto-fill (norma iz patterna kategorii); review,auto,AUTO-FILL FOR-04-20,,AUTO-FILL-FOR-04-20
3.06,,,construction,KSZTALTKI_KANALIZACYJNE,,szt,2.5000,"budget,norm,lux",0,auto-fill (norma iz patterna kategorii); review,auto-fill (norma iz patterna kategorii); review,auto,AUTO-FILL FOR-04-20,,AUTO-FILL-FOR-04-20
3.06,,,construction,RURA_KANALIZACYJNA_PVC,,mb,1.2500,"budget,norm,lux",0,auto-fill (norma iz patterna kategorii); review,auto-fill (norma iz patterna kategorii); review,auto,AUTO-FILL FOR-04-20,,AUTO-FILL-FOR-04-20
3.06,,,construction,TARCZA_TNACA,,szt,0.0350,"budget,norm,lux",0,auto-fill (norma iz patterna kategorii); review,auto-fill (norma iz patterna kategorii); review,auto,AUTO-FILL FOR-04-20,,AUTO-FILL-FOR-04-20
3.06,,,construction,ZAPRAWA_MONTAZOWA,,kg,1.3000,"budget,norm,lux",0,auto-fill (norma iz patterna kategorii); review,auto-fill (norma iz patterna kategorii); review,auto,AUTO-FILL FOR-04-20,,AUTO-FILL-FOR-04-20
3.06,,,construction,ZASLEPKA,,szt,1.5000,"budget,norm,lux",0,auto-fill (norma iz patterna kategorii); review,auto-fill (norma iz patterna kategorii); review,auto,AUTO-FILL FOR-04-20,,AUTO-FILL-FOR-04-20
3.07,,,construction,KSZTALTKI_KANALIZACYJNE,,szt,2.5000,"budget,norm,lux",0,auto-fill (norma iz patterna kategorii); review,auto-fill (norma iz patterna kategorii); review,auto,AUTO-FILL FOR-04-20,,AUTO-FILL-FOR-04-20
3.07,,,construction,RURA_KANALIZACYJNA_PVC,,mb,1.2500,"budget,norm,lux",0,auto-fill (norma iz patterna kategorii); review,auto-fill (norma iz patterna kategorii); review,auto,AUTO-FILL FOR-04-20,,AUTO-FILL-FOR-04-20
3.07,,,construction,TARCZA_TNACA,,szt,0.0350,"budget,norm,lux",0,auto-fill (norma iz patterna kategorii); review,auto-fill (norma iz patterna kategorii); review,auto,AUTO-FILL FOR-04-20,,AUTO-FILL-FOR-04-20
3.07,,,construction,ZAPRAWA_MONTAZOWA,,kg,1.3000,"budget,norm,lux",0,auto-fill (norma iz patterna kategorii); review,auto-fill (norma iz patterna kategorii); review,auto,AUTO-FILL FOR-04-20,,AUTO-FILL-FOR-04-20
3.07,,,construction,ZASLEPKA,,szt,1.5000,"budget,norm,lux",0,auto-fill (norma iz patterna kategorii); review,auto-fill (norma iz patterna kategorii); review,auto,AUTO-FILL FOR-04-20,,AUTO-FILL-FOR-04-20
3.08,,,construction,BATERIA_PODTYNKOWA,,kpl,1.0000,"budget,norm,lux",0,auto-fill (norma iz patterna kategorii); review,auto-fill (norma iz patterna kategorii); review,auto,AUTO-FILL FOR-04-20,,AUTO-FILL-FOR-04-20
3.08,,,construction,KSZTALTKI_KANALIZACYJNE,,szt,2.5000,"budget,norm,lux",0,auto-fill (norma iz patterna kategorii); review,auto-fill (norma iz patterna kategorii); review,auto,AUTO-FILL FOR-04-20,,AUTO-FILL-FOR-04-20
3.08,,,construction,KSZTALTKI_PEX,,szt,3.5000,"budget,norm,lux",0,auto-fill (norma iz patterna kategorii); review,auto-fill (norma iz patterna kategorii); review,auto,AUTO-FILL FOR-04-20,,AUTO-FILL-FOR-04-20
3.08,,,construction,KSZTALTKI_PP,,szt,3.5000,"budget,norm,lux",0,auto-fill (norma iz patterna kategorii); review,auto-fill (norma iz patterna kategorii); review,auto,AUTO-FILL FOR-04-20,,AUTO-FILL-FOR-04-20
3.08,,,construction,TARCZA_TNACA,,szt,0.0350,"budget,norm,lux",0,auto-fill (norma iz patterna kategorii); review,auto-fill (norma iz patterna kategorii); review,auto,AUTO-FILL FOR-04-20,,AUTO-FILL-FOR-04-20
3.08,,,construction,USZCZELNIENIE_GWINTU,,szt,1.0000,"budget,norm,lux",0,auto-fill (norma iz patterna kategorii); review,auto-fill (norma iz patterna kategorii); review,auto,AUTO-FILL FOR-04-20,,AUTO-FILL-FOR-04-20
3.08,,,construction,ZASLEPKA,,szt,1.5000,"budget,norm,lux",0,auto-fill (norma iz patterna kategorii); review,auto-fill (norma iz patterna kategorii); review,auto,AUTO-FILL FOR-04-20,,AUTO-FILL-FOR-04-20
3.09,,,construction,BATERIA_PODTYNKOWA,,kpl,1.0000,"budget,norm,lux",0,auto-fill (norma iz patterna kategorii); review,auto-fill (norma iz patterna kategorii); review,auto,AUTO-FILL FOR-04-20,,AUTO-FILL-FOR-04-20
3.09,,,construction,KSZTALTKI_KANALIZACYJNE,,szt,2.5000,"budget,norm,lux",0,auto-fill (norma iz patterna kategorii); review,auto-fill (norma iz patterna kategorii); review,auto,AUTO-FILL FOR-04-20,,AUTO-FILL-FOR-04-20
3.09,,,construction,KSZTALTKI_PEX,,szt,3.5000,"budget,norm,lux",0,auto-fill (norma iz patterna kategorii); review,auto-fill (norma iz patterna kategorii); review,auto,AUTO-FILL FOR-04-20,,AUTO-FILL-FOR-04-20
3.09,,,construction,KSZTALTKI_PP,,szt,3.5000,"budget,norm,lux",0,auto-fill (norma iz patterna kategorii); review,auto-fill (norma iz patterna kategorii); review,auto,AUTO-FILL FOR-04-20,,AUTO-FILL-FOR-04-20
3.09,,,construction,RURA_KANALIZACYJNA_PVC,,mb,1.2500,"budget,norm,lux",0,auto-fill (norma iz patterna kategorii); review,auto-fill (norma iz patterna kategorii); review,auto,AUTO-FILL FOR-04-20,,AUTO-FILL-FOR-04-20
3.09,,,construction,USZCZELNIENIE_GWINTU,,szt,1.0000,"budget,norm,lux",0,auto-fill (norma iz patterna kategorii); review,auto-fill (norma iz patterna kategorii); review,auto,AUTO-FILL FOR-04-20,,AUTO-FILL-FOR-04-20
3.09,,,construction,ZASLEPKA,,szt,1.5000,"budget,norm,lux",0,auto-fill (norma iz patterna kategorii); review,auto-fill (norma iz patterna kategorii); review,auto,AUTO-FILL FOR-04-20,,AUTO-FILL-FOR-04-20
3.10,,,construction,BATERIA_PODTYNKOWA,,kpl,1.0000,"budget,norm,lux",0,auto-fill (norma iz patterna kategorii); review,auto-fill (norma iz patterna kategorii); review,auto,AUTO-FILL FOR-04-20,,AUTO-FILL-FOR-04-20
3.10,,,construction,KSZTALTKI_KANALIZACYJNE,,szt,2.5000,"budget,norm,lux",0,auto-fill (norma iz patterna kategorii); review,auto-fill (norma iz patterna kategorii); review,auto,AUTO-FILL FOR-04-20,,AUTO-FILL-FOR-04-20
3.10,,,construction,KSZTALTKI_PEX,,szt,3.5000,"budget,norm,lux",0,auto-fill (norma iz patterna kategorii); review,auto-fill (norma iz patterna kategorii); review,auto,AUTO-FILL FOR-04-20,,AUTO-FILL-FOR-04-20
3.10,,,construction,KSZTALTKI_PP,,szt,3.5000,"budget,norm,lux",0,auto-fill (norma iz patterna kategorii); review,auto-fill (norma iz patterna kategorii); review,auto,AUTO-FILL FOR-04-20,,AUTO-FILL-FOR-04-20
3.10,,,construction,RURA_KANALIZACYJNA_PVC,,mb,1.2500,"budget,norm,lux",0,auto-fill (norma iz patterna kategorii); review,auto-fill (norma iz patterna kategorii); review,auto,AUTO-FILL FOR-04-20,,AUTO-FILL-FOR-04-20
3.10,,,construction,TARCZA_TNACA,,szt,0.0350,"budget,norm,lux",0,auto-fill (norma iz patterna kategorii); review,auto-fill (norma iz patterna kategorii); review,auto,AUTO-FILL FOR-04-20,,AUTO-FILL-FOR-04-20
3.10,,,construction,USZCZELNIENIE_GWINTU,,szt,1.0000,"budget,norm,lux",0,auto-fill (norma iz patterna kategorii); review,auto-fill (norma iz patterna kategorii); review,auto,AUTO-FILL FOR-04-20,,AUTO-FILL-FOR-04-20
3.10,,,construction,ZASLEPKA,,szt,1.5000,"budget,norm,lux",0,auto-fill (norma iz patterna kategorii); review,auto-fill (norma iz patterna kategorii); review,auto,AUTO-FILL FOR-04-20,,AUTO-FILL-FOR-04-20
3.11,,,construction,BATERIA_PODTYNKOWA,,kpl,1.0000,"budget,norm,lux",0,auto-fill (norma iz patterna kategorii); review,auto-fill (norma iz patterna kategorii); review,auto,AUTO-FILL FOR-04-20,,AUTO-FILL-FOR-04-20
3.11,,,construction,KSZTALTKI_PEX,,szt,3.5000,"budget,norm,lux",0,auto-fill (norma iz patterna kategorii); review,auto-fill (norma iz patterna kategorii); review,auto,AUTO-FILL FOR-04-20,,AUTO-FILL-FOR-04-20
3.11,,,construction,KSZTALTKI_PP,,szt,3.5000,"budget,norm,lux",0,auto-fill (norma iz patterna kategorii); review,auto-fill (norma iz patterna kategorii); review,auto,AUTO-FILL FOR-04-20,,AUTO-FILL-FOR-04-20
3.11,,,construction,RURA_KANALIZACYJNA_PVC,,mb,1.2500,"budget,norm,lux",0,auto-fill (norma iz patterna kategorii); review,auto-fill (norma iz patterna kategorii); review,auto,AUTO-FILL FOR-04-20,,AUTO-FILL-FOR-04-20
3.11,,,construction,TARCZA_TNACA,,szt,0.0350,"budget,norm,lux",0,auto-fill (norma iz patterna kategorii); review,auto-fill (norma iz patterna kategorii); review,auto,AUTO-FILL FOR-04-20,,AUTO-FILL-FOR-04-20
3.11,,,construction,USZCZELNIENIE_GWINTU,,szt,1.0000,"budget,norm,lux",0,auto-fill (norma iz patterna kategorii); review,auto-fill (norma iz patterna kategorii); review,auto,AUTO-FILL FOR-04-20,,AUTO-FILL-FOR-04-20
3.11,,,construction,ZASLEPKA,,szt,1.5000,"budget,norm,lux",0,auto-fill (norma iz patterna kategorii); review,auto-fill (norma iz patterna kategorii); review,auto,AUTO-FILL FOR-04-20,,AUTO-FILL-FOR-04-20
4.01,,,construction,KOLKI_SRUBY_MONTAZOWE,,szt,1.0000,"budget,norm,lux",0,auto-fill (norma iz patterna kategorii); review,auto-fill (norma iz patterna kategorii); review,auto,AUTO-FILL FOR-04-20,,AUTO-FILL-FOR-04-20
4.01,,,construction,PAKULY_PASTA,,szt,0.1000,"budget,norm,lux",0,auto-fill (norma iz patterna kategorii); review,auto-fill (norma iz patterna kategorii); review,auto,AUTO-FILL FOR-04-20,,AUTO-FILL-FOR-04-20
4.01,,,construction,SILIKON_SANITARNY,,szt,0.5000,"budget,norm,lux",0,auto-fill (norma iz patterna kategorii); review,auto-fill (norma iz patterna kategorii); review,auto,AUTO-FILL FOR-04-20,,AUTO-FILL-FOR-04-20
4.02,,,construction,KOLKI_SRUBY_MONTAZOWE,,szt,1.0000,"budget,norm,lux",0,auto-fill (norma iz patterna kategorii); review,auto-fill (norma iz patterna kategorii); review,auto,AUTO-FILL FOR-04-20,,AUTO-FILL-FOR-04-20
4.02,,,construction,PAKULY_PASTA,,szt,0.1000,"budget,norm,lux",0,auto-fill (norma iz patterna kategorii); review,auto-fill (norma iz patterna kategorii); review,auto,AUTO-FILL FOR-04-20,,AUTO-FILL-FOR-04-20
4.02,,,construction,SILIKON_SANITARNY,,szt,0.5000,"budget,norm,lux",0,auto-fill (norma iz patterna kategorii); review,auto-fill (norma iz patterna kategorii); review,auto,AUTO-FILL FOR-04-20,,AUTO-FILL-FOR-04-20
4.02,,,construction,TASMA_TEFLONOWA,,szt,0.1000,"budget,norm,lux",0,auto-fill (norma iz patterna kategorii); review,auto-fill (norma iz patterna kategorii); review,auto,AUTO-FILL FOR-04-20,,AUTO-FILL-FOR-04-20
4.03,,,construction,KOLKI_SRUBY_MONTAZOWE,,szt,1.0000,"budget,norm,lux",0,auto-fill (norma iz patterna kategorii); review,auto-fill (norma iz patterna kategorii); review,auto,AUTO-FILL FOR-04-20,,AUTO-FILL-FOR-04-20
4.03,,,construction,PAKULY_PASTA,,szt,0.1000,"budget,norm,lux",0,auto-fill (norma iz patterna kategorii); review,auto-fill (norma iz patterna kategorii); review,auto,AUTO-FILL FOR-04-20,,AUTO-FILL-FOR-04-20
4.03,,,construction,TASMA_TEFLONOWA,,szt,0.1000,"budget,norm,lux",0,auto-fill (norma iz patterna kategorii); review,auto-fill (norma iz patterna kategorii); review,auto,AUTO-FILL FOR-04-20,,AUTO-FILL-FOR-04-20
4.04,,,construction,PAKULY_PASTA,,szt,0.1000,"budget,norm,lux",0,auto-fill (norma iz patterna kategorii); review,auto-fill (norma iz patterna kategorii); review,auto,AUTO-FILL FOR-04-20,,AUTO-FILL-FOR-04-20
4.04,,,construction,TASMA_TEFLONOWA,,szt,0.1000,"budget,norm,lux",0,auto-fill (norma iz patterna kategorii); review,auto-fill (norma iz patterna kategorii); review,auto,AUTO-FILL FOR-04-20,,AUTO-FILL-FOR-04-20
4.04,,,construction,USZCZELKI,,szt,1.0000,"budget,norm,lux",0,auto-fill (norma iz patterna kategorii); review,auto-fill (norma iz patterna kategorii); review,auto,AUTO-FILL FOR-04-20,,AUTO-FILL-FOR-04-20
4.05,,,construction,KOLKI_SRUBY_MONTAZOWE,,szt,1.0000,"budget,norm,lux",0,auto-fill (norma iz patterna kategorii); review,auto-fill (norma iz patterna kategorii); review,auto,AUTO-FILL FOR-04-20,,AUTO-FILL-FOR-04-20
4.05,,,construction,PAKULY_PASTA,,szt,0.1000,"budget,norm,lux",0,auto-fill (norma iz patterna kategorii); review,auto-fill (norma iz patterna kategorii); review,auto,AUTO-FILL FOR-04-20,,AUTO-FILL-FOR-04-20
4.05,,,construction,TASMA_TEFLONOWA,,szt,0.1000,"budget,norm,lux",0,auto-fill (norma iz patterna kategorii); review,auto-fill (norma iz patterna kategorii); review,auto,AUTO-FILL FOR-04-20,,AUTO-FILL-FOR-04-20
4.06,,,construction,KOLKI_SRUBY_MONTAZOWE,,szt,1.0000,"budget,norm,lux",0,auto-fill (norma iz patterna kategorii); review,auto-fill (norma iz patterna kategorii); review,auto,AUTO-FILL FOR-04-20,,AUTO-FILL-FOR-04-20
4.06,,,construction,PAKULY_PASTA,,szt,0.1000,"budget,norm,lux",0,auto-fill (norma iz patterna kategorii); review,auto-fill (norma iz patterna kategorii); review,auto,AUTO-FILL FOR-04-20,,AUTO-FILL-FOR-04-20
4.06,,,construction,TASMA_TEFLONOWA,,szt,0.1000,"budget,norm,lux",0,auto-fill (norma iz patterna kategorii); review,auto-fill (norma iz patterna kategorii); review,auto,AUTO-FILL FOR-04-20,,AUTO-FILL-FOR-04-20
4.06,,,construction,USZCZELKI,,szt,1.0000,"budget,norm,lux",0,auto-fill (norma iz patterna kategorii); review,auto-fill (norma iz patterna kategorii); review,auto,AUTO-FILL FOR-04-20,,AUTO-FILL-FOR-04-20
4.07,,,construction,PAKULY_PASTA,,szt,0.1000,"budget,norm,lux",0,auto-fill (norma iz patterna kategorii); review,auto-fill (norma iz patterna kategorii); review,auto,AUTO-FILL FOR-04-20,,AUTO-FILL-FOR-04-20
4.07,,,construction,TASMA_TEFLONOWA,,szt,0.1000,"budget,norm,lux",0,auto-fill (norma iz patterna kategorii); review,auto-fill (norma iz patterna kategorii); review,auto,AUTO-FILL FOR-04-20,,AUTO-FILL-FOR-04-20
4.07,,,construction,USZCZELKI,,szt,1.0000,"budget,norm,lux",0,auto-fill (norma iz patterna kategorii); review,auto-fill (norma iz patterna kategorii); review,auto,AUTO-FILL FOR-04-20,,AUTO-FILL-FOR-04-20
4.08,,,construction,PAKULY_PASTA,,szt,0.1000,"budget,norm,lux",0,auto-fill (norma iz patterna kategorii); review,auto-fill (norma iz patterna kategorii); review,auto,AUTO-FILL FOR-04-20,,AUTO-FILL-FOR-04-20
4.08,,,construction,TASMA_TEFLONOWA,,szt,0.1000,"budget,norm,lux",0,auto-fill (norma iz patterna kategorii); review,auto-fill (norma iz patterna kategorii); review,auto,AUTO-FILL FOR-04-20,,AUTO-FILL-FOR-04-20
4.08,,,construction,USZCZELKI,,szt,1.0000,"budget,norm,lux",0,auto-fill (norma iz patterna kategorii); review,auto-fill (norma iz patterna kategorii); review,auto,AUTO-FILL FOR-04-20,,AUTO-FILL-FOR-04-20
4.09,,,construction,PAKULY_PASTA,,szt,0.1000,"budget,norm,lux",0,auto-fill (norma iz patterna kategorii); review,auto-fill (norma iz patterna kategorii); review,auto,AUTO-FILL FOR-04-20,,AUTO-FILL-FOR-04-20
4.09,,,construction,TASMA_TEFLONOWA,,szt,0.1000,"budget,norm,lux",0,auto-fill (norma iz patterna kategorii); review,auto-fill (norma iz patterna kategorii); review,auto,AUTO-FILL FOR-04-20,,AUTO-FILL-FOR-04-20
4.09,,,construction,USZCZELKI,,szt,1.0000,"budget,norm,lux",0,auto-fill (norma iz patterna kategorii); review,auto-fill (norma iz patterna kategorii); review,auto,AUTO-FILL FOR-04-20,,AUTO-FILL-FOR-04-20
4.10,,,construction,KOLKI_SRUBY_MONTAZOWE,,szt,1.0000,"budget,norm,lux",0,auto-fill (norma iz patterna kategorii); review,auto-fill (norma iz patterna kategorii); review,auto,AUTO-FILL FOR-04-20,,AUTO-FILL-FOR-04-20
4.10,,,construction,PAKULY_PASTA,,szt,0.1000,"budget,norm,lux",0,auto-fill (norma iz patterna kategorii); review,auto-fill (norma iz patterna kategorii); review,auto,AUTO-FILL FOR-04-20,,AUTO-FILL-FOR-04-20
4.10,,,construction,TASMA_TEFLONOWA,,szt,0.1000,"budget,norm,lux",0,auto-fill (norma iz patterna kategorii); review,auto-fill (norma iz patterna kategorii); review,auto,AUTO-FILL FOR-04-20,,AUTO-FILL-FOR-04-20
4.11,,,construction,PAKULY_PASTA,,szt,0.1000,"budget,norm,lux",0,auto-fill (norma iz patterna kategorii); review,auto-fill (norma iz patterna kategorii); review,auto,AUTO-FILL FOR-04-20,,AUTO-FILL-FOR-04-20
4.11,,,construction,TASMA_TEFLONOWA,,szt,0.1000,"budget,norm,lux",0,auto-fill (norma iz patterna kategorii); review,auto-fill (norma iz patterna kategorii); review,auto,AUTO-FILL FOR-04-20,,AUTO-FILL-FOR-04-20
4.11,,,construction,USZCZELKI,,szt,1.0000,"budget,norm,lux",0,auto-fill (norma iz patterna kategorii); review,auto-fill (norma iz patterna kategorii); review,auto,AUTO-FILL FOR-04-20,,AUTO-FILL-FOR-04-20
4.12,,,construction,KOLKI_SRUBY_MONTAZOWE,,szt,1.0000,"budget,norm,lux",0,auto-fill (norma iz patterna kategorii); review,auto-fill (norma iz patterna kategorii); review,auto,AUTO-FILL FOR-04-20,,AUTO-FILL-FOR-04-20
4.12,,,construction,PAKULY_PASTA,,szt,0.1000,"budget,norm,lux",0,auto-fill (norma iz patterna kategorii); review,auto-fill (norma iz patterna kategorii); review,auto,AUTO-FILL FOR-04-20,,AUTO-FILL-FOR-04-20
4.12,,,construction,TASMA_TEFLONOWA,,szt,0.1000,"budget,norm,lux",0,auto-fill (norma iz patterna kategorii); review,auto-fill (norma iz patterna kategorii); review,auto,AUTO-FILL FOR-04-20,,AUTO-FILL-FOR-04-20
4.13,,,construction,KOLKI_SRUBY_MONTAZOWE,,szt,1.0000,"budget,norm,lux",0,auto-fill (norma iz patterna kategorii); review,auto-fill (norma iz patterna kategorii); review,auto,AUTO-FILL FOR-04-20,,AUTO-FILL-FOR-04-20
4.13,,,construction,PAKULY_PASTA,,szt,0.1000,"budget,norm,lux",0,auto-fill (norma iz patterna kategorii); review,auto-fill (norma iz patterna kategorii); review,auto,AUTO-FILL FOR-04-20,,AUTO-FILL-FOR-04-20
4.13,,,construction,TASMA_TEFLONOWA,,szt,0.1000,"budget,norm,lux",0,auto-fill (norma iz patterna kategorii); review,auto-fill (norma iz patterna kategorii); review,auto,AUTO-FILL FOR-04-20,,AUTO-FILL-FOR-04-20
4.14,,,construction,KOLKI_SRUBY_MONTAZOWE,,szt,1.0000,"budget,norm,lux",0,auto-fill (norma iz patterna kategorii); review,auto-fill (norma iz patterna kategorii); review,auto,AUTO-FILL FOR-04-20,,AUTO-FILL-FOR-04-20
4.14,,,construction,PAKULY_PASTA,,szt,0.1000,"budget,norm,lux",0,auto-fill (norma iz patterna kategorii); review,auto-fill (norma iz patterna kategorii); review,auto,AUTO-FILL FOR-04-20,,AUTO-FILL-FOR-04-20
4.14,,,construction,SILIKON_SANITARNY,,szt,0.5000,"budget,norm,lux",0,auto-fill (norma iz patterna kategorii); review,auto-fill (norma iz patterna kategorii); review,auto,AUTO-FILL FOR-04-20,,AUTO-FILL-FOR-04-20
4.15,,,construction,KOLKI_SRUBY_MONTAZOWE,,szt,1.0000,"budget,norm,lux",0,auto-fill (norma iz patterna kategorii); review,auto-fill (norma iz patterna kategorii); review,auto,AUTO-FILL FOR-04-20,,AUTO-FILL-FOR-04-20
4.15,,,construction,PAKULY_PASTA,,szt,0.1000,"budget,norm,lux",0,auto-fill (norma iz patterna kategorii); review,auto-fill (norma iz patterna kategorii); review,auto,AUTO-FILL FOR-04-20,,AUTO-FILL-FOR-04-20
4.15,,,construction,SILIKON_SANITARNY,,szt,0.5000,"budget,norm,lux",0,auto-fill (norma iz patterna kategorii); review,auto-fill (norma iz patterna kategorii); review,auto,AUTO-FILL FOR-04-20,,AUTO-FILL-FOR-04-20
4.15,,,construction,USZCZELKI,,szt,1.0000,"budget,norm,lux",0,auto-fill (norma iz patterna kategorii); review,auto-fill (norma iz patterna kategorii); review,auto,AUTO-FILL FOR-04-20,,AUTO-FILL-FOR-04-20
4.16,,,construction,KOLKI_SRUBY_MONTAZOWE,,szt,1.0000,"budget,norm,lux",0,auto-fill (norma iz patterna kategorii); review,auto-fill (norma iz patterna kategorii); review,auto,AUTO-FILL FOR-04-20,,AUTO-FILL-FOR-04-20
4.16,,,construction,PAKULY_PASTA,,szt,0.1000,"budget,norm,lux",0,auto-fill (norma iz patterna kategorii); review,auto-fill (norma iz patterna kategorii); review,auto,AUTO-FILL FOR-04-20,,AUTO-FILL-FOR-04-20
4.16,,,construction,USZCZELKI,,szt,1.0000,"budget,norm,lux",0,auto-fill (norma iz patterna kategorii); review,auto-fill (norma iz patterna kategorii); review,auto,AUTO-FILL FOR-04-20,,AUTO-FILL-FOR-04-20
4.17,,,construction,KOLKI_SRUBY_MONTAZOWE,,szt,1.0000,"budget,norm,lux",0,auto-fill (norma iz patterna kategorii); review,auto-fill (norma iz patterna kategorii); review,auto,AUTO-FILL FOR-04-20,,AUTO-FILL-FOR-04-20
4.17,,,construction,PAKULY_PASTA,,szt,0.1000,"budget,norm,lux",0,auto-fill (norma iz patterna kategorii); review,auto-fill (norma iz patterna kategorii); review,auto,AUTO-FILL FOR-04-20,,AUTO-FILL-FOR-04-20
4.17,,,construction,SILIKON_SANITARNY,,szt,0.5000,"budget,norm,lux",0,auto-fill (norma iz patterna kategorii); review,auto-fill (norma iz patterna kategorii); review,auto,AUTO-FILL FOR-04-20,,AUTO-FILL-FOR-04-20
4.18,,,construction,KOLKI_SRUBY_MONTAZOWE,,szt,1.0000,"budget,norm,lux",0,auto-fill (norma iz patterna kategorii); review,auto-fill (norma iz patterna kategorii); review,auto,AUTO-FILL FOR-04-20,,AUTO-FILL-FOR-04-20
4.18,,,construction,PAKULY_PASTA,,szt,0.1000,"budget,norm,lux",0,auto-fill (norma iz patterna kategorii); review,auto-fill (norma iz patterna kategorii); review,auto,AUTO-FILL FOR-04-20,,AUTO-FILL-FOR-04-20
4.18,,,construction,SILIKON_SANITARNY,,szt,0.5000,"budget,norm,lux",0,auto-fill (norma iz patterna kategorii); review,auto-fill (norma iz patterna kategorii); review,auto,AUTO-FILL FOR-04-20,,AUTO-FILL-FOR-04-20
4.19,,,construction,KOLKI_SRUBY_MONTAZOWE,,szt,1.0000,"budget,norm,lux",0,auto-fill (norma iz patterna kategorii); review,auto-fill (norma iz patterna kategorii); review,auto,AUTO-FILL FOR-04-20,,AUTO-FILL-FOR-04-20
4.19,,,construction,PAKULY_PASTA,,szt,0.1000,"budget,norm,lux",0,auto-fill (norma iz patterna kategorii); review,auto-fill (norma iz patterna kategorii); review,auto,AUTO-FILL FOR-04-20,,AUTO-FILL-FOR-04-20
4.19,,,construction,USZCZELKI,,szt,1.0000,"budget,norm,lux",0,auto-fill (norma iz patterna kategorii); review,auto-fill (norma iz patterna kategorii); review,auto,AUTO-FILL FOR-04-20,,AUTO-FILL-FOR-04-20
4.20,,,construction,PAKULY_PASTA,,szt,0.1000,"budget,norm,lux",0,auto-fill (norma iz patterna kategorii); review,auto-fill (norma iz patterna kategorii); review,auto,AUTO-FILL FOR-04-20,,AUTO-FILL-FOR-04-20
4.20,,,construction,SILIKON_SANITARNY,,szt,0.5000,"budget,norm,lux",0,auto-fill (norma iz patterna kategorii); review,auto-fill (norma iz patterna kategorii); review,auto,AUTO-FILL FOR-04-20,,AUTO-FILL-FOR-04-20
4.20,,,construction,USZCZELKI,,szt,1.0000,"budget,norm,lux",0,auto-fill (norma iz patterna kategorii); review,auto-fill (norma iz patterna kategorii); review,auto,AUTO-FILL FOR-04-20,,AUTO-FILL-FOR-04-20
4.21,,,construction,KOLKI_SRUBY_MONTAZOWE,,szt,1.0000,"budget,norm,lux",0,auto-fill (norma iz patterna kategorii); review,auto-fill (norma iz patterna kategorii); review,auto,AUTO-FILL FOR-04-20,,AUTO-FILL-FOR-04-20
4.21,,,construction,SILIKON_SANITARNY,,szt,0.5000,"budget,norm,lux",0,auto-fill (norma iz patterna kategorii); review,auto-fill (norma iz patterna kategorii); review,auto,AUTO-FILL FOR-04-20,,AUTO-FILL-FOR-04-20
4.21,,,construction,USZCZELKI,,szt,1.0000,"budget,norm,lux",0,auto-fill (norma iz patterna kategorii); review,auto-fill (norma iz patterna kategorii); review,auto,AUTO-FILL FOR-04-20,,AUTO-FILL-FOR-04-20
4.22,,,construction,KOLKI_SRUBY_MONTAZOWE,,szt,1.0000,"budget,norm,lux",0,auto-fill (norma iz patterna kategorii); review,auto-fill (norma iz patterna kategorii); review,auto,AUTO-FILL FOR-04-20,,AUTO-FILL-FOR-04-20
4.22,,,construction,SILIKON_SANITARNY,,szt,0.5000,"budget,norm,lux",0,auto-fill (norma iz patterna kategorii); review,auto-fill (norma iz patterna kategorii); review,auto,AUTO-FILL FOR-04-20,,AUTO-FILL-FOR-04-20
4.22,,,construction,USZCZELKI,,szt,1.0000,"budget,norm,lux",0,auto-fill (norma iz patterna kategorii); review,auto-fill (norma iz patterna kategorii); review,auto,AUTO-FILL FOR-04-20,,AUTO-FILL-FOR-04-20
4.23,,,construction,SILIKON_SANITARNY,,szt,0.5000,"budget,norm,lux",0,auto-fill (norma iz patterna kategorii); review,auto-fill (norma iz patterna kategorii); review,auto,AUTO-FILL FOR-04-20,,AUTO-FILL-FOR-04-20
4.23,,,construction,USZCZELKI,,szt,1.0000,"budget,norm,lux",0,auto-fill (norma iz patterna kategorii); review,auto-fill (norma iz patterna kategorii); review,auto,AUTO-FILL FOR-04-20,,AUTO-FILL-FOR-04-20
4.24,,,construction,KOLKI_SRUBY_MONTAZOWE,,szt,1.0000,"budget,norm,lux",0,auto-fill (norma iz patterna kategorii); review,auto-fill (norma iz patterna kategorii); review,auto,AUTO-FILL FOR-04-20,,AUTO-FILL-FOR-04-20
4.24,,,construction,PAKULY_PASTA,,szt,0.1000,"budget,norm,lux",0,auto-fill (norma iz patterna kategorii); review,auto-fill (norma iz patterna kategorii); review,auto,AUTO-FILL FOR-04-20,,AUTO-FILL-FOR-04-20
4.24,,,construction,SILIKON_SANITARNY,,szt,0.5000,"budget,norm,lux",0,auto-fill (norma iz patterna kategorii); review,auto-fill (norma iz patterna kategorii); review,auto,AUTO-FILL FOR-04-20,,AUTO-FILL-FOR-04-20
4.24,,,construction,TASMA_TEFLONOWA,,szt,0.1000,"budget,norm,lux",0,auto-fill (norma iz patterna kategorii); review,auto-fill (norma iz patterna kategorii); review,auto,AUTO-FILL FOR-04-20,,AUTO-FILL-FOR-04-20
5.01,,,construction,KABEL_ELEKTRYCZNY,,mb,2.0000,"budget,norm,lux",0,auto-fill (norma iz patterna kategorii); review,auto-fill (norma iz patterna kategorii); review,auto,AUTO-FILL FOR-04-20,,AUTO-FILL-FOR-04-20
5.01,,,construction,KLEJ_SAMOPOZIOMUJACY,,l,2.1000,"budget,norm,lux",0,auto-fill (norma iz patterna kategorii); review,auto-fill (norma iz patterna kategorii); review,auto,AUTO-FILL FOR-04-20,,AUTO-FILL-FOR-04-20
5.01,,,construction,PESZEL_RURKA,,mb,1.5000,"budget,norm,lux",0,auto-fill (norma iz patterna kategorii); review,auto-fill (norma iz patterna kategorii); review,auto,AUTO-FILL FOR-04-20,,AUTO-FILL-FOR-04-20
5.01,,,construction,PUSZKA_PODTYNKOWA,,szt,1.0000,"budget,norm,lux",0,auto-fill (norma iz patterna kategorii); review,auto-fill (norma iz patterna kategorii); review,auto,AUTO-FILL FOR-04-20,,AUTO-FILL-FOR-04-20
5.01,,,construction,TARCZA_TNACA,,szt,0.0350,"budget,norm,lux",0,auto-fill (norma iz patterna kategorii); review,auto-fill (norma iz patterna kategorii); review,auto,AUTO-FILL FOR-04-20,,AUTO-FILL-FOR-04-20
5.01,,,construction,ZAPRAWA_MONTAZOWA,,kg,1.3000,"budget,norm,lux",0,auto-fill (norma iz patterna kategorii); review,auto-fill (norma iz patterna kategorii); review,auto,AUTO-FILL FOR-04-20,,AUTO-FILL-FOR-04-20
5.02,,,construction,GIPS_SZYBKOWIAZACY,,kg,0.2750,"budget,norm,lux",0,auto-fill (norma iz patterna kategorii); review,auto-fill (norma iz patterna kategorii); review,auto,AUTO-FILL FOR-04-20,,AUTO-FILL-FOR-04-20
5.02,,,construction,KLEJ_SAMOPOZIOMUJACY,,l,2.1000,"budget,norm,lux",0,auto-fill (norma iz patterna kategorii); review,auto-fill (norma iz patterna kategorii); review,auto,AUTO-FILL FOR-04-20,,AUTO-FILL-FOR-04-20
5.02,,,construction,PESZEL_RURKA,,mb,1.5000,"budget,norm,lux",0,auto-fill (norma iz patterna kategorii); review,auto-fill (norma iz patterna kategorii); review,auto,AUTO-FILL FOR-04-20,,AUTO-FILL-FOR-04-20
5.02,,,construction,PUSZKA_PODTYNKOWA,,szt,1.0000,"budget,norm,lux",0,auto-fill (norma iz patterna kategorii); review,auto-fill (norma iz patterna kategorii); review,auto,AUTO-FILL FOR-04-20,,AUTO-FILL-FOR-04-20
5.02,,,construction,TARCZA_TNACA,,szt,0.0350,"budget,norm,lux",0,auto-fill (norma iz patterna kategorii); review,auto-fill (norma iz patterna kategorii); review,auto,AUTO-FILL FOR-04-20,,AUTO-FILL-FOR-04-20
5.02,,,construction,ZAPRAWA_MONTAZOWA,,kg,1.3000,"budget,norm,lux",0,auto-fill (norma iz patterna kategorii); review,auto-fill (norma iz patterna kategorii); review,auto,AUTO-FILL FOR-04-20,,AUTO-FILL-FOR-04-20
5.03,,,construction,KLEJ_SAMOPOZIOMUJACY,,l,2.1000,"budget,norm,lux",0,auto-fill (norma iz patterna kategorii); review,auto-fill (norma iz patterna kategorii); review,auto,AUTO-FILL FOR-04-20,,AUTO-FILL-FOR-04-20
5.03,,,construction,PUSZKA_PODTYNKOWA,,szt,1.0000,"budget,norm,lux",0,auto-fill (norma iz patterna kategorii); review,auto-fill (norma iz patterna kategorii); review,auto,AUTO-FILL FOR-04-20,,AUTO-FILL-FOR-04-20
5.03,,,construction,TARCZA_TNACA,,szt,0.0350,"budget,norm,lux",0,auto-fill (norma iz patterna kategorii); review,auto-fill (norma iz patterna kategorii); review,auto,AUTO-FILL FOR-04-20,,AUTO-FILL-FOR-04-20
5.04,,,construction,GIPS_SZYBKOWIAZACY,,kg,0.2750,"budget,norm,lux",0,auto-fill (norma iz patterna kategorii); review,auto-fill (norma iz patterna kategorii); review,auto,AUTO-FILL FOR-04-20,,AUTO-FILL-FOR-04-20
5.04,,,construction,KLEJ_SAMOPOZIOMUJACY,,l,2.1000,"budget,norm,lux",0,auto-fill (norma iz patterna kategorii); review,auto-fill (norma iz patterna kategorii); review,auto,AUTO-FILL FOR-04-20,,AUTO-FILL-FOR-04-20
5.04,,,construction,PUSZKA_PODTYNKOWA,,szt,1.0000,"budget,norm,lux",0,auto-fill (norma iz patterna kategorii); review,auto-fill (norma iz patterna kategorii); review,auto,AUTO-FILL FOR-04-20,,AUTO-FILL-FOR-04-20
5.05,,,construction,GIPS_SZYBKOWIAZACY,,kg,0.2750,"budget,norm,lux",0,auto-fill (norma iz patterna kategorii); review,auto-fill (norma iz patterna kategorii); review,auto,AUTO-FILL FOR-04-20,,AUTO-FILL-FOR-04-20
5.05,,,construction,KABEL_ELEKTRYCZNY,,mb,2.0000,"budget,norm,lux",0,auto-fill (norma iz patterna kategorii); review,auto-fill (norma iz patterna kategorii); review,auto,AUTO-FILL FOR-04-20,,AUTO-FILL-FOR-04-20
5.05,,,construction,KLEJ_SAMOPOZIOMUJACY,,l,2.1000,"budget,norm,lux",0,auto-fill (norma iz patterna kategorii); review,auto-fill (norma iz patterna kategorii); review,auto,AUTO-FILL FOR-04-20,,AUTO-FILL-FOR-04-20
5.05,,,construction,PESZEL_RURKA,,mb,1.5000,"budget,norm,lux",0,auto-fill (norma iz patterna kategorii); review,auto-fill (norma iz patterna kategorii); review,auto,AUTO-FILL FOR-04-20,,AUTO-FILL-FOR-04-20
5.05,,,construction,PUSZKA_PODTYNKOWA,,szt,1.0000,"budget,norm,lux",0,auto-fill (norma iz patterna kategorii); review,auto-fill (norma iz patterna kategorii); review,auto,AUTO-FILL FOR-04-20,,AUTO-FILL-FOR-04-20
5.05,,,construction,TARCZA_TNACA,,szt,0.0350,"budget,norm,lux",0,auto-fill (norma iz patterna kategorii); review,auto-fill (norma iz patterna kategorii); review,auto,AUTO-FILL FOR-04-20,,AUTO-FILL-FOR-04-20
5.05,,,construction,ZAPRAWA_MONTAZOWA,,kg,1.3000,"budget,norm,lux",0,auto-fill (norma iz patterna kategorii); review,auto-fill (norma iz patterna kategorii); review,auto,AUTO-FILL FOR-04-20,,AUTO-FILL-FOR-04-20
5.06,,,construction,GIPS_SZYBKOWIAZACY,,kg,0.2750,"budget,norm,lux",0,auto-fill (norma iz patterna kategorii); review,auto-fill (norma iz patterna kategorii); review,auto,AUTO-FILL FOR-04-20,,AUTO-FILL-FOR-04-20
5.06,,,construction,KABEL_ELEKTRYCZNY,,mb,2.0000,"budget,norm,lux",0,auto-fill (norma iz patterna kategorii); review,auto-fill (norma iz patterna kategorii); review,auto,AUTO-FILL FOR-04-20,,AUTO-FILL-FOR-04-20
5.06,,,construction,KLEJ_SAMOPOZIOMUJACY,,l,2.1000,"budget,norm,lux",0,auto-fill (norma iz patterna kategorii); review,auto-fill (norma iz patterna kategorii); review,auto,AUTO-FILL FOR-04-20,,AUTO-FILL-FOR-04-20
5.06,,,construction,PESZEL_RURKA,,mb,1.5000,"budget,norm,lux",0,auto-fill (norma iz patterna kategorii); review,auto-fill (norma iz patterna kategorii); review,auto,AUTO-FILL FOR-04-20,,AUTO-FILL-FOR-04-20
5.06,,,construction,PUSZKA_PODTYNKOWA,,szt,1.0000,"budget,norm,lux",0,auto-fill (norma iz patterna kategorii); review,auto-fill (norma iz patterna kategorii); review,auto,AUTO-FILL FOR-04-20,,AUTO-FILL-FOR-04-20
5.06,,,construction,TARCZA_TNACA,,szt,0.0350,"budget,norm,lux",0,auto-fill (norma iz patterna kategorii); review,auto-fill (norma iz patterna kategorii); review,auto,AUTO-FILL FOR-04-20,,AUTO-FILL-FOR-04-20
5.06,,,construction,ZAPRAWA_MONTAZOWA,,kg,1.3000,"budget,norm,lux",0,auto-fill (norma iz patterna kategorii); review,auto-fill (norma iz patterna kategorii); review,auto,AUTO-FILL FOR-04-20,,AUTO-FILL-FOR-04-20
5.07,,,construction,GIPS_SZYBKOWIAZACY,,kg,0.2750,"budget,norm,lux",0,auto-fill (norma iz patterna kategorii); review,auto-fill (norma iz patterna kategorii); review,auto,AUTO-FILL FOR-04-20,,AUTO-FILL-FOR-04-20
5.07,,,construction,KABEL_ELEKTRYCZNY,,mb,2.0000,"budget,norm,lux",0,auto-fill (norma iz patterna kategorii); review,auto-fill (norma iz patterna kategorii); review,auto,AUTO-FILL FOR-04-20,,AUTO-FILL-FOR-04-20
5.07,,,construction,KLEJ_SAMOPOZIOMUJACY,,l,2.1000,"budget,norm,lux",0,auto-fill (norma iz patterna kategorii); review,auto-fill (norma iz patterna kategorii); review,auto,AUTO-FILL FOR-04-20,,AUTO-FILL-FOR-04-20
5.07,,,construction,PESZEL_RURKA,,mb,1.5000,"budget,norm,lux",0,auto-fill (norma iz patterna kategorii); review,auto-fill (norma iz patterna kategorii); review,auto,AUTO-FILL FOR-04-20,,AUTO-FILL-FOR-04-20
5.07,,,construction,PUSZKA_PODTYNKOWA,,szt,1.0000,"budget,norm,lux",0,auto-fill (norma iz patterna kategorii); review,auto-fill (norma iz patterna kategorii); review,auto,AUTO-FILL FOR-04-20,,AUTO-FILL-FOR-04-20
5.07,,,construction,TARCZA_TNACA,,szt,0.0350,"budget,norm,lux",0,auto-fill (norma iz patterna kategorii); review,auto-fill (norma iz patterna kategorii); review,auto,AUTO-FILL FOR-04-20,,AUTO-FILL-FOR-04-20
5.07,,,construction,ZAPRAWA_MONTAZOWA,,kg,1.3000,"budget,norm,lux",0,auto-fill (norma iz patterna kategorii); review,auto-fill (norma iz patterna kategorii); review,auto,AUTO-FILL FOR-04-20,,AUTO-FILL-FOR-04-20
5.08,,,construction,GIPS_SZYBKOWIAZACY,,kg,0.2750,"budget,norm,lux",0,auto-fill (norma iz patterna kategorii); review,auto-fill (norma iz patterna kategorii); review,auto,AUTO-FILL FOR-04-20,,AUTO-FILL-FOR-04-20
5.08,,,construction,KABEL_ELEKTRYCZNY,,mb,2.0000,"budget,norm,lux",0,auto-fill (norma iz patterna kategorii); review,auto-fill (norma iz patterna kategorii); review,auto,AUTO-FILL FOR-04-20,,AUTO-FILL-FOR-04-20
5.08,,,construction,PESZEL_RURKA,,mb,1.5000,"budget,norm,lux",0,auto-fill (norma iz patterna kategorii); review,auto-fill (norma iz patterna kategorii); review,auto,AUTO-FILL FOR-04-20,,AUTO-FILL-FOR-04-20
5.08,,,construction,PUSZKA_PODTYNKOWA,,szt,1.0000,"budget,norm,lux",0,auto-fill (norma iz patterna kategorii); review,auto-fill (norma iz patterna kategorii); review,auto,AUTO-FILL FOR-04-20,,AUTO-FILL-FOR-04-20
5.08,,,construction,TARCZA_TNACA,,szt,0.0350,"budget,norm,lux",0,auto-fill (norma iz patterna kategorii); review,auto-fill (norma iz patterna kategorii); review,auto,AUTO-FILL FOR-04-20,,AUTO-FILL-FOR-04-20
5.08,,,construction,ZAPRAWA_MONTAZOWA,,kg,1.3000,"budget,norm,lux",0,auto-fill (norma iz patterna kategorii); review,auto-fill (norma iz patterna kategorii); review,auto,AUTO-FILL FOR-04-20,,AUTO-FILL-FOR-04-20
5.09,,,construction,GIPS_SZYBKOWIAZACY,,kg,0.2750,"budget,norm,lux",0,auto-fill (norma iz patterna kategorii); review,auto-fill (norma iz patterna kategorii); review,auto,AUTO-FILL FOR-04-20,,AUTO-FILL-FOR-04-20
5.09,,,construction,KABEL_ELEKTRYCZNY,,mb,2.0000,"budget,norm,lux",0,auto-fill (norma iz patterna kategorii); review,auto-fill (norma iz patterna kategorii); review,auto,AUTO-FILL FOR-04-20,,AUTO-FILL-FOR-04-20
5.09,,,construction,PESZEL_RURKA,,mb,1.5000,"budget,norm,lux",0,auto-fill (norma iz patterna kategorii); review,auto-fill (norma iz patterna kategorii); review,auto,AUTO-FILL FOR-04-20,,AUTO-FILL-FOR-04-20
5.09,,,construction,PUSZKA_PODTYNKOWA,,szt,1.0000,"budget,norm,lux",0,auto-fill (norma iz patterna kategorii); review,auto-fill (norma iz patterna kategorii); review,auto,AUTO-FILL FOR-04-20,,AUTO-FILL-FOR-04-20
5.09,,,construction,TARCZA_TNACA,,szt,0.0350,"budget,norm,lux",0,auto-fill (norma iz patterna kategorii); review,auto-fill (norma iz patterna kategorii); review,auto,AUTO-FILL FOR-04-20,,AUTO-FILL-FOR-04-20
5.09,,,construction,ZAPRAWA_MONTAZOWA,,kg,1.3000,"budget,norm,lux",0,auto-fill (norma iz patterna kategorii); review,auto-fill (norma iz patterna kategorii); review,auto,AUTO-FILL FOR-04-20,,AUTO-FILL-FOR-04-20
5.10,,,construction,GIPS_SZYBKOWIAZACY,,kg,0.2750,"budget,norm,lux",0,auto-fill (norma iz patterna kategorii); review,auto-fill (norma iz patterna kategorii); review,auto,AUTO-FILL FOR-04-20,,AUTO-FILL-FOR-04-20
5.10,,,construction,KLEJ_SAMOPOZIOMUJACY,,l,2.1000,"budget,norm,lux",0,auto-fill (norma iz patterna kategorii); review,auto-fill (norma iz patterna kategorii); review,auto,AUTO-FILL FOR-04-20,,AUTO-FILL-FOR-04-20
5.10,,,construction,PESZEL_RURKA,,mb,1.5000,"budget,norm,lux",0,auto-fill (norma iz patterna kategorii); review,auto-fill (norma iz patterna kategorii); review,auto,AUTO-FILL FOR-04-20,,AUTO-FILL-FOR-04-20
5.10,,,construction,TARCZA_TNACA,,szt,0.0350,"budget,norm,lux",0,auto-fill (norma iz patterna kategorii); review,auto-fill (norma iz patterna kategorii); review,auto,AUTO-FILL FOR-04-20,,AUTO-FILL-FOR-04-20
5.10,,,construction,ZAPRAWA_MONTAZOWA,,kg,1.3000,"budget,norm,lux",0,auto-fill (norma iz patterna kategorii); review,auto-fill (norma iz patterna kategorii); review,auto,AUTO-FILL FOR-04-20,,AUTO-FILL-FOR-04-20
5.11,,,construction,KABEL_ELEKTRYCZNY,,mb,2.0000,"budget,norm,lux",0,auto-fill (norma iz patterna kategorii); review,auto-fill (norma iz patterna kategorii); review,auto,AUTO-FILL FOR-04-20,,AUTO-FILL-FOR-04-20
5.11,,,construction,KLEJ_SAMOPOZIOMUJACY,,l,2.1000,"budget,norm,lux",0,auto-fill (norma iz patterna kategorii); review,auto-fill (norma iz patterna kategorii); review,auto,AUTO-FILL FOR-04-20,,AUTO-FILL-FOR-04-20
5.11,,,construction,PESZEL_RURKA,,mb,1.5000,"budget,norm,lux",0,auto-fill (norma iz patterna kategorii); review,auto-fill (norma iz patterna kategorii); review,auto,AUTO-FILL FOR-04-20,,AUTO-FILL-FOR-04-20
5.11,,,construction,PUSZKA_PODTYNKOWA,,szt,1.0000,"budget,norm,lux",0,auto-fill (norma iz patterna kategorii); review,auto-fill (norma iz patterna kategorii); review,auto,AUTO-FILL FOR-04-20,,AUTO-FILL-FOR-04-20
5.11,,,construction,TARCZA_TNACA,,szt,0.0350,"budget,norm,lux",0,auto-fill (norma iz patterna kategorii); review,auto-fill (norma iz patterna kategorii); review,auto,AUTO-FILL FOR-04-20,,AUTO-FILL-FOR-04-20
5.11,,,construction,ZAPRAWA_MONTAZOWA,,kg,1.3000,"budget,norm,lux",0,auto-fill (norma iz patterna kategorii); review,auto-fill (norma iz patterna kategorii); review,auto,AUTO-FILL FOR-04-20,,AUTO-FILL-FOR-04-20
5.12,,,construction,KABEL_ELEKTRYCZNY,,mb,2.0000,"budget,norm,lux",0,auto-fill (norma iz patterna kategorii); review,auto-fill (norma iz patterna kategorii); review,auto,AUTO-FILL FOR-04-20,,AUTO-FILL-FOR-04-20
5.12,,,construction,KLEJ_SAMOPOZIOMUJACY,,l,2.1000,"budget,norm,lux",0,auto-fill (norma iz patterna kategorii); review,auto-fill (norma iz patterna kategorii); review,auto,AUTO-FILL FOR-04-20,,AUTO-FILL-FOR-04-20
5.12,,,construction,PESZEL_RURKA,,mb,1.5000,"budget,norm,lux",0,auto-fill (norma iz patterna kategorii); review,auto-fill (norma iz patterna kategorii); review,auto,AUTO-FILL FOR-04-20,,AUTO-FILL-FOR-04-20
5.12,,,construction,TARCZA_TNACA,,szt,0.0350,"budget,norm,lux",0,auto-fill (norma iz patterna kategorii); review,auto-fill (norma iz patterna kategorii); review,auto,AUTO-FILL FOR-04-20,,AUTO-FILL-FOR-04-20
5.12,,,construction,ZAPRAWA_MONTAZOWA,,kg,1.3000,"budget,norm,lux",0,auto-fill (norma iz patterna kategorii); review,auto-fill (norma iz patterna kategorii); review,auto,AUTO-FILL FOR-04-20,,AUTO-FILL-FOR-04-20
5.13,,,construction,GIPS_SZYBKOWIAZACY,,kg,0.2750,"budget,norm,lux",0,auto-fill (norma iz patterna kategorii); review,auto-fill (norma iz patterna kategorii); review,auto,AUTO-FILL FOR-04-20,,AUTO-FILL-FOR-04-20
5.13,,,construction,KABEL_ELEKTRYCZNY,,mb,2.0000,"budget,norm,lux",0,auto-fill (norma iz patterna kategorii); review,auto-fill (norma iz patterna kategorii); review,auto,AUTO-FILL FOR-04-20,,AUTO-FILL-FOR-04-20
5.13,,,construction,KLEJ_SAMOPOZIOMUJACY,,l,2.1000,"budget,norm,lux",0,auto-fill (norma iz patterna kategorii); review,auto-fill (norma iz patterna kategorii); review,auto,AUTO-FILL FOR-04-20,,AUTO-FILL-FOR-04-20
5.13,,,construction,PESZEL_RURKA,,mb,1.5000,"budget,norm,lux",0,auto-fill (norma iz patterna kategorii); review,auto-fill (norma iz patterna kategorii); review,auto,AUTO-FILL FOR-04-20,,AUTO-FILL-FOR-04-20
5.13,,,construction,TARCZA_TNACA,,szt,0.0350,"budget,norm,lux",0,auto-fill (norma iz patterna kategorii); review,auto-fill (norma iz patterna kategorii); review,auto,AUTO-FILL FOR-04-20,,AUTO-FILL-FOR-04-20
5.14,,,construction,KABEL_ELEKTRYCZNY,,mb,2.0000,"budget,norm,lux",0,auto-fill (norma iz patterna kategorii); review,auto-fill (norma iz patterna kategorii); review,auto,AUTO-FILL FOR-04-20,,AUTO-FILL-FOR-04-20
5.14,,,construction,KLEJ_SAMOPOZIOMUJACY,,l,2.1000,"budget,norm,lux",0,auto-fill (norma iz patterna kategorii); review,auto-fill (norma iz patterna kategorii); review,auto,AUTO-FILL FOR-04-20,,AUTO-FILL-FOR-04-20
5.14,,,construction,PESZEL_RURKA,,mb,1.5000,"budget,norm,lux",0,auto-fill (norma iz patterna kategorii); review,auto-fill (norma iz patterna kategorii); review,auto,AUTO-FILL FOR-04-20,,AUTO-FILL-FOR-04-20
5.14,,,construction,TARCZA_TNACA,,szt,0.0350,"budget,norm,lux",0,auto-fill (norma iz patterna kategorii); review,auto-fill (norma iz patterna kategorii); review,auto,AUTO-FILL FOR-04-20,,AUTO-FILL-FOR-04-20
5.14,,,construction,ZAPRAWA_MONTAZOWA,,kg,1.3000,"budget,norm,lux",0,auto-fill (norma iz patterna kategorii); review,auto-fill (norma iz patterna kategorii); review,auto,AUTO-FILL FOR-04-20,,AUTO-FILL-FOR-04-20
5.15,,,construction,GIPS_SZYBKOWIAZACY,,kg,0.2750,"budget,norm,lux",0,auto-fill (norma iz patterna kategorii); review,auto-fill (norma iz patterna kategorii); review,auto,AUTO-FILL FOR-04-20,,AUTO-FILL-FOR-04-20
5.15,,,construction,KABEL_ELEKTRYCZNY,,mb,2.0000,"budget,norm,lux",0,auto-fill (norma iz patterna kategorii); review,auto-fill (norma iz patterna kategorii); review,auto,AUTO-FILL FOR-04-20,,AUTO-FILL-FOR-04-20
5.15,,,construction,KLEJ_SAMOPOZIOMUJACY,,l,2.1000,"budget,norm,lux",0,auto-fill (norma iz patterna kategorii); review,auto-fill (norma iz patterna kategorii); review,auto,AUTO-FILL FOR-04-20,,AUTO-FILL-FOR-04-20
5.15,,,construction,PESZEL_RURKA,,mb,1.5000,"budget,norm,lux",0,auto-fill (norma iz patterna kategorii); review,auto-fill (norma iz patterna kategorii); review,auto,AUTO-FILL FOR-04-20,,AUTO-FILL-FOR-04-20
5.15,,,construction,TARCZA_TNACA,,szt,0.0350,"budget,norm,lux",0,auto-fill (norma iz patterna kategorii); review,auto-fill (norma iz patterna kategorii); review,auto,AUTO-FILL FOR-04-20,,AUTO-FILL-FOR-04-20
5.16,,,construction,GIPS_SZYBKOWIAZACY,,kg,0.2750,"budget,norm,lux",0,auto-fill (norma iz patterna kategorii); review,auto-fill (norma iz patterna kategorii); review,auto,AUTO-FILL FOR-04-20,,AUTO-FILL-FOR-04-20
5.16,,,construction,KLEJ_SAMOPOZIOMUJACY,,l,2.1000,"budget,norm,lux",0,auto-fill (norma iz patterna kategorii); review,auto-fill (norma iz patterna kategorii); review,auto,AUTO-FILL FOR-04-20,,AUTO-FILL-FOR-04-20
5.16,,,construction,PESZEL_RURKA,,mb,1.5000,"budget,norm,lux",0,auto-fill (norma iz patterna kategorii); review,auto-fill (norma iz patterna kategorii); review,auto,AUTO-FILL FOR-04-20,,AUTO-FILL-FOR-04-20
5.16,,,construction,TARCZA_TNACA,,szt,0.0350,"budget,norm,lux",0,auto-fill (norma iz patterna kategorii); review,auto-fill (norma iz patterna kategorii); review,auto,AUTO-FILL FOR-04-20,,AUTO-FILL-FOR-04-20
5.16,,,construction,ZAPRAWA_MONTAZOWA,,kg,1.3000,"budget,norm,lux",0,auto-fill (norma iz patterna kategorii); review,auto-fill (norma iz patterna kategorii); review,auto,AUTO-FILL FOR-04-20,,AUTO-FILL-FOR-04-20
5.17,,,construction,KABEL_ELEKTRYCZNY,,mb,2.0000,"budget,norm,lux",0,auto-fill (norma iz patterna kategorii); review,auto-fill (norma iz patterna kategorii); review,auto,AUTO-FILL FOR-04-20,,AUTO-FILL-FOR-04-20
5.17,,,construction,KLEJ_SAMOPOZIOMUJACY,,l,2.1000,"budget,norm,lux",0,auto-fill (norma iz patterna kategorii); review,auto-fill (norma iz patterna kategorii); review,auto,AUTO-FILL FOR-04-20,,AUTO-FILL-FOR-04-20
5.17,,,construction,PESZEL_RURKA,,mb,1.5000,"budget,norm,lux",0,auto-fill (norma iz patterna kategorii); review,auto-fill (norma iz patterna kategorii); review,auto,AUTO-FILL FOR-04-20,,AUTO-FILL-FOR-04-20
5.17,,,construction,TARCZA_TNACA,,szt,0.0350,"budget,norm,lux",0,auto-fill (norma iz patterna kategorii); review,auto-fill (norma iz patterna kategorii); review,auto,AUTO-FILL FOR-04-20,,AUTO-FILL-FOR-04-20
5.17,,,construction,ZAPRAWA_MONTAZOWA,,kg,1.3000,"budget,norm,lux",0,auto-fill (norma iz patterna kategorii); review,auto-fill (norma iz patterna kategorii); review,auto,AUTO-FILL FOR-04-20,,AUTO-FILL-FOR-04-20
5.18,,,construction,KABEL_ELEKTRYCZNY,,mb,2.0000,"budget,norm,lux",0,auto-fill (norma iz patterna kategorii); review,auto-fill (norma iz patterna kategorii); review,auto,AUTO-FILL FOR-04-20,,AUTO-FILL-FOR-04-20
5.18,,,construction,KLEJ_SAMOPOZIOMUJACY,,l,2.1000,"budget,norm,lux",0,auto-fill (norma iz patterna kategorii); review,auto-fill (norma iz patterna kategorii); review,auto,AUTO-FILL FOR-04-20,,AUTO-FILL-FOR-04-20
5.18,,,construction,PESZEL_RURKA,,mb,1.5000,"budget,norm,lux",0,auto-fill (norma iz patterna kategorii); review,auto-fill (norma iz patterna kategorii); review,auto,AUTO-FILL FOR-04-20,,AUTO-FILL-FOR-04-20
5.18,,,construction,TARCZA_TNACA,,szt,0.0350,"budget,norm,lux",0,auto-fill (norma iz patterna kategorii); review,auto-fill (norma iz patterna kategorii); review,auto,AUTO-FILL FOR-04-20,,AUTO-FILL-FOR-04-20
5.18,,,construction,ZAPRAWA_MONTAZOWA,,kg,1.3000,"budget,norm,lux",0,auto-fill (norma iz patterna kategorii); review,auto-fill (norma iz patterna kategorii); review,auto,AUTO-FILL FOR-04-20,,AUTO-FILL-FOR-04-20
5.19,,,construction,GIPS_SZYBKOWIAZACY,,kg,0.2750,"budget,norm,lux",0,auto-fill (norma iz patterna kategorii); review,auto-fill (norma iz patterna kategorii); review,auto,AUTO-FILL FOR-04-20,,AUTO-FILL-FOR-04-20
5.19,,,construction,KLEJ_SAMOPOZIOMUJACY,,l,2.1000,"budget,norm,lux",0,auto-fill (norma iz patterna kategorii); review,auto-fill (norma iz patterna kategorii); review,auto,AUTO-FILL FOR-04-20,,AUTO-FILL-FOR-04-20
5.19,,,construction,PUSZKA_PODTYNKOWA,,szt,1.0000,"budget,norm,lux",0,auto-fill (norma iz patterna kategorii); review,auto-fill (norma iz patterna kategorii); review,auto,AUTO-FILL FOR-04-20,,AUTO-FILL-FOR-04-20
5.19,,,construction,TARCZA_TNACA,,szt,0.0350,"budget,norm,lux",0,auto-fill (norma iz patterna kategorii); review,auto-fill (norma iz patterna kategorii); review,auto,AUTO-FILL FOR-04-20,,AUTO-FILL-FOR-04-20
5.19,,,construction,ZAPRAWA_MONTAZOWA,,kg,1.3000,"budget,norm,lux",0,auto-fill (norma iz patterna kategorii); review,auto-fill (norma iz patterna kategorii); review,auto,AUTO-FILL FOR-04-20,,AUTO-FILL-FOR-04-20
5.20,,,construction,GIPS_SZYBKOWIAZACY,,kg,0.2750,"budget,norm,lux",0,auto-fill (norma iz patterna kategorii); review,auto-fill (norma iz patterna kategorii); review,auto,AUTO-FILL FOR-04-20,,AUTO-FILL-FOR-04-20
5.20,,,construction,KABEL_ELEKTRYCZNY,,mb,2.0000,"budget,norm,lux",0,auto-fill (norma iz patterna kategorii); review,auto-fill (norma iz patterna kategorii); review,auto,AUTO-FILL FOR-04-20,,AUTO-FILL-FOR-04-20
5.20,,,construction,KLEJ_SAMOPOZIOMUJACY,,l,2.1000,"budget,norm,lux",0,auto-fill (norma iz patterna kategorii); review,auto-fill (norma iz patterna kategorii); review,auto,AUTO-FILL FOR-04-20,,AUTO-FILL-FOR-04-20
5.20,,,construction,TARCZA_TNACA,,szt,0.0350,"budget,norm,lux",0,auto-fill (norma iz patterna kategorii); review,auto-fill (norma iz patterna kategorii); review,auto,AUTO-FILL FOR-04-20,,AUTO-FILL-FOR-04-20
5.20,,,construction,ZAPRAWA_MONTAZOWA,,kg,1.3000,"budget,norm,lux",0,auto-fill (norma iz patterna kategorii); review,auto-fill (norma iz patterna kategorii); review,auto,AUTO-FILL FOR-04-20,,AUTO-FILL-FOR-04-20
5.21,,,construction,GIPS_SZYBKOWIAZACY,,kg,0.2750,"budget,norm,lux",0,auto-fill (norma iz patterna kategorii); review,auto-fill (norma iz patterna kategorii); review,auto,AUTO-FILL FOR-04-20,,AUTO-FILL-FOR-04-20
5.21,,,construction,KLEJ_SAMOPOZIOMUJACY,,l,2.1000,"budget,norm,lux",0,auto-fill (norma iz patterna kategorii); review,auto-fill (norma iz patterna kategorii); review,auto,AUTO-FILL FOR-04-20,,AUTO-FILL-FOR-04-20
5.21,,,construction,PESZEL_RURKA,,mb,1.5000,"budget,norm,lux",0,auto-fill (norma iz patterna kategorii); review,auto-fill (norma iz patterna kategorii); review,auto,AUTO-FILL FOR-04-20,,AUTO-FILL-FOR-04-20
5.21,,,construction,TARCZA_TNACA,,szt,0.0350,"budget,norm,lux",0,auto-fill (norma iz patterna kategorii); review,auto-fill (norma iz patterna kategorii); review,auto,AUTO-FILL FOR-04-20,,AUTO-FILL-FOR-04-20
5.21,,,construction,ZAPRAWA_MONTAZOWA,,kg,1.3000,"budget,norm,lux",0,auto-fill (norma iz patterna kategorii); review,auto-fill (norma iz patterna kategorii); review,auto,AUTO-FILL FOR-04-20,,AUTO-FILL-FOR-04-20
5.22,,,construction,KABEL_ELEKTRYCZNY,,mb,2.0000,"budget,norm,lux",0,auto-fill (norma iz patterna kategorii); review,auto-fill (norma iz patterna kategorii); review,auto,AUTO-FILL FOR-04-20,,AUTO-FILL-FOR-04-20
5.22,,,construction,KLEJ_SAMOPOZIOMUJACY,,l,2.1000,"budget,norm,lux",0,auto-fill (norma iz patterna kategorii); review,auto-fill (norma iz patterna kategorii); review,auto,AUTO-FILL FOR-04-20,,AUTO-FILL-FOR-04-20
5.22,,,construction,PESZEL_RURKA,,mb,1.5000,"budget,norm,lux",0,auto-fill (norma iz patterna kategorii); review,auto-fill (norma iz patterna kategorii); review,auto,AUTO-FILL FOR-04-20,,AUTO-FILL-FOR-04-20
5.22,,,construction,PUSZKA_PODTYNKOWA,,szt,1.0000,"budget,norm,lux",0,auto-fill (norma iz patterna kategorii); review,auto-fill (norma iz patterna kategorii); review,auto,AUTO-FILL FOR-04-20,,AUTO-FILL-FOR-04-20
5.22,,,construction,ZAPRAWA_MONTAZOWA,,kg,1.3000,"budget,norm,lux",0,auto-fill (norma iz patterna kategorii); review,auto-fill (norma iz patterna kategorii); review,auto,AUTO-FILL FOR-04-20,,AUTO-FILL-FOR-04-20
5.23,,,construction,GIPS_SZYBKOWIAZACY,,kg,0.2750,"budget,norm,lux",0,auto-fill (norma iz patterna kategorii); review,auto-fill (norma iz patterna kategorii); review,auto,AUTO-FILL FOR-04-20,,AUTO-FILL-FOR-04-20
5.23,,,construction,KABEL_ELEKTRYCZNY,,mb,2.0000,"budget,norm,lux",0,auto-fill (norma iz patterna kategorii); review,auto-fill (norma iz patterna kategorii); review,auto,AUTO-FILL FOR-04-20,,AUTO-FILL-FOR-04-20
5.23,,,construction,KLEJ_SAMOPOZIOMUJACY,,l,2.1000,"budget,norm,lux",0,auto-fill (norma iz patterna kategorii); review,auto-fill (norma iz patterna kategorii); review,auto,AUTO-FILL FOR-04-20,,AUTO-FILL-FOR-04-20
5.23,,,construction,PESZEL_RURKA,,mb,1.5000,"budget,norm,lux",0,auto-fill (norma iz patterna kategorii); review,auto-fill (norma iz patterna kategorii); review,auto,AUTO-FILL FOR-04-20,,AUTO-FILL-FOR-04-20
5.23,,,construction,PUSZKA_PODTYNKOWA,,szt,1.0000,"budget,norm,lux",0,auto-fill (norma iz patterna kategorii); review,auto-fill (norma iz patterna kategorii); review,auto,AUTO-FILL FOR-04-20,,AUTO-FILL-FOR-04-20
5.24,,,construction,KABEL_ELEKTRYCZNY,,mb,2.0000,"budget,norm,lux",0,auto-fill (norma iz patterna kategorii); review,auto-fill (norma iz patterna kategorii); review,auto,AUTO-FILL FOR-04-20,,AUTO-FILL-FOR-04-20
5.24,,,construction,KLEJ_SAMOPOZIOMUJACY,,l,2.1000,"budget,norm,lux",0,auto-fill (norma iz patterna kategorii); review,auto-fill (norma iz patterna kategorii); review,auto,AUTO-FILL FOR-04-20,,AUTO-FILL-FOR-04-20
5.24,,,construction,PESZEL_RURKA,,mb,1.5000,"budget,norm,lux",0,auto-fill (norma iz patterna kategorii); review,auto-fill (norma iz patterna kategorii); review,auto,AUTO-FILL FOR-04-20,,AUTO-FILL-FOR-04-20
5.24,,,construction,PUSZKA_PODTYNKOWA,,szt,1.0000,"budget,norm,lux",0,auto-fill (norma iz patterna kategorii); review,auto-fill (norma iz patterna kategorii); review,auto,AUTO-FILL FOR-04-20,,AUTO-FILL-FOR-04-20
5.24,,,construction,TARCZA_TNACA,,szt,0.0350,"budget,norm,lux",0,auto-fill (norma iz patterna kategorii); review,auto-fill (norma iz patterna kategorii); review,auto,AUTO-FILL FOR-04-20,,AUTO-FILL-FOR-04-20
5.24,,,construction,ZAPRAWA_MONTAZOWA,,kg,1.3000,"budget,norm,lux",0,auto-fill (norma iz patterna kategorii); review,auto-fill (norma iz patterna kategorii); review,auto,AUTO-FILL FOR-04-20,,AUTO-FILL-FOR-04-20
5.25,,,construction,GIPS_SZYBKOWIAZACY,,kg,0.2750,"budget,norm,lux",0,auto-fill (norma iz patterna kategorii); review,auto-fill (norma iz patterna kategorii); review,auto,AUTO-FILL FOR-04-20,,AUTO-FILL-FOR-04-20
5.25,,,construction,KLEJ_SAMOPOZIOMUJACY,,l,2.1000,"budget,norm,lux",0,auto-fill (norma iz patterna kategorii); review,auto-fill (norma iz patterna kategorii); review,auto,AUTO-FILL FOR-04-20,,AUTO-FILL-FOR-04-20
5.25,,,construction,TARCZA_TNACA,,szt,0.0350,"budget,norm,lux",0,auto-fill (norma iz patterna kategorii); review,auto-fill (norma iz patterna kategorii); review,auto,AUTO-FILL FOR-04-20,,AUTO-FILL-FOR-04-20
5.25,,,construction,ZAPRAWA_MONTAZOWA,,kg,1.3000,"budget,norm,lux",0,auto-fill (norma iz patterna kategorii); review,auto-fill (norma iz patterna kategorii); review,auto,AUTO-FILL FOR-04-20,,AUTO-FILL-FOR-04-20
6.01,,,construction,KLEJ_MONTAZOWY,,l,0.0300,"budget,norm,lux",0,auto-fill (norma iz patterna kategorii); review,auto-fill (norma iz patterna kategorii); review,auto,AUTO-FILL FOR-04-20,,AUTO-FILL-FOR-04-20
6.02,,,construction,WKRET_KOLEK_MONTAZOWY,,szt,2.0000,"budget,norm,lux",0,auto-fill (norma iz patterna kategorii); review,auto-fill (norma iz patterna kategorii); review,auto,AUTO-FILL FOR-04-20,,AUTO-FILL-FOR-04-20
6.02,,,construction,ZLACZKA_INSTALACYJNA,,szt,2.0000,"budget,norm,lux",0,auto-fill (norma iz patterna kategorii); review,auto-fill (norma iz patterna kategorii); review,auto,AUTO-FILL FOR-04-20,,AUTO-FILL-FOR-04-20
6.03,,,construction,ZLACZKA_INSTALACYJNA,,szt,2.0000,"budget,norm,lux",0,auto-fill (norma iz patterna kategorii); review,auto-fill (norma iz patterna kategorii); review,auto,AUTO-FILL FOR-04-20,,AUTO-FILL-FOR-04-20
6.04,,,construction,WKRET_KOLEK_MONTAZOWY,,szt,2.0000,"budget,norm,lux",0,auto-fill (norma iz patterna kategorii); review,auto-fill (norma iz patterna kategorii); review,auto,AUTO-FILL FOR-04-20,,AUTO-FILL-FOR-04-20
6.04,,,construction,ZLACZKA_INSTALACYJNA,,szt,2.0000,"budget,norm,lux",0,auto-fill (norma iz patterna kategorii); review,auto-fill (norma iz patterna kategorii); review,auto,AUTO-FILL FOR-04-20,,AUTO-FILL-FOR-04-20
6.05,,,construction,KLEJ_MONTAZOWY,,l,0.0300,"budget,norm,lux",0,auto-fill (norma iz patterna kategorii); review,auto-fill (norma iz patterna kategorii); review,auto,AUTO-FILL FOR-04-20,,AUTO-FILL-FOR-04-20
6.06,,,construction,KLEJ_MONTAZOWY,,l,0.0300,"budget,norm,lux",0,auto-fill (norma iz patterna kategorii); review,auto-fill (norma iz patterna kategorii); review,auto,AUTO-FILL FOR-04-20,,AUTO-FILL-FOR-04-20
6.07,,,construction,KLEJ_MONTAZOWY,,l,0.0300,"budget,norm,lux",0,auto-fill (norma iz patterna kategorii); review,auto-fill (norma iz patterna kategorii); review,auto,AUTO-FILL FOR-04-20,,AUTO-FILL-FOR-04-20
6.08,,,construction,KLEJ_MONTAZOWY,,l,0.0300,"budget,norm,lux",0,auto-fill (norma iz patterna kategorii); review,auto-fill (norma iz patterna kategorii); review,auto,AUTO-FILL FOR-04-20,,AUTO-FILL-FOR-04-20
6.09,,,construction,KLEJ_MONTAZOWY,,l,0.0300,"budget,norm,lux",0,auto-fill (norma iz patterna kategorii); review,auto-fill (norma iz patterna kategorii); review,auto,AUTO-FILL FOR-04-20,,AUTO-FILL-FOR-04-20
6.10,,,construction,KLEJ_MONTAZOWY,,l,0.0300,"budget,norm,lux",0,auto-fill (norma iz patterna kategorii); review,auto-fill (norma iz patterna kategorii); review,auto,AUTO-FILL FOR-04-20,,AUTO-FILL-FOR-04-20
6.10,,,construction,WKRET_KOLEK_MONTAZOWY,,szt,2.0000,"budget,norm,lux",0,auto-fill (norma iz patterna kategorii); review,auto-fill (norma iz patterna kategorii); review,auto,AUTO-FILL FOR-04-20,,AUTO-FILL-FOR-04-20
7.01,,,construction,KLEJ_DO_PLYTEK,,kg,3.2500,"budget,norm,lux",0,auto-fill (norma iz patterna kategorii); review,auto-fill (norma iz patterna kategorii); review,auto,AUTO-FILL FOR-04-20,,AUTO-FILL-FOR-04-20
7.01,,,construction,NARZEDZIE_DIAMENTOWE,,szt,0.0500,"budget,norm,lux",0,auto-fill (norma iz patterna kategorii); review,auto-fill (norma iz patterna kategorii); review,auto,AUTO-FILL FOR-04-20,,AUTO-FILL-FOR-04-20
7.01,,,construction,SILIKON,,l,0.0300,"budget,norm,lux",0,auto-fill (norma iz patterna kategorii); review,auto-fill (norma iz patterna kategorii); review,auto,AUTO-FILL FOR-04-20,,AUTO-FILL-FOR-04-20
7.01,,,finishing,FUGA_CEMENTOWA,,kg,0.4000,"budget,norm,lux",0,auto-fill (norma iz patterna kategorii); review,auto-fill (norma iz patterna kategorii); review,auto,AUTO-FILL FOR-04-20,,AUTO-FILL-FOR-04-20
7.01,,,finishing,FUGA_EPOKSYDOWA,,kg,0.5000,"budget,norm,lux",0,auto-fill (norma iz patterna kategorii); review,auto-fill (norma iz patterna kategorii); review,auto,AUTO-FILL FOR-04-20,,AUTO-FILL-FOR-04-20
7.01,,,finishing,KLEJ_DO_PLYTEK,,kg,5.0000,"budget,norm,lux",0,auto-fill (norma iz patterna kategorii); review,auto-fill (norma iz patterna kategorii); review,auto,AUTO-FILL FOR-04-20,,AUTO-FILL-FOR-04-20
7.02,,,construction,KLEJ_DO_PLYTEK,,kg,3.2500,"budget,norm,lux",0,auto-fill (norma iz patterna kategorii); review,auto-fill (norma iz patterna kategorii); review,auto,AUTO-FILL FOR-04-20,,AUTO-FILL-FOR-04-20
7.02,,,construction,NARZEDZIE_DIAMENTOWE,,szt,0.0500,"budget,norm,lux",0,auto-fill (norma iz patterna kategorii); review,auto-fill (norma iz patterna kategorii); review,auto,AUTO-FILL FOR-04-20,,AUTO-FILL-FOR-04-20
7.02,,,construction,SILIKON,,l,0.0300,"budget,norm,lux",0,auto-fill (norma iz patterna kategorii); review,auto-fill (norma iz patterna kategorii); review,auto,AUTO-FILL FOR-04-20,,AUTO-FILL-FOR-04-20
7.02,,,finishing,FUGA_CEMENTOWA,,kg,0.4000,"budget,norm,lux",0,auto-fill (norma iz patterna kategorii); review,auto-fill (norma iz patterna kategorii); review,auto,AUTO-FILL FOR-04-20,,AUTO-FILL-FOR-04-20
7.02,,,finishing,FUGA_EPOKSYDOWA,,kg,0.5000,"budget,norm,lux",0,auto-fill (norma iz patterna kategorii); review,auto-fill (norma iz patterna kategorii); review,auto,AUTO-FILL FOR-04-20,,AUTO-FILL-FOR-04-20
7.02,,,finishing,KLEJ_DO_PLYTEK,,kg,5.0000,"budget,norm,lux",0,auto-fill (norma iz patterna kategorii); review,auto-fill (norma iz patterna kategorii); review,auto,AUTO-FILL FOR-04-20,,AUTO-FILL-FOR-04-20
7.03,,,construction,HYDROIZOLACJA,,kg,1.5000,"budget,norm,lux",0,auto-fill (norma iz patterna kategorii); review,auto-fill (norma iz patterna kategorii); review,auto,AUTO-FILL FOR-04-20,,AUTO-FILL-FOR-04-20
7.03,,,construction,KLEJ_DO_PLYTEK,,kg,3.2500,"budget,norm,lux",0,auto-fill (norma iz patterna kategorii); review,auto-fill (norma iz patterna kategorii); review,auto,AUTO-FILL FOR-04-20,,AUTO-FILL-FOR-04-20
7.03,,,construction,NARZEDZIE_DIAMENTOWE,,szt,0.0500,"budget,norm,lux",0,auto-fill (norma iz patterna kategorii); review,auto-fill (norma iz patterna kategorii); review,auto,AUTO-FILL FOR-04-20,,AUTO-FILL-FOR-04-20
7.03,,,construction,SILIKON,,l,0.0300,"budget,norm,lux",0,auto-fill (norma iz patterna kategorii); review,auto-fill (norma iz patterna kategorii); review,auto,AUTO-FILL FOR-04-20,,AUTO-FILL-FOR-04-20
7.03,,,construction,TASMA_USZCZELNIAJACA,,szt,0.2750,"budget,norm,lux",0,auto-fill (norma iz patterna kategorii); review,auto-fill (norma iz patterna kategorii); review,auto,AUTO-FILL FOR-04-20,,AUTO-FILL-FOR-04-20
7.03,,,finishing,FUGA_CEMENTOWA,,kg,0.4000,"budget,norm,lux",0,auto-fill (norma iz patterna kategorii); review,auto-fill (norma iz patterna kategorii); review,auto,AUTO-FILL FOR-04-20,,AUTO-FILL-FOR-04-20
7.03,,,finishing,FUGA_EPOKSYDOWA,,kg,0.5000,"budget,norm,lux",0,auto-fill (norma iz patterna kategorii); review,auto-fill (norma iz patterna kategorii); review,auto,AUTO-FILL FOR-04-20,,AUTO-FILL-FOR-04-20
7.03,,,finishing,KLEJ_DO_PLYTEK,,kg,5.0000,"budget,norm,lux",0,auto-fill (norma iz patterna kategorii); review,auto-fill (norma iz patterna kategorii); review,auto,AUTO-FILL FOR-04-20,,AUTO-FILL-FOR-04-20
7.04,,,construction,HYDROIZOLACJA,,kg,1.5000,"budget,norm,lux",0,auto-fill (norma iz patterna kategorii); review,auto-fill (norma iz patterna kategorii); review,auto,AUTO-FILL FOR-04-20,,AUTO-FILL-FOR-04-20
7.04,,,construction,NARZEDZIE_DIAMENTOWE,,szt,0.0500,"budget,norm,lux",0,auto-fill (norma iz patterna kategorii); review,auto-fill (norma iz patterna kategorii); review,auto,AUTO-FILL FOR-04-20,,AUTO-FILL-FOR-04-20
7.04,,,construction,TASMA_USZCZELNIAJACA,,szt,0.2750,"budget,norm,lux",0,auto-fill (norma iz patterna kategorii); review,auto-fill (norma iz patterna kategorii); review,auto,AUTO-FILL FOR-04-20,,AUTO-FILL-FOR-04-20
7.04,,,finishing,FUGA_CEMENTOWA,,kg,0.4000,"budget,norm,lux",0,auto-fill (norma iz patterna kategorii); review,auto-fill (norma iz patterna kategorii); review,auto,AUTO-FILL FOR-04-20,,AUTO-FILL-FOR-04-20
7.04,,,finishing,FUGA_EPOKSYDOWA,,kg,0.5000,"budget,norm,lux",0,auto-fill (norma iz patterna kategorii); review,auto-fill (norma iz patterna kategorii); review,auto,AUTO-FILL FOR-04-20,,AUTO-FILL-FOR-04-20
7.05,,,construction,HYDROIZOLACJA,,kg,1.5000,"budget,norm,lux",0,auto-fill (norma iz patterna kategorii); review,auto-fill (norma iz patterna kategorii); review,auto,AUTO-FILL FOR-04-20,,AUTO-FILL-FOR-04-20
7.05,,,construction,NARZEDZIE_DIAMENTOWE,,szt,0.0500,"budget,norm,lux",0,auto-fill (norma iz patterna kategorii); review,auto-fill (norma iz patterna kategorii); review,auto,AUTO-FILL FOR-04-20,,AUTO-FILL-FOR-04-20
7.05,,,construction,TASMA_USZCZELNIAJACA,,szt,0.2750,"budget,norm,lux",0,auto-fill (norma iz patterna kategorii); review,auto-fill (norma iz patterna kategorii); review,auto,AUTO-FILL FOR-04-20,,AUTO-FILL-FOR-04-20
7.05,,,finishing,FUGA_CEMENTOWA,,kg,0.4000,"budget,norm,lux",0,auto-fill (norma iz patterna kategorii); review,auto-fill (norma iz patterna kategorii); review,auto,AUTO-FILL FOR-04-20,,AUTO-FILL-FOR-04-20
7.05,,,finishing,FUGA_EPOKSYDOWA,,kg,0.5000,"budget,norm,lux",0,auto-fill (norma iz patterna kategorii); review,auto-fill (norma iz patterna kategorii); review,auto,AUTO-FILL FOR-04-20,,AUTO-FILL-FOR-04-20
7.06,,,construction,HYDROIZOLACJA,,kg,1.5000,"budget,norm,lux",0,auto-fill (norma iz patterna kategorii); review,auto-fill (norma iz patterna kategorii); review,auto,AUTO-FILL FOR-04-20,,AUTO-FILL-FOR-04-20
7.06,,,construction,NARZEDZIE_DIAMENTOWE,,szt,0.0500,"budget,norm,lux",0,auto-fill (norma iz patterna kategorii); review,auto-fill (norma iz patterna kategorii); review,auto,AUTO-FILL FOR-04-20,,AUTO-FILL-FOR-04-20
7.06,,,construction,SILIKON,,l,0.0300,"budget,norm,lux",0,auto-fill (norma iz patterna kategorii); review,auto-fill (norma iz patterna kategorii); review,auto,AUTO-FILL FOR-04-20,,AUTO-FILL-FOR-04-20
7.06,,,construction,TASMA_USZCZELNIAJACA,,szt,0.2750,"budget,norm,lux",0,auto-fill (norma iz patterna kategorii); review,auto-fill (norma iz patterna kategorii); review,auto,AUTO-FILL FOR-04-20,,AUTO-FILL-FOR-04-20
7.06,,,finishing,FUGA_CEMENTOWA,,kg,0.4000,"budget,norm,lux",0,auto-fill (norma iz patterna kategorii); review,auto-fill (norma iz patterna kategorii); review,auto,AUTO-FILL FOR-04-20,,AUTO-FILL-FOR-04-20
7.06,,,finishing,FUGA_EPOKSYDOWA,,kg,0.5000,"budget,norm,lux",0,auto-fill (norma iz patterna kategorii); review,auto-fill (norma iz patterna kategorii); review,auto,AUTO-FILL FOR-04-20,,AUTO-FILL-FOR-04-20
7.07,,,construction,HYDROIZOLACJA,,kg,1.5000,"budget,norm,lux",0,auto-fill (norma iz patterna kategorii); review,auto-fill (norma iz patterna kategorii); review,auto,AUTO-FILL FOR-04-20,,AUTO-FILL-FOR-04-20
7.07,,,construction,NARZEDZIE_DIAMENTOWE,,szt,0.0500,"budget,norm,lux",0,auto-fill (norma iz patterna kategorii); review,auto-fill (norma iz patterna kategorii); review,auto,AUTO-FILL FOR-04-20,,AUTO-FILL-FOR-04-20
7.07,,,construction,SILIKON,,l,0.0300,"budget,norm,lux",0,auto-fill (norma iz patterna kategorii); review,auto-fill (norma iz patterna kategorii); review,auto,AUTO-FILL FOR-04-20,,AUTO-FILL-FOR-04-20
7.07,,,construction,TASMA_USZCZELNIAJACA,,szt,0.2750,"budget,norm,lux",0,auto-fill (norma iz patterna kategorii); review,auto-fill (norma iz patterna kategorii); review,auto,AUTO-FILL FOR-04-20,,AUTO-FILL-FOR-04-20
7.07,,,finishing,FUGA_CEMENTOWA,,kg,0.4000,"budget,norm,lux",0,auto-fill (norma iz patterna kategorii); review,auto-fill (norma iz patterna kategorii); review,auto,AUTO-FILL FOR-04-20,,AUTO-FILL-FOR-04-20
7.07,,,finishing,FUGA_EPOKSYDOWA,,kg,0.5000,"budget,norm,lux",0,auto-fill (norma iz patterna kategorii); review,auto-fill (norma iz patterna kategorii); review,auto,AUTO-FILL FOR-04-20,,AUTO-FILL-FOR-04-20
7.08,,,construction,HYDROIZOLACJA,,kg,1.5000,"budget,norm,lux",0,auto-fill (norma iz patterna kategorii); review,auto-fill (norma iz patterna kategorii); review,auto,AUTO-FILL FOR-04-20,,AUTO-FILL-FOR-04-20
7.08,,,construction,NARZEDZIE_DIAMENTOWE,,szt,0.0500,"budget,norm,lux",0,auto-fill (norma iz patterna kategorii); review,auto-fill (norma iz patterna kategorii); review,auto,AUTO-FILL FOR-04-20,,AUTO-FILL-FOR-04-20
7.08,,,construction,SILIKON,,l,0.0300,"budget,norm,lux",0,auto-fill (norma iz patterna kategorii); review,auto-fill (norma iz patterna kategorii); review,auto,AUTO-FILL FOR-04-20,,AUTO-FILL-FOR-04-20
7.08,,,construction,TASMA_USZCZELNIAJACA,,szt,0.2750,"budget,norm,lux",0,auto-fill (norma iz patterna kategorii); review,auto-fill (norma iz patterna kategorii); review,auto,AUTO-FILL FOR-04-20,,AUTO-FILL-FOR-04-20
7.08,,,finishing,FUGA_CEMENTOWA,,kg,0.4000,"budget,norm,lux",0,auto-fill (norma iz patterna kategorii); review,auto-fill (norma iz patterna kategorii); review,auto,AUTO-FILL FOR-04-20,,AUTO-FILL-FOR-04-20
7.08,,,finishing,FUGA_EPOKSYDOWA,,kg,0.5000,"budget,norm,lux",0,auto-fill (norma iz patterna kategorii); review,auto-fill (norma iz patterna kategorii); review,auto,AUTO-FILL FOR-04-20,,AUTO-FILL-FOR-04-20
7.09,,,construction,HYDROIZOLACJA,,kg,1.5000,"budget,norm,lux",0,auto-fill (norma iz patterna kategorii); review,auto-fill (norma iz patterna kategorii); review,auto,AUTO-FILL FOR-04-20,,AUTO-FILL-FOR-04-20
7.09,,,construction,NARZEDZIE_DIAMENTOWE,,szt,0.0500,"budget,norm,lux",0,auto-fill (norma iz patterna kategorii); review,auto-fill (norma iz patterna kategorii); review,auto,AUTO-FILL FOR-04-20,,AUTO-FILL-FOR-04-20
7.09,,,construction,SILIKON,,l,0.0300,"budget,norm,lux",0,auto-fill (norma iz patterna kategorii); review,auto-fill (norma iz patterna kategorii); review,auto,AUTO-FILL FOR-04-20,,AUTO-FILL-FOR-04-20
7.09,,,construction,TASMA_USZCZELNIAJACA,,szt,0.2750,"budget,norm,lux",0,auto-fill (norma iz patterna kategorii); review,auto-fill (norma iz patterna kategorii); review,auto,AUTO-FILL FOR-04-20,,AUTO-FILL-FOR-04-20
7.09,,,finishing,FUGA_CEMENTOWA,,kg,0.4000,"budget,norm,lux",0,auto-fill (norma iz patterna kategorii); review,auto-fill (norma iz patterna kategorii); review,auto,AUTO-FILL FOR-04-20,,AUTO-FILL-FOR-04-20
7.09,,,finishing,FUGA_EPOKSYDOWA,,kg,0.5000,"budget,norm,lux",0,auto-fill (norma iz patterna kategorii); review,auto-fill (norma iz patterna kategorii); review,auto,AUTO-FILL FOR-04-20,,AUTO-FILL-FOR-04-20
7.10,,,construction,HYDROIZOLACJA,,kg,1.5000,"budget,norm,lux",0,auto-fill (norma iz patterna kategorii); review,auto-fill (norma iz patterna kategorii); review,auto,AUTO-FILL FOR-04-20,,AUTO-FILL-FOR-04-20
7.10,,,construction,NARZEDZIE_DIAMENTOWE,,szt,0.0500,"budget,norm,lux",0,auto-fill (norma iz patterna kategorii); review,auto-fill (norma iz patterna kategorii); review,auto,AUTO-FILL FOR-04-20,,AUTO-FILL-FOR-04-20
7.10,,,construction,SILIKON,,l,0.0300,"budget,norm,lux",0,auto-fill (norma iz patterna kategorii); review,auto-fill (norma iz patterna kategorii); review,auto,AUTO-FILL FOR-04-20,,AUTO-FILL-FOR-04-20
7.10,,,construction,TASMA_USZCZELNIAJACA,,szt,0.2750,"budget,norm,lux",0,auto-fill (norma iz patterna kategorii); review,auto-fill (norma iz patterna kategorii); review,auto,AUTO-FILL FOR-04-20,,AUTO-FILL-FOR-04-20
7.10,,,finishing,FUGA_CEMENTOWA,,kg,0.4000,"budget,norm,lux",0,auto-fill (norma iz patterna kategorii); review,auto-fill (norma iz patterna kategorii); review,auto,AUTO-FILL FOR-04-20,,AUTO-FILL-FOR-04-20
7.10,,,finishing,FUGA_EPOKSYDOWA,,kg,0.5000,"budget,norm,lux",0,auto-fill (norma iz patterna kategorii); review,auto-fill (norma iz patterna kategorii); review,auto,AUTO-FILL FOR-04-20,,AUTO-FILL-FOR-04-20
7.11,,,construction,HYDROIZOLACJA,,kg,1.5000,"budget,norm,lux",0,auto-fill (norma iz patterna kategorii); review,auto-fill (norma iz patterna kategorii); review,auto,AUTO-FILL FOR-04-20,,AUTO-FILL-FOR-04-20
7.11,,,construction,NARZEDZIE_DIAMENTOWE,,szt,0.0500,"budget,norm,lux",0,auto-fill (norma iz patterna kategorii); review,auto-fill (norma iz patterna kategorii); review,auto,AUTO-FILL FOR-04-20,,AUTO-FILL-FOR-04-20
7.11,,,construction,SILIKON,,l,0.0300,"budget,norm,lux",0,auto-fill (norma iz patterna kategorii); review,auto-fill (norma iz patterna kategorii); review,auto,AUTO-FILL FOR-04-20,,AUTO-FILL-FOR-04-20
7.11,,,construction,TASMA_USZCZELNIAJACA,,szt,0.2750,"budget,norm,lux",0,auto-fill (norma iz patterna kategorii); review,auto-fill (norma iz patterna kategorii); review,auto,AUTO-FILL FOR-04-20,,AUTO-FILL-FOR-04-20
7.11,,,finishing,FUGA_CEMENTOWA,,kg,0.4000,"budget,norm,lux",0,auto-fill (norma iz patterna kategorii); review,auto-fill (norma iz patterna kategorii); review,auto,AUTO-FILL FOR-04-20,,AUTO-FILL-FOR-04-20
7.11,,,finishing,FUGA_EPOKSYDOWA,,kg,0.5000,"budget,norm,lux",0,auto-fill (norma iz patterna kategorii); review,auto-fill (norma iz patterna kategorii); review,auto,AUTO-FILL FOR-04-20,,AUTO-FILL-FOR-04-20
7.12,,,construction,HYDROIZOLACJA,,kg,1.5000,"budget,norm,lux",0,auto-fill (norma iz patterna kategorii); review,auto-fill (norma iz patterna kategorii); review,auto,AUTO-FILL FOR-04-20,,AUTO-FILL-FOR-04-20
7.12,,,construction,NARZEDZIE_DIAMENTOWE,,szt,0.0500,"budget,norm,lux",0,auto-fill (norma iz patterna kategorii); review,auto-fill (norma iz patterna kategorii); review,auto,AUTO-FILL FOR-04-20,,AUTO-FILL-FOR-04-20
7.12,,,construction,SILIKON,,l,0.0300,"budget,norm,lux",0,auto-fill (norma iz patterna kategorii); review,auto-fill (norma iz patterna kategorii); review,auto,AUTO-FILL FOR-04-20,,AUTO-FILL-FOR-04-20
7.12,,,construction,TASMA_USZCZELNIAJACA,,szt,0.2750,"budget,norm,lux",0,auto-fill (norma iz patterna kategorii); review,auto-fill (norma iz patterna kategorii); review,auto,AUTO-FILL FOR-04-20,,AUTO-FILL-FOR-04-20
7.12,,,finishing,FUGA_CEMENTOWA,,kg,0.4000,"budget,norm,lux",0,auto-fill (norma iz patterna kategorii); review,auto-fill (norma iz patterna kategorii); review,auto,AUTO-FILL FOR-04-20,,AUTO-FILL-FOR-04-20
7.12,,,finishing,FUGA_EPOKSYDOWA,,kg,0.5000,"budget,norm,lux",0,auto-fill (norma iz patterna kategorii); review,auto-fill (norma iz patterna kategorii); review,auto,AUTO-FILL FOR-04-20,,AUTO-FILL-FOR-04-20
7.13,,,construction,HYDROIZOLACJA,,kg,1.5000,"budget,norm,lux",0,auto-fill (norma iz patterna kategorii); review,auto-fill (norma iz patterna kategorii); review,auto,AUTO-FILL FOR-04-20,,AUTO-FILL-FOR-04-20
7.13,,,construction,NARZEDZIE_DIAMENTOWE,,szt,0.0500,"budget,norm,lux",0,auto-fill (norma iz patterna kategorii); review,auto-fill (norma iz patterna kategorii); review,auto,AUTO-FILL FOR-04-20,,AUTO-FILL-FOR-04-20
7.13,,,construction,SILIKON,,l,0.0300,"budget,norm,lux",0,auto-fill (norma iz patterna kategorii); review,auto-fill (norma iz patterna kategorii); review,auto,AUTO-FILL FOR-04-20,,AUTO-FILL-FOR-04-20
7.13,,,construction,TASMA_USZCZELNIAJACA,,szt,0.2750,"budget,norm,lux",0,auto-fill (norma iz patterna kategorii); review,auto-fill (norma iz patterna kategorii); review,auto,AUTO-FILL FOR-04-20,,AUTO-FILL-FOR-04-20
7.13,,,finishing,FUGA_CEMENTOWA,,kg,0.4000,"budget,norm,lux",0,auto-fill (norma iz patterna kategorii); review,auto-fill (norma iz patterna kategorii); review,auto,AUTO-FILL FOR-04-20,,AUTO-FILL-FOR-04-20
7.13,,,finishing,FUGA_EPOKSYDOWA,,kg,0.5000,"budget,norm,lux",0,auto-fill (norma iz patterna kategorii); review,auto-fill (norma iz patterna kategorii); review,auto,AUTO-FILL FOR-04-20,,AUTO-FILL-FOR-04-20
7.14,,,construction,HYDROIZOLACJA,,kg,1.5000,"budget,norm,lux",0,auto-fill (norma iz patterna kategorii); review,auto-fill (norma iz patterna kategorii); review,auto,AUTO-FILL FOR-04-20,,AUTO-FILL-FOR-04-20
7.14,,,construction,NARZEDZIE_DIAMENTOWE,,szt,0.0500,"budget,norm,lux",0,auto-fill (norma iz patterna kategorii); review,auto-fill (norma iz patterna kategorii); review,auto,AUTO-FILL FOR-04-20,,AUTO-FILL-FOR-04-20
7.14,,,construction,SILIKON,,l,0.0300,"budget,norm,lux",0,auto-fill (norma iz patterna kategorii); review,auto-fill (norma iz patterna kategorii); review,auto,AUTO-FILL FOR-04-20,,AUTO-FILL-FOR-04-20
7.14,,,construction,TASMA_USZCZELNIAJACA,,szt,0.2750,"budget,norm,lux",0,auto-fill (norma iz patterna kategorii); review,auto-fill (norma iz patterna kategorii); review,auto,AUTO-FILL FOR-04-20,,AUTO-FILL-FOR-04-20
7.14,,,finishing,FUGA_CEMENTOWA,,kg,0.4000,"budget,norm,lux",0,auto-fill (norma iz patterna kategorii); review,auto-fill (norma iz patterna kategorii); review,auto,AUTO-FILL FOR-04-20,,AUTO-FILL-FOR-04-20
7.14,,,finishing,FUGA_EPOKSYDOWA,,kg,0.5000,"budget,norm,lux",0,auto-fill (norma iz patterna kategorii); review,auto-fill (norma iz patterna kategorii); review,auto,AUTO-FILL FOR-04-20,,AUTO-FILL-FOR-04-20
7.15,,,construction,HYDROIZOLACJA,,kg,1.5000,"budget,norm,lux",0,auto-fill (norma iz patterna kategorii); review,auto-fill (norma iz patterna kategorii); review,auto,AUTO-FILL FOR-04-20,,AUTO-FILL-FOR-04-20
7.15,,,construction,NARZEDZIE_DIAMENTOWE,,szt,0.0500,"budget,norm,lux",0,auto-fill (norma iz patterna kategorii); review,auto-fill (norma iz patterna kategorii); review,auto,AUTO-FILL FOR-04-20,,AUTO-FILL-FOR-04-20
7.15,,,construction,SILIKON,,l,0.0300,"budget,norm,lux",0,auto-fill (norma iz patterna kategorii); review,auto-fill (norma iz patterna kategorii); review,auto,AUTO-FILL FOR-04-20,,AUTO-FILL-FOR-04-20
7.15,,,construction,TASMA_USZCZELNIAJACA,,szt,0.2750,"budget,norm,lux",0,auto-fill (norma iz patterna kategorii); review,auto-fill (norma iz patterna kategorii); review,auto,AUTO-FILL FOR-04-20,,AUTO-FILL-FOR-04-20
7.15,,,finishing,FUGA_CEMENTOWA,,kg,0.4000,"budget,norm,lux",0,auto-fill (norma iz patterna kategorii); review,auto-fill (norma iz patterna kategorii); review,auto,AUTO-FILL FOR-04-20,,AUTO-FILL-FOR-04-20
7.15,,,finishing,FUGA_EPOKSYDOWA,,kg,0.5000,"budget,norm,lux",0,auto-fill (norma iz patterna kategorii); review,auto-fill (norma iz patterna kategorii); review,auto,AUTO-FILL FOR-04-20,,AUTO-FILL-FOR-04-20
7.16,,,construction,HYDROIZOLACJA,,kg,1.5000,"budget,norm,lux",0,auto-fill (norma iz patterna kategorii); review,auto-fill (norma iz patterna kategorii); review,auto,AUTO-FILL FOR-04-20,,AUTO-FILL-FOR-04-20
7.16,,,construction,NARZEDZIE_DIAMENTOWE,,szt,0.0500,"budget,norm,lux",0,auto-fill (norma iz patterna kategorii); review,auto-fill (norma iz patterna kategorii); review,auto,AUTO-FILL FOR-04-20,,AUTO-FILL-FOR-04-20
7.16,,,construction,SILIKON,,l,0.0300,"budget,norm,lux",0,auto-fill (norma iz patterna kategorii); review,auto-fill (norma iz patterna kategorii); review,auto,AUTO-FILL FOR-04-20,,AUTO-FILL-FOR-04-20
7.16,,,construction,TASMA_USZCZELNIAJACA,,szt,0.2750,"budget,norm,lux",0,auto-fill (norma iz patterna kategorii); review,auto-fill (norma iz patterna kategorii); review,auto,AUTO-FILL FOR-04-20,,AUTO-FILL-FOR-04-20
7.16,,,finishing,FUGA_CEMENTOWA,,kg,0.4000,"budget,norm,lux",0,auto-fill (norma iz patterna kategorii); review,auto-fill (norma iz patterna kategorii); review,auto,AUTO-FILL FOR-04-20,,AUTO-FILL-FOR-04-20
7.16,,,finishing,FUGA_EPOKSYDOWA,,kg,0.5000,"budget,norm,lux",0,auto-fill (norma iz patterna kategorii); review,auto-fill (norma iz patterna kategorii); review,auto,AUTO-FILL FOR-04-20,,AUTO-FILL-FOR-04-20
7.17,,,construction,HYDROIZOLACJA,,kg,1.5000,"budget,norm,lux",0,auto-fill (norma iz patterna kategorii); review,auto-fill (norma iz patterna kategorii); review,auto,AUTO-FILL FOR-04-20,,AUTO-FILL-FOR-04-20
7.17,,,construction,NARZEDZIE_DIAMENTOWE,,szt,0.0500,"budget,norm,lux",0,auto-fill (norma iz patterna kategorii); review,auto-fill (norma iz patterna kategorii); review,auto,AUTO-FILL FOR-04-20,,AUTO-FILL-FOR-04-20
7.17,,,construction,SILIKON,,l,0.0300,"budget,norm,lux",0,auto-fill (norma iz patterna kategorii); review,auto-fill (norma iz patterna kategorii); review,auto,AUTO-FILL FOR-04-20,,AUTO-FILL-FOR-04-20
7.17,,,construction,TASMA_USZCZELNIAJACA,,szt,0.2750,"budget,norm,lux",0,auto-fill (norma iz patterna kategorii); review,auto-fill (norma iz patterna kategorii); review,auto,AUTO-FILL FOR-04-20,,AUTO-FILL-FOR-04-20
7.17,,,finishing,FUGA_CEMENTOWA,,kg,0.4000,"budget,norm,lux",0,auto-fill (norma iz patterna kategorii); review,auto-fill (norma iz patterna kategorii); review,auto,AUTO-FILL FOR-04-20,,AUTO-FILL-FOR-04-20
7.17,,,finishing,FUGA_EPOKSYDOWA,,kg,0.5000,"budget,norm,lux",0,auto-fill (norma iz patterna kategorii); review,auto-fill (norma iz patterna kategorii); review,auto,AUTO-FILL FOR-04-20,,AUTO-FILL-FOR-04-20
7.18,,,construction,HYDROIZOLACJA,,kg,1.5000,"budget,norm,lux",0,auto-fill (norma iz patterna kategorii); review,auto-fill (norma iz patterna kategorii); review,auto,AUTO-FILL FOR-04-20,,AUTO-FILL-FOR-04-20
7.18,,,construction,NARZEDZIE_DIAMENTOWE,,szt,0.0500,"budget,norm,lux",0,auto-fill (norma iz patterna kategorii); review,auto-fill (norma iz patterna kategorii); review,auto,AUTO-FILL FOR-04-20,,AUTO-FILL-FOR-04-20
7.18,,,construction,SILIKON,,l,0.0300,"budget,norm,lux",0,auto-fill (norma iz patterna kategorii); review,auto-fill (norma iz patterna kategorii); review,auto,AUTO-FILL FOR-04-20,,AUTO-FILL-FOR-04-20
7.18,,,construction,TASMA_USZCZELNIAJACA,,szt,0.2750,"budget,norm,lux",0,auto-fill (norma iz patterna kategorii); review,auto-fill (norma iz patterna kategorii); review,auto,AUTO-FILL FOR-04-20,,AUTO-FILL-FOR-04-20
7.18,,,finishing,FUGA_CEMENTOWA,,kg,0.4000,"budget,norm,lux",0,auto-fill (norma iz patterna kategorii); review,auto-fill (norma iz patterna kategorii); review,auto,AUTO-FILL FOR-04-20,,AUTO-FILL-FOR-04-20
7.18,,,finishing,FUGA_EPOKSYDOWA,,kg,0.5000,"budget,norm,lux",0,auto-fill (norma iz patterna kategorii); review,auto-fill (norma iz patterna kategorii); review,auto,AUTO-FILL FOR-04-20,,AUTO-FILL-FOR-04-20
7.19,,,construction,HYDROIZOLACJA,,kg,1.5000,"budget,norm,lux",0,auto-fill (norma iz patterna kategorii); review,auto-fill (norma iz patterna kategorii); review,auto,AUTO-FILL FOR-04-20,,AUTO-FILL-FOR-04-20
7.19,,,construction,KLEJ_DO_PLYTEK,,kg,3.2500,"budget,norm,lux",0,auto-fill (norma iz patterna kategorii); review,auto-fill (norma iz patterna kategorii); review,auto,AUTO-FILL FOR-04-20,,AUTO-FILL-FOR-04-20
7.19,,,construction,NARZEDZIE_DIAMENTOWE,,szt,0.0500,"budget,norm,lux",0,auto-fill (norma iz patterna kategorii); review,auto-fill (norma iz patterna kategorii); review,auto,AUTO-FILL FOR-04-20,,AUTO-FILL-FOR-04-20
7.19,,,construction,SILIKON,,l,0.0300,"budget,norm,lux",0,auto-fill (norma iz patterna kategorii); review,auto-fill (norma iz patterna kategorii); review,auto,AUTO-FILL FOR-04-20,,AUTO-FILL-FOR-04-20
7.19,,,construction,TASMA_USZCZELNIAJACA,,szt,0.2750,"budget,norm,lux",0,auto-fill (norma iz patterna kategorii); review,auto-fill (norma iz patterna kategorii); review,auto,AUTO-FILL FOR-04-20,,AUTO-FILL-FOR-04-20
7.19,,,finishing,FUGA_EPOKSYDOWA,,kg,0.5000,"budget,norm,lux",0,auto-fill (norma iz patterna kategorii); review,auto-fill (norma iz patterna kategorii); review,auto,AUTO-FILL FOR-04-20,,AUTO-FILL-FOR-04-20
7.19,,,finishing,KLEJ_DO_PLYTEK,,kg,5.0000,"budget,norm,lux",0,auto-fill (norma iz patterna kategorii); review,auto-fill (norma iz patterna kategorii); review,auto,AUTO-FILL FOR-04-20,,AUTO-FILL-FOR-04-20
7.20,,,construction,HYDROIZOLACJA,,kg,1.5000,"budget,norm,lux",0,auto-fill (norma iz patterna kategorii); review,auto-fill (norma iz patterna kategorii); review,auto,AUTO-FILL FOR-04-20,,AUTO-FILL-FOR-04-20
7.20,,,construction,KLEJ_DO_PLYTEK,,kg,3.2500,"budget,norm,lux",0,auto-fill (norma iz patterna kategorii); review,auto-fill (norma iz patterna kategorii); review,auto,AUTO-FILL FOR-04-20,,AUTO-FILL-FOR-04-20
7.20,,,construction,NARZEDZIE_DIAMENTOWE,,szt,0.0500,"budget,norm,lux",0,auto-fill (norma iz patterna kategorii); review,auto-fill (norma iz patterna kategorii); review,auto,AUTO-FILL FOR-04-20,,AUTO-FILL-FOR-04-20
7.20,,,construction,SILIKON,,l,0.0300,"budget,norm,lux",0,auto-fill (norma iz patterna kategorii); review,auto-fill (norma iz patterna kategorii); review,auto,AUTO-FILL FOR-04-20,,AUTO-FILL-FOR-04-20
7.20,,,construction,TASMA_USZCZELNIAJACA,,szt,0.2750,"budget,norm,lux",0,auto-fill (norma iz patterna kategorii); review,auto-fill (norma iz patterna kategorii); review,auto,AUTO-FILL FOR-04-20,,AUTO-FILL-FOR-04-20
7.20,,,finishing,FUGA_CEMENTOWA,,kg,0.4000,"budget,norm,lux",0,auto-fill (norma iz patterna kategorii); review,auto-fill (norma iz patterna kategorii); review,auto,AUTO-FILL FOR-04-20,,AUTO-FILL-FOR-04-20
7.20,,,finishing,KLEJ_DO_PLYTEK,,kg,5.0000,"budget,norm,lux",0,auto-fill (norma iz patterna kategorii); review,auto-fill (norma iz patterna kategorii); review,auto,AUTO-FILL FOR-04-20,,AUTO-FILL-FOR-04-20
7.21,,,construction,HYDROIZOLACJA,,kg,1.5000,"budget,norm,lux",0,auto-fill (norma iz patterna kategorii); review,auto-fill (norma iz patterna kategorii); review,auto,AUTO-FILL FOR-04-20,,AUTO-FILL-FOR-04-20
7.21,,,construction,KLEJ_DO_PLYTEK,,kg,3.2500,"budget,norm,lux",0,auto-fill (norma iz patterna kategorii); review,auto-fill (norma iz patterna kategorii); review,auto,AUTO-FILL FOR-04-20,,AUTO-FILL-FOR-04-20
7.21,,,construction,NARZEDZIE_DIAMENTOWE,,szt,0.0500,"budget,norm,lux",0,auto-fill (norma iz patterna kategorii); review,auto-fill (norma iz patterna kategorii); review,auto,AUTO-FILL FOR-04-20,,AUTO-FILL-FOR-04-20
7.21,,,construction,SILIKON,,l,0.0300,"budget,norm,lux",0,auto-fill (norma iz patterna kategorii); review,auto-fill (norma iz patterna kategorii); review,auto,AUTO-FILL FOR-04-20,,AUTO-FILL-FOR-04-20
7.21,,,construction,TASMA_USZCZELNIAJACA,,szt,0.2750,"budget,norm,lux",0,auto-fill (norma iz patterna kategorii); review,auto-fill (norma iz patterna kategorii); review,auto,AUTO-FILL FOR-04-20,,AUTO-FILL-FOR-04-20
7.21,,,finishing,FUGA_EPOKSYDOWA,,kg,0.5000,"budget,norm,lux",0,auto-fill (norma iz patterna kategorii); review,auto-fill (norma iz patterna kategorii); review,auto,AUTO-FILL FOR-04-20,,AUTO-FILL-FOR-04-20
7.21,,,finishing,KLEJ_DO_PLYTEK,,kg,5.0000,"budget,norm,lux",0,auto-fill (norma iz patterna kategorii); review,auto-fill (norma iz patterna kategorii); review,auto,AUTO-FILL FOR-04-20,,AUTO-FILL-FOR-04-20
7.22,,,construction,HYDROIZOLACJA,,kg,1.5000,"budget,norm,lux",0,auto-fill (norma iz patterna kategorii); review,auto-fill (norma iz patterna kategorii); review,auto,AUTO-FILL FOR-04-20,,AUTO-FILL-FOR-04-20
7.22,,,construction,KLEJ_DO_PLYTEK,,kg,3.2500,"budget,norm,lux",0,auto-fill (norma iz patterna kategorii); review,auto-fill (norma iz patterna kategorii); review,auto,AUTO-FILL FOR-04-20,,AUTO-FILL-FOR-04-20
7.22,,,construction,NARZEDZIE_DIAMENTOWE,,szt,0.0500,"budget,norm,lux",0,auto-fill (norma iz patterna kategorii); review,auto-fill (norma iz patterna kategorii); review,auto,AUTO-FILL FOR-04-20,,AUTO-FILL-FOR-04-20
7.22,,,construction,SILIKON,,l,0.0300,"budget,norm,lux",0,auto-fill (norma iz patterna kategorii); review,auto-fill (norma iz patterna kategorii); review,auto,AUTO-FILL FOR-04-20,,AUTO-FILL-FOR-04-20
7.22,,,construction,TASMA_USZCZELNIAJACA,,szt,0.2750,"budget,norm,lux",0,auto-fill (norma iz patterna kategorii); review,auto-fill (norma iz patterna kategorii); review,auto,AUTO-FILL FOR-04-20,,AUTO-FILL-FOR-04-20
7.22,,,finishing,FUGA_CEMENTOWA,,kg,0.4000,"budget,norm,lux",0,auto-fill (norma iz patterna kategorii); review,auto-fill (norma iz patterna kategorii); review,auto,AUTO-FILL FOR-04-20,,AUTO-FILL-FOR-04-20
7.22,,,finishing,KLEJ_DO_PLYTEK,,kg,5.0000,"budget,norm,lux",0,auto-fill (norma iz patterna kategorii); review,auto-fill (norma iz patterna kategorii); review,auto,AUTO-FILL FOR-04-20,,AUTO-FILL-FOR-04-20
7.23,,,construction,HYDROIZOLACJA,,kg,1.5000,"budget,norm,lux",0,auto-fill (norma iz patterna kategorii); review,auto-fill (norma iz patterna kategorii); review,auto,AUTO-FILL FOR-04-20,,AUTO-FILL-FOR-04-20
7.23,,,construction,KLEJ_DO_PLYTEK,,kg,3.2500,"budget,norm,lux",0,auto-fill (norma iz patterna kategorii); review,auto-fill (norma iz patterna kategorii); review,auto,AUTO-FILL FOR-04-20,,AUTO-FILL-FOR-04-20
7.23,,,construction,NARZEDZIE_DIAMENTOWE,,szt,0.0500,"budget,norm,lux",0,auto-fill (norma iz patterna kategorii); review,auto-fill (norma iz patterna kategorii); review,auto,AUTO-FILL FOR-04-20,,AUTO-FILL-FOR-04-20
7.23,,,construction,SILIKON,,l,0.0300,"budget,norm,lux",0,auto-fill (norma iz patterna kategorii); review,auto-fill (norma iz patterna kategorii); review,auto,AUTO-FILL FOR-04-20,,AUTO-FILL-FOR-04-20
7.23,,,construction,TASMA_USZCZELNIAJACA,,szt,0.2750,"budget,norm,lux",0,auto-fill (norma iz patterna kategorii); review,auto-fill (norma iz patterna kategorii); review,auto,AUTO-FILL FOR-04-20,,AUTO-FILL-FOR-04-20
7.23,,,finishing,FUGA_CEMENTOWA,,kg,0.4000,"budget,norm,lux",0,auto-fill (norma iz patterna kategorii); review,auto-fill (norma iz patterna kategorii); review,auto,AUTO-FILL FOR-04-20,,AUTO-FILL-FOR-04-20
7.23,,,finishing,KLEJ_DO_PLYTEK,,kg,5.0000,"budget,norm,lux",0,auto-fill (norma iz patterna kategorii); review,auto-fill (norma iz patterna kategorii); review,auto,AUTO-FILL FOR-04-20,,AUTO-FILL-FOR-04-20
7.24,,,construction,HYDROIZOLACJA,,kg,1.5000,"budget,norm,lux",0,auto-fill (norma iz patterna kategorii); review,auto-fill (norma iz patterna kategorii); review,auto,AUTO-FILL FOR-04-20,,AUTO-FILL-FOR-04-20
7.24,,,construction,KLEJ_DO_PLYTEK,,kg,3.2500,"budget,norm,lux",0,auto-fill (norma iz patterna kategorii); review,auto-fill (norma iz patterna kategorii); review,auto,AUTO-FILL FOR-04-20,,AUTO-FILL-FOR-04-20
7.24,,,construction,SILIKON,,l,0.0300,"budget,norm,lux",0,auto-fill (norma iz patterna kategorii); review,auto-fill (norma iz patterna kategorii); review,auto,AUTO-FILL FOR-04-20,,AUTO-FILL-FOR-04-20
7.24,,,construction,TASMA_USZCZELNIAJACA,,szt,0.2750,"budget,norm,lux",0,auto-fill (norma iz patterna kategorii); review,auto-fill (norma iz patterna kategorii); review,auto,AUTO-FILL FOR-04-20,,AUTO-FILL-FOR-04-20
7.24,,,finishing,FUGA_CEMENTOWA,,kg,0.4000,"budget,norm,lux",0,auto-fill (norma iz patterna kategorii); review,auto-fill (norma iz patterna kategorii); review,auto,AUTO-FILL FOR-04-20,,AUTO-FILL-FOR-04-20
7.24,,,finishing,FUGA_EPOKSYDOWA,,kg,0.5000,"budget,norm,lux",0,auto-fill (norma iz patterna kategorii); review,auto-fill (norma iz patterna kategorii); review,auto,AUTO-FILL FOR-04-20,,AUTO-FILL-FOR-04-20
7.24,,,finishing,KLEJ_DO_PLYTEK,,kg,5.0000,"budget,norm,lux",0,auto-fill (norma iz patterna kategorii); review,auto-fill (norma iz patterna kategorii); review,auto,AUTO-FILL FOR-04-20,,AUTO-FILL-FOR-04-20
7.25,,,construction,HYDROIZOLACJA,,kg,1.5000,"budget,norm,lux",0,auto-fill (norma iz patterna kategorii); review,auto-fill (norma iz patterna kategorii); review,auto,AUTO-FILL FOR-04-20,,AUTO-FILL-FOR-04-20
7.25,,,construction,KLEJ_DO_PLYTEK,,kg,3.2500,"budget,norm,lux",0,auto-fill (norma iz patterna kategorii); review,auto-fill (norma iz patterna kategorii); review,auto,AUTO-FILL FOR-04-20,,AUTO-FILL-FOR-04-20
7.25,,,construction,SILIKON,,l,0.0300,"budget,norm,lux",0,auto-fill (norma iz patterna kategorii); review,auto-fill (norma iz patterna kategorii); review,auto,AUTO-FILL FOR-04-20,,AUTO-FILL-FOR-04-20
7.25,,,construction,TASMA_USZCZELNIAJACA,,szt,0.2750,"budget,norm,lux",0,auto-fill (norma iz patterna kategorii); review,auto-fill (norma iz patterna kategorii); review,auto,AUTO-FILL FOR-04-20,,AUTO-FILL-FOR-04-20
7.25,,,finishing,FUGA_CEMENTOWA,,kg,0.4000,"budget,norm,lux",0,auto-fill (norma iz patterna kategorii); review,auto-fill (norma iz patterna kategorii); review,auto,AUTO-FILL FOR-04-20,,AUTO-FILL-FOR-04-20
7.25,,,finishing,FUGA_EPOKSYDOWA,,kg,0.5000,"budget,norm,lux",0,auto-fill (norma iz patterna kategorii); review,auto-fill (norma iz patterna kategorii); review,auto,AUTO-FILL FOR-04-20,,AUTO-FILL-FOR-04-20
7.25,,,finishing,KLEJ_DO_PLYTEK,,kg,5.0000,"budget,norm,lux",0,auto-fill (norma iz patterna kategorii); review,auto-fill (norma iz patterna kategorii); review,auto,AUTO-FILL FOR-04-20,,AUTO-FILL-FOR-04-20
7.26,,,construction,HYDROIZOLACJA,,kg,1.5000,"budget,norm,lux",0,auto-fill (norma iz patterna kategorii); review,auto-fill (norma iz patterna kategorii); review,auto,AUTO-FILL FOR-04-20,,AUTO-FILL-FOR-04-20
7.26,,,construction,KLEJ_DO_PLYTEK,,kg,3.2500,"budget,norm,lux",0,auto-fill (norma iz patterna kategorii); review,auto-fill (norma iz patterna kategorii); review,auto,AUTO-FILL FOR-04-20,,AUTO-FILL-FOR-04-20
7.26,,,construction,SILIKON,,l,0.0300,"budget,norm,lux",0,auto-fill (norma iz patterna kategorii); review,auto-fill (norma iz patterna kategorii); review,auto,AUTO-FILL FOR-04-20,,AUTO-FILL-FOR-04-20
7.26,,,construction,TASMA_USZCZELNIAJACA,,szt,0.2750,"budget,norm,lux",0,auto-fill (norma iz patterna kategorii); review,auto-fill (norma iz patterna kategorii); review,auto,AUTO-FILL FOR-04-20,,AUTO-FILL-FOR-04-20
7.26,,,finishing,FUGA_CEMENTOWA,,kg,0.4000,"budget,norm,lux",0,auto-fill (norma iz patterna kategorii); review,auto-fill (norma iz patterna kategorii); review,auto,AUTO-FILL FOR-04-20,,AUTO-FILL-FOR-04-20
7.26,,,finishing,FUGA_EPOKSYDOWA,,kg,0.5000,"budget,norm,lux",0,auto-fill (norma iz patterna kategorii); review,auto-fill (norma iz patterna kategorii); review,auto,AUTO-FILL FOR-04-20,,AUTO-FILL-FOR-04-20
7.26,,,finishing,KLEJ_DO_PLYTEK,,kg,5.0000,"budget,norm,lux",0,auto-fill (norma iz patterna kategorii); review,auto-fill (norma iz patterna kategorii); review,auto,AUTO-FILL FOR-04-20,,AUTO-FILL-FOR-04-20
7.27,,,construction,HYDROIZOLACJA,,kg,1.5000,"budget,norm,lux",0,auto-fill (norma iz patterna kategorii); review,auto-fill (norma iz patterna kategorii); review,auto,AUTO-FILL FOR-04-20,,AUTO-FILL-FOR-04-20
7.27,,,construction,KLEJ_DO_PLYTEK,,kg,3.2500,"budget,norm,lux",0,auto-fill (norma iz patterna kategorii); review,auto-fill (norma iz patterna kategorii); review,auto,AUTO-FILL FOR-04-20,,AUTO-FILL-FOR-04-20
7.27,,,construction,SILIKON,,l,0.0300,"budget,norm,lux",0,auto-fill (norma iz patterna kategorii); review,auto-fill (norma iz patterna kategorii); review,auto,AUTO-FILL FOR-04-20,,AUTO-FILL-FOR-04-20
7.27,,,construction,TASMA_USZCZELNIAJACA,,szt,0.2750,"budget,norm,lux",0,auto-fill (norma iz patterna kategorii); review,auto-fill (norma iz patterna kategorii); review,auto,AUTO-FILL FOR-04-20,,AUTO-FILL-FOR-04-20
7.27,,,finishing,FUGA_CEMENTOWA,,kg,0.4000,"budget,norm,lux",0,auto-fill (norma iz patterna kategorii); review,auto-fill (norma iz patterna kategorii); review,auto,AUTO-FILL FOR-04-20,,AUTO-FILL-FOR-04-20
7.27,,,finishing,FUGA_EPOKSYDOWA,,kg,0.5000,"budget,norm,lux",0,auto-fill (norma iz patterna kategorii); review,auto-fill (norma iz patterna kategorii); review,auto,AUTO-FILL FOR-04-20,,AUTO-FILL-FOR-04-20
7.27,,,finishing,KLEJ_DO_PLYTEK,,kg,5.0000,"budget,norm,lux",0,auto-fill (norma iz patterna kategorii); review,auto-fill (norma iz patterna kategorii); review,auto,AUTO-FILL FOR-04-20,,AUTO-FILL-FOR-04-20
7.28,,,construction,HYDROIZOLACJA,,kg,1.5000,"budget,norm,lux",0,auto-fill (norma iz patterna kategorii); review,auto-fill (norma iz patterna kategorii); review,auto,AUTO-FILL FOR-04-20,,AUTO-FILL-FOR-04-20
7.28,,,construction,KLEJ_DO_PLYTEK,,kg,3.2500,"budget,norm,lux",0,auto-fill (norma iz patterna kategorii); review,auto-fill (norma iz patterna kategorii); review,auto,AUTO-FILL FOR-04-20,,AUTO-FILL-FOR-04-20
7.28,,,construction,NARZEDZIE_DIAMENTOWE,,szt,0.0500,"budget,norm,lux",0,auto-fill (norma iz patterna kategorii); review,auto-fill (norma iz patterna kategorii); review,auto,AUTO-FILL FOR-04-20,,AUTO-FILL-FOR-04-20
7.28,,,construction,TASMA_USZCZELNIAJACA,,szt,0.2750,"budget,norm,lux",0,auto-fill (norma iz patterna kategorii); review,auto-fill (norma iz patterna kategorii); review,auto,AUTO-FILL FOR-04-20,,AUTO-FILL-FOR-04-20
7.28,,,finishing,FUGA_CEMENTOWA,,kg,0.4000,"budget,norm,lux",0,auto-fill (norma iz patterna kategorii); review,auto-fill (norma iz patterna kategorii); review,auto,AUTO-FILL FOR-04-20,,AUTO-FILL-FOR-04-20
7.28,,,finishing,FUGA_EPOKSYDOWA,,kg,0.5000,"budget,norm,lux",0,auto-fill (norma iz patterna kategorii); review,auto-fill (norma iz patterna kategorii); review,auto,AUTO-FILL FOR-04-20,,AUTO-FILL-FOR-04-20
7.28,,,finishing,KLEJ_DO_PLYTEK,,kg,5.0000,"budget,norm,lux",0,auto-fill (norma iz patterna kategorii); review,auto-fill (norma iz patterna kategorii); review,auto,AUTO-FILL FOR-04-20,,AUTO-FILL-FOR-04-20
8.01,,,construction,GLADZ_GIPSOWA,,kg,1.4000,"budget,norm,lux",0,auto-fill (norma iz patterna kategorii); review,auto-fill (norma iz patterna kategorii); review,auto,AUTO-FILL FOR-04-20,,AUTO-FILL-FOR-04-20
8.01,,,construction,GLADZ_GOTOWA_MASA,,kg,1.2000,"budget,norm,lux",0,auto-fill (norma iz patterna kategorii); review,auto-fill (norma iz patterna kategorii); review,auto,AUTO-FILL FOR-04-20,,AUTO-FILL-FOR-04-20
8.01,,,construction,GLADZ_POLIMEROWA,,kg,1.3000,"budget,norm,lux",0,auto-fill (norma iz patterna kategorii); review,auto-fill (norma iz patterna kategorii); review,auto,AUTO-FILL FOR-04-20,,AUTO-FILL-FOR-04-20
8.01,,,construction,PAPIER_SCIERNY,,szt,0.2250,"budget,norm,lux",0,auto-fill (norma iz patterna kategorii); review,auto-fill (norma iz patterna kategorii); review,auto,AUTO-FILL FOR-04-20,,AUTO-FILL-FOR-04-20
8.02,,,construction,GLADZ_GIPSOWA,,kg,1.4000,"budget,norm,lux",0,auto-fill (norma iz patterna kategorii); review,auto-fill (norma iz patterna kategorii); review,auto,AUTO-FILL FOR-04-20,,AUTO-FILL-FOR-04-20
8.02,,,construction,GLADZ_GOTOWA_MASA,,kg,1.2000,"budget,norm,lux",0,auto-fill (norma iz patterna kategorii); review,auto-fill (norma iz patterna kategorii); review,auto,AUTO-FILL FOR-04-20,,AUTO-FILL-FOR-04-20
8.02,,,construction,GLADZ_POLIMEROWA,,kg,1.3000,"budget,norm,lux",0,auto-fill (norma iz patterna kategorii); review,auto-fill (norma iz patterna kategorii); review,auto,AUTO-FILL FOR-04-20,,AUTO-FILL-FOR-04-20
8.02,,,construction,PAPIER_SCIERNY,,szt,0.2250,"budget,norm,lux",0,auto-fill (norma iz patterna kategorii); review,auto-fill (norma iz patterna kategorii); review,auto,AUTO-FILL FOR-04-20,,AUTO-FILL-FOR-04-20
8.03,,,construction,GLADZ_GIPSOWA,,kg,1.4000,"budget,norm,lux",0,auto-fill (norma iz patterna kategorii); review,auto-fill (norma iz patterna kategorii); review,auto,AUTO-FILL FOR-04-20,,AUTO-FILL-FOR-04-20
8.03,,,construction,GLADZ_GOTOWA_MASA,,kg,1.2000,"budget,norm,lux",0,auto-fill (norma iz patterna kategorii); review,auto-fill (norma iz patterna kategorii); review,auto,AUTO-FILL FOR-04-20,,AUTO-FILL-FOR-04-20
8.03,,,construction,GLADZ_POLIMEROWA,,kg,1.3000,"budget,norm,lux",0,auto-fill (norma iz patterna kategorii); review,auto-fill (norma iz patterna kategorii); review,auto,AUTO-FILL FOR-04-20,,AUTO-FILL-FOR-04-20
8.03,,,construction,PAPIER_SCIERNY,,szt,0.2250,"budget,norm,lux",0,auto-fill (norma iz patterna kategorii); review,auto-fill (norma iz patterna kategorii); review,auto,AUTO-FILL FOR-04-20,,AUTO-FILL-FOR-04-20
8.04,,,construction,GLADZ_GIPSOWA,,kg,1.4000,"budget,norm,lux",0,auto-fill (norma iz patterna kategorii); review,auto-fill (norma iz patterna kategorii); review,auto,AUTO-FILL FOR-04-20,,AUTO-FILL-FOR-04-20
8.04,,,construction,GLADZ_GOTOWA_MASA,,kg,1.2000,"budget,norm,lux",0,auto-fill (norma iz patterna kategorii); review,auto-fill (norma iz patterna kategorii); review,auto,AUTO-FILL FOR-04-20,,AUTO-FILL-FOR-04-20
8.04,,,construction,GLADZ_POLIMEROWA,,kg,1.3000,"budget,norm,lux",0,auto-fill (norma iz patterna kategorii); review,auto-fill (norma iz patterna kategorii); review,auto,AUTO-FILL FOR-04-20,,AUTO-FILL-FOR-04-20
8.04,,,construction,GRUNT_UNIWERSALNY,,l,0.1500,"budget,norm,lux",0,auto-fill (norma iz patterna kategorii); review,auto-fill (norma iz patterna kategorii); review,auto,AUTO-FILL FOR-04-20,,AUTO-FILL-FOR-04-20
8.05,,,construction,GLADZ_GIPSOWA,,kg,1.4000,"budget,norm,lux",0,auto-fill (norma iz patterna kategorii); review,auto-fill (norma iz patterna kategorii); review,auto,AUTO-FILL FOR-04-20,,AUTO-FILL-FOR-04-20
8.05,,,construction,GLADZ_GOTOWA_MASA,,kg,1.2000,"budget,norm,lux",0,auto-fill (norma iz patterna kategorii); review,auto-fill (norma iz patterna kategorii); review,auto,AUTO-FILL FOR-04-20,,AUTO-FILL-FOR-04-20
8.05,,,construction,GLADZ_POLIMEROWA,,kg,1.3000,"budget,norm,lux",0,auto-fill (norma iz patterna kategorii); review,auto-fill (norma iz patterna kategorii); review,auto,AUTO-FILL FOR-04-20,,AUTO-FILL-FOR-04-20
8.05,,,construction,GRUNT_UNIWERSALNY,,l,0.1500,"budget,norm,lux",0,auto-fill (norma iz patterna kategorii); review,auto-fill (norma iz patterna kategorii); review,auto,AUTO-FILL FOR-04-20,,AUTO-FILL-FOR-04-20
8.06,,,construction,GLADZ_GIPSOWA,,kg,1.4000,"budget,norm,lux",0,auto-fill (norma iz patterna kategorii); review,auto-fill (norma iz patterna kategorii); review,auto,AUTO-FILL FOR-04-20,,AUTO-FILL-FOR-04-20
8.06,,,construction,GLADZ_GOTOWA_MASA,,kg,1.2000,"budget,norm,lux",0,auto-fill (norma iz patterna kategorii); review,auto-fill (norma iz patterna kategorii); review,auto,AUTO-FILL FOR-04-20,,AUTO-FILL-FOR-04-20
8.06,,,construction,GLADZ_POLIMEROWA,,kg,1.3000,"budget,norm,lux",0,auto-fill (norma iz patterna kategorii); review,auto-fill (norma iz patterna kategorii); review,auto,AUTO-FILL FOR-04-20,,AUTO-FILL-FOR-04-20
8.06,,,construction,GRUNT_UNIWERSALNY,,l,0.1500,"budget,norm,lux",0,auto-fill (norma iz patterna kategorii); review,auto-fill (norma iz patterna kategorii); review,auto,AUTO-FILL FOR-04-20,,AUTO-FILL-FOR-04-20
8.07,,,construction,GRUNT_UNIWERSALNY,,l,0.1500,"budget,norm,lux",0,auto-fill (norma iz patterna kategorii); review,auto-fill (norma iz patterna kategorii); review,auto,AUTO-FILL FOR-04-20,,AUTO-FILL-FOR-04-20
8.07,,,construction,PAPIER_SCIERNY,,szt,0.2250,"budget,norm,lux",0,auto-fill (norma iz patterna kategorii); review,auto-fill (norma iz patterna kategorii); review,auto,AUTO-FILL FOR-04-20,,AUTO-FILL-FOR-04-20
8.08,,,construction,GRUNT_UNIWERSALNY,,l,0.1500,"budget,norm,lux",0,auto-fill (norma iz patterna kategorii); review,auto-fill (norma iz patterna kategorii); review,auto,AUTO-FILL FOR-04-20,,AUTO-FILL-FOR-04-20
8.08,,,construction,PAPIER_SCIERNY,,szt,0.2250,"budget,norm,lux",0,auto-fill (norma iz patterna kategorii); review,auto-fill (norma iz patterna kategorii); review,auto,AUTO-FILL FOR-04-20,,AUTO-FILL-FOR-04-20
8.09,,,construction,GRUNT_UNIWERSALNY,,l,0.1500,"budget,norm,lux",0,auto-fill (norma iz patterna kategorii); review,auto-fill (norma iz patterna kategorii); review,auto,AUTO-FILL FOR-04-20,,AUTO-FILL-FOR-04-20
8.09,,,construction,PAPIER_SCIERNY,,szt,0.2250,"budget,norm,lux",0,auto-fill (norma iz patterna kategorii); review,auto-fill (norma iz patterna kategorii); review,auto,AUTO-FILL FOR-04-20,,AUTO-FILL-FOR-04-20
8.10,,,construction,GRUNT_UNIWERSALNY,,l,0.1500,"budget,norm,lux",0,auto-fill (norma iz patterna kategorii); review,auto-fill (norma iz patterna kategorii); review,auto,AUTO-FILL FOR-04-20,,AUTO-FILL-FOR-04-20
8.10,,,construction,PAPIER_SCIERNY,,szt,0.2250,"budget,norm,lux",0,auto-fill (norma iz patterna kategorii); review,auto-fill (norma iz patterna kategorii); review,auto,AUTO-FILL FOR-04-20,,AUTO-FILL-FOR-04-20
8.11,,,construction,GRUNT_UNIWERSALNY,,l,0.1500,"budget,norm,lux",0,auto-fill (norma iz patterna kategorii); review,auto-fill (norma iz patterna kategorii); review,auto,AUTO-FILL FOR-04-20,,AUTO-FILL-FOR-04-20
8.11,,,construction,PAPIER_SCIERNY,,szt,0.2250,"budget,norm,lux",0,auto-fill (norma iz patterna kategorii); review,auto-fill (norma iz patterna kategorii); review,auto,AUTO-FILL FOR-04-20,,AUTO-FILL-FOR-04-20
8.12,,,construction,GRUNT_UNIWERSALNY,,l,0.1500,"budget,norm,lux",0,auto-fill (norma iz patterna kategorii); review,auto-fill (norma iz patterna kategorii); review,auto,AUTO-FILL FOR-04-20,,AUTO-FILL-FOR-04-20
8.12,,,construction,PAPIER_SCIERNY,,szt,0.2250,"budget,norm,lux",0,auto-fill (norma iz patterna kategorii); review,auto-fill (norma iz patterna kategorii); review,auto,AUTO-FILL FOR-04-20,,AUTO-FILL-FOR-04-20
8.13,,,construction,GRUNT_UNIWERSALNY,,l,0.1500,"budget,norm,lux",0,auto-fill (norma iz patterna kategorii); review,auto-fill (norma iz patterna kategorii); review,auto,AUTO-FILL FOR-04-20,,AUTO-FILL-FOR-04-20
8.13,,,construction,PAPIER_SCIERNY,,szt,0.2250,"budget,norm,lux",0,auto-fill (norma iz patterna kategorii); review,auto-fill (norma iz patterna kategorii); review,auto,AUTO-FILL FOR-04-20,,AUTO-FILL-FOR-04-20
8.14,,,construction,GRUNT_UNIWERSALNY,,l,0.1500,"budget,norm,lux",0,auto-fill (norma iz patterna kategorii); review,auto-fill (norma iz patterna kategorii); review,auto,AUTO-FILL FOR-04-20,,AUTO-FILL-FOR-04-20
8.14,,,construction,PAPIER_SCIERNY,,szt,0.2250,"budget,norm,lux",0,auto-fill (norma iz patterna kategorii); review,auto-fill (norma iz patterna kategorii); review,auto,AUTO-FILL FOR-04-20,,AUTO-FILL-FOR-04-20
8.15,,,construction,GRUNT_UNIWERSALNY,,l,0.1500,"budget,norm,lux",0,auto-fill (norma iz patterna kategorii); review,auto-fill (norma iz patterna kategorii); review,auto,AUTO-FILL FOR-04-20,,AUTO-FILL-FOR-04-20
8.15,,,construction,PAPIER_SCIERNY,,szt,0.2250,"budget,norm,lux",0,auto-fill (norma iz patterna kategorii); review,auto-fill (norma iz patterna kategorii); review,auto,AUTO-FILL FOR-04-20,,AUTO-FILL-FOR-04-20
8.16,,,construction,GRUNT_UNIWERSALNY,,l,0.1500,"budget,norm,lux",0,auto-fill (norma iz patterna kategorii); review,auto-fill (norma iz patterna kategorii); review,auto,AUTO-FILL FOR-04-20,,AUTO-FILL-FOR-04-20
8.16,,,construction,PAPIER_SCIERNY,,szt,0.2250,"budget,norm,lux",0,auto-fill (norma iz patterna kategorii); review,auto-fill (norma iz patterna kategorii); review,auto,AUTO-FILL FOR-04-20,,AUTO-FILL-FOR-04-20
9.01,,,construction,AKRYL,,l,0.0200,"budget,norm,lux",0,auto-fill (norma iz patterna kategorii); review,auto-fill (norma iz patterna kategorii); review,auto,AUTO-FILL FOR-04-20,,AUTO-FILL-FOR-04-20
9.01,,,construction,GRUNT_MALARSKI,,l,0.1000,"budget,norm,lux",0,auto-fill (norma iz patterna kategorii); review,auto-fill (norma iz patterna kategorii); review,auto,AUTO-FILL FOR-04-20,,AUTO-FILL-FOR-04-20
9.01,,,construction,KLEJ_DO_TAPET,,kg,0.3500,"budget,norm,lux",0,auto-fill (norma iz patterna kategorii); review,auto-fill (norma iz patterna kategorii); review,auto,AUTO-FILL FOR-04-20,,AUTO-FILL-FOR-04-20
9.01,,,construction,KLEJ_MONTAZOWY,,l,0.0300,"budget,norm,lux",0,auto-fill (norma iz patterna kategorii); review,auto-fill (norma iz patterna kategorii); review,auto,AUTO-FILL FOR-04-20,,AUTO-FILL-FOR-04-20
9.01,,,finishing,FARBA_DEKORACYJNA,,l,0.0950,"budget,norm,lux",0,auto-fill (norma iz patterna kategorii); review,auto-fill (norma iz patterna kategorii); review,auto,AUTO-FILL FOR-04-20,,AUTO-FILL-FOR-04-20
9.01,,,finishing,FARBA_DEKORACYJNA_KOLOR,,l,0.2000,"budget,norm,lux",0,auto-fill (norma iz patterna kategorii); review,auto-fill (norma iz patterna kategorii); review,auto,AUTO-FILL FOR-04-20,,AUTO-FILL-FOR-04-20
9.01,,,finishing,LAMELE_SCIENNE,,m2,1.0500,"budget,norm,lux",0,auto-fill (norma iz patterna kategorii); review,auto-fill (norma iz patterna kategorii); review,auto,AUTO-FILL FOR-04-20,,AUTO-FILL-FOR-04-20
9.01,,,finishing,SZTUKATERIA,,mb,1.0500,"budget,norm,lux",0,auto-fill (norma iz patterna kategorii); review,auto-fill (norma iz patterna kategorii); review,auto,AUTO-FILL FOR-04-20,,AUTO-FILL-FOR-04-20
9.02,,,construction,AKRYL,,l,0.0200,"budget,norm,lux",0,auto-fill (norma iz patterna kategorii); review,auto-fill (norma iz patterna kategorii); review,auto,AUTO-FILL FOR-04-20,,AUTO-FILL-FOR-04-20
9.02,,,construction,KLEJ_DO_TAPET,,kg,0.3500,"budget,norm,lux",0,auto-fill (norma iz patterna kategorii); review,auto-fill (norma iz patterna kategorii); review,auto,AUTO-FILL FOR-04-20,,AUTO-FILL-FOR-04-20
9.02,,,construction,KLEJ_MONTAZOWY,,l,0.0300,"budget,norm,lux",0,auto-fill (norma iz patterna kategorii); review,auto-fill (norma iz patterna kategorii); review,auto,AUTO-FILL FOR-04-20,,AUTO-FILL-FOR-04-20
9.02,,,construction,TASMA_MALARSKA,,szt,0.1000,"budget,norm,lux",0,auto-fill (norma iz patterna kategorii); review,auto-fill (norma iz patterna kategorii); review,auto,AUTO-FILL FOR-04-20,,AUTO-FILL-FOR-04-20
9.02,,,finishing,FARBA_DEKORACYJNA_KOLOR,,l,0.2000,"budget,norm,lux",0,auto-fill (norma iz patterna kategorii); review,auto-fill (norma iz patterna kategorii); review,auto,AUTO-FILL FOR-04-20,,AUTO-FILL-FOR-04-20
9.02,,,finishing,LAMELE_SCIENNE,,m2,1.0500,"budget,norm,lux",0,auto-fill (norma iz patterna kategorii); review,auto-fill (norma iz patterna kategorii); review,auto,AUTO-FILL FOR-04-20,,AUTO-FILL-FOR-04-20
9.02,,,finishing,SZTUKATERIA,,mb,1.0500,"budget,norm,lux",0,auto-fill (norma iz patterna kategorii); review,auto-fill (norma iz patterna kategorii); review,auto,AUTO-FILL FOR-04-20,,AUTO-FILL-FOR-04-20
9.03,,,construction,AKRYL,,l,0.0200,"budget,norm,lux",0,auto-fill (norma iz patterna kategorii); review,auto-fill (norma iz patterna kategorii); review,auto,AUTO-FILL FOR-04-20,,AUTO-FILL-FOR-04-20
9.03,,,construction,KLEJ_DO_TAPET,,kg,0.3500,"budget,norm,lux",0,auto-fill (norma iz patterna kategorii); review,auto-fill (norma iz patterna kategorii); review,auto,AUTO-FILL FOR-04-20,,AUTO-FILL-FOR-04-20
9.03,,,construction,KLEJ_MONTAZOWY,,l,0.0300,"budget,norm,lux",0,auto-fill (norma iz patterna kategorii); review,auto-fill (norma iz patterna kategorii); review,auto,AUTO-FILL FOR-04-20,,AUTO-FILL-FOR-04-20
9.03,,,construction,TASMA_MALARSKA,,szt,0.1000,"budget,norm,lux",0,auto-fill (norma iz patterna kategorii); review,auto-fill (norma iz patterna kategorii); review,auto,AUTO-FILL FOR-04-20,,AUTO-FILL-FOR-04-20
9.03,,,finishing,FARBA_DEKORACYJNA_KOLOR,,l,0.2000,"budget,norm,lux",0,auto-fill (norma iz patterna kategorii); review,auto-fill (norma iz patterna kategorii); review,auto,AUTO-FILL FOR-04-20,,AUTO-FILL-FOR-04-20
9.03,,,finishing,LAMELE_SCIENNE,,m2,1.0500,"budget,norm,lux",0,auto-fill (norma iz patterna kategorii); review,auto-fill (norma iz patterna kategorii); review,auto,AUTO-FILL FOR-04-20,,AUTO-FILL-FOR-04-20
9.03,,,finishing,SZTUKATERIA,,mb,1.0500,"budget,norm,lux",0,auto-fill (norma iz patterna kategorii); review,auto-fill (norma iz patterna kategorii); review,auto,AUTO-FILL FOR-04-20,,AUTO-FILL-FOR-04-20
9.04,,,construction,AKRYL,,l,0.0200,"budget,norm,lux",0,auto-fill (norma iz patterna kategorii); review,auto-fill (norma iz patterna kategorii); review,auto,AUTO-FILL FOR-04-20,,AUTO-FILL-FOR-04-20
9.04,,,construction,KLEJ_DO_TAPET,,kg,0.3500,"budget,norm,lux",0,auto-fill (norma iz patterna kategorii); review,auto-fill (norma iz patterna kategorii); review,auto,AUTO-FILL FOR-04-20,,AUTO-FILL-FOR-04-20
9.04,,,construction,KLEJ_MONTAZOWY,,l,0.0300,"budget,norm,lux",0,auto-fill (norma iz patterna kategorii); review,auto-fill (norma iz patterna kategorii); review,auto,AUTO-FILL FOR-04-20,,AUTO-FILL-FOR-04-20
9.04,,,construction,TASMA_MALARSKA,,szt,0.1000,"budget,norm,lux",0,auto-fill (norma iz patterna kategorii); review,auto-fill (norma iz patterna kategorii); review,auto,AUTO-FILL FOR-04-20,,AUTO-FILL-FOR-04-20
9.04,,,finishing,FARBA_DEKORACYJNA_KOLOR,,l,0.2000,"budget,norm,lux",0,auto-fill (norma iz patterna kategorii); review,auto-fill (norma iz patterna kategorii); review,auto,AUTO-FILL FOR-04-20,,AUTO-FILL-FOR-04-20
9.04,,,finishing,LAMELE_SCIENNE,,m2,1.0500,"budget,norm,lux",0,auto-fill (norma iz patterna kategorii); review,auto-fill (norma iz patterna kategorii); review,auto,AUTO-FILL FOR-04-20,,AUTO-FILL-FOR-04-20
9.04,,,finishing,SZTUKATERIA,,mb,1.0500,"budget,norm,lux",0,auto-fill (norma iz patterna kategorii); review,auto-fill (norma iz patterna kategorii); review,auto,AUTO-FILL FOR-04-20,,AUTO-FILL-FOR-04-20
9.05,,,construction,AKRYL,,l,0.0200,"budget,norm,lux",0,auto-fill (norma iz patterna kategorii); review,auto-fill (norma iz patterna kategorii); review,auto,AUTO-FILL FOR-04-20,,AUTO-FILL-FOR-04-20
9.05,,,construction,KLEJ_DO_TAPET,,kg,0.3500,"budget,norm,lux",0,auto-fill (norma iz patterna kategorii); review,auto-fill (norma iz patterna kategorii); review,auto,AUTO-FILL FOR-04-20,,AUTO-FILL-FOR-04-20
9.05,,,construction,KLEJ_MONTAZOWY,,l,0.0300,"budget,norm,lux",0,auto-fill (norma iz patterna kategorii); review,auto-fill (norma iz patterna kategorii); review,auto,AUTO-FILL FOR-04-20,,AUTO-FILL-FOR-04-20
9.05,,,construction,TASMA_MALARSKA,,szt,0.1000,"budget,norm,lux",0,auto-fill (norma iz patterna kategorii); review,auto-fill (norma iz patterna kategorii); review,auto,AUTO-FILL FOR-04-20,,AUTO-FILL-FOR-04-20
9.05,,,finishing,FARBA_DEKORACYJNA,,l,0.0950,"budget,norm,lux",0,auto-fill (norma iz patterna kategorii); review,auto-fill (norma iz patterna kategorii); review,auto,AUTO-FILL FOR-04-20,,AUTO-FILL-FOR-04-20
9.05,,,finishing,LAMELE_SCIENNE,,m2,1.0500,"budget,norm,lux",0,auto-fill (norma iz patterna kategorii); review,auto-fill (norma iz patterna kategorii); review,auto,AUTO-FILL FOR-04-20,,AUTO-FILL-FOR-04-20
9.05,,,finishing,SZTUKATERIA,,mb,1.0500,"budget,norm,lux",0,auto-fill (norma iz patterna kategorii); review,auto-fill (norma iz patterna kategorii); review,auto,AUTO-FILL FOR-04-20,,AUTO-FILL-FOR-04-20
9.06,,,construction,AKRYL,,l,0.0200,"budget,norm,lux",0,auto-fill (norma iz patterna kategorii); review,auto-fill (norma iz patterna kategorii); review,auto,AUTO-FILL FOR-04-20,,AUTO-FILL-FOR-04-20
9.06,,,construction,KLEJ_DO_TAPET,,kg,0.3500,"budget,norm,lux",0,auto-fill (norma iz patterna kategorii); review,auto-fill (norma iz patterna kategorii); review,auto,AUTO-FILL FOR-04-20,,AUTO-FILL-FOR-04-20
9.06,,,construction,KLEJ_MONTAZOWY,,l,0.0300,"budget,norm,lux",0,auto-fill (norma iz patterna kategorii); review,auto-fill (norma iz patterna kategorii); review,auto,AUTO-FILL FOR-04-20,,AUTO-FILL-FOR-04-20
9.06,,,construction,TASMA_MALARSKA,,szt,0.1000,"budget,norm,lux",0,auto-fill (norma iz patterna kategorii); review,auto-fill (norma iz patterna kategorii); review,auto,AUTO-FILL FOR-04-20,,AUTO-FILL-FOR-04-20
9.06,,,finishing,FARBA_DEKORACYJNA,,l,0.0950,"budget,norm,lux",0,auto-fill (norma iz patterna kategorii); review,auto-fill (norma iz patterna kategorii); review,auto,AUTO-FILL FOR-04-20,,AUTO-FILL-FOR-04-20
9.06,,,finishing,LAMELE_SCIENNE,,m2,1.0500,"budget,norm,lux",0,auto-fill (norma iz patterna kategorii); review,auto-fill (norma iz patterna kategorii); review,auto,AUTO-FILL FOR-04-20,,AUTO-FILL-FOR-04-20
9.06,,,finishing,SZTUKATERIA,,mb,1.0500,"budget,norm,lux",0,auto-fill (norma iz patterna kategorii); review,auto-fill (norma iz patterna kategorii); review,auto,AUTO-FILL FOR-04-20,,AUTO-FILL-FOR-04-20
9.07,,,construction,AKRYL,,l,0.0200,"budget,norm,lux",0,auto-fill (norma iz patterna kategorii); review,auto-fill (norma iz patterna kategorii); review,auto,AUTO-FILL FOR-04-20,,AUTO-FILL-FOR-04-20
9.07,,,construction,KLEJ_DO_TAPET,,kg,0.3500,"budget,norm,lux",0,auto-fill (norma iz patterna kategorii); review,auto-fill (norma iz patterna kategorii); review,auto,AUTO-FILL FOR-04-20,,AUTO-FILL-FOR-04-20
9.07,,,construction,KLEJ_MONTAZOWY,,l,0.0300,"budget,norm,lux",0,auto-fill (norma iz patterna kategorii); review,auto-fill (norma iz patterna kategorii); review,auto,AUTO-FILL FOR-04-20,,AUTO-FILL-FOR-04-20
9.07,,,construction,TASMA_MALARSKA,,szt,0.1000,"budget,norm,lux",0,auto-fill (norma iz patterna kategorii); review,auto-fill (norma iz patterna kategorii); review,auto,AUTO-FILL FOR-04-20,,AUTO-FILL-FOR-04-20
9.07,,,finishing,LAMELE_SCIENNE,,m2,1.0500,"budget,norm,lux",0,auto-fill (norma iz patterna kategorii); review,auto-fill (norma iz patterna kategorii); review,auto,AUTO-FILL FOR-04-20,,AUTO-FILL-FOR-04-20
9.07,,,finishing,SZTUKATERIA,,mb,1.0500,"budget,norm,lux",0,auto-fill (norma iz patterna kategorii); review,auto-fill (norma iz patterna kategorii); review,auto,AUTO-FILL FOR-04-20,,AUTO-FILL-FOR-04-20
9.08,,,construction,AKRYL,,l,0.0200,"budget,norm,lux",0,auto-fill (norma iz patterna kategorii); review,auto-fill (norma iz patterna kategorii); review,auto,AUTO-FILL FOR-04-20,,AUTO-FILL-FOR-04-20
9.08,,,construction,GRUNT_MALARSKI,,l,0.1000,"budget,norm,lux",0,auto-fill (norma iz patterna kategorii); review,auto-fill (norma iz patterna kategorii); review,auto,AUTO-FILL FOR-04-20,,AUTO-FILL-FOR-04-20
9.08,,,construction,KLEJ_DO_TAPET,,kg,0.3500,"budget,norm,lux",0,auto-fill (norma iz patterna kategorii); review,auto-fill (norma iz patterna kategorii); review,auto,AUTO-FILL FOR-04-20,,AUTO-FILL-FOR-04-20
9.08,,,construction,KLEJ_MONTAZOWY,,l,0.0300,"budget,norm,lux",0,auto-fill (norma iz patterna kategorii); review,auto-fill (norma iz patterna kategorii); review,auto,AUTO-FILL FOR-04-20,,AUTO-FILL-FOR-04-20
9.08,,,finishing,FARBA_DEKORACYJNA,,l,0.0950,"budget,norm,lux",0,auto-fill (norma iz patterna kategorii); review,auto-fill (norma iz patterna kategorii); review,auto,AUTO-FILL FOR-04-20,,AUTO-FILL-FOR-04-20
9.08,,,finishing,FARBA_DEKORACYJNA_KOLOR,,l,0.2000,"budget,norm,lux",0,auto-fill (norma iz patterna kategorii); review,auto-fill (norma iz patterna kategorii); review,auto,AUTO-FILL FOR-04-20,,AUTO-FILL-FOR-04-20
9.08,,,finishing,LAMELE_SCIENNE,,m2,1.0500,"budget,norm,lux",0,auto-fill (norma iz patterna kategorii); review,auto-fill (norma iz patterna kategorii); review,auto,AUTO-FILL FOR-04-20,,AUTO-FILL-FOR-04-20
9.08,,,finishing,SZTUKATERIA,,mb,1.0500,"budget,norm,lux",0,auto-fill (norma iz patterna kategorii); review,auto-fill (norma iz patterna kategorii); review,auto,AUTO-FILL FOR-04-20,,AUTO-FILL-FOR-04-20
9.09,,,construction,AKRYL,,l,0.0200,"budget,norm,lux",0,auto-fill (norma iz patterna kategorii); review,auto-fill (norma iz patterna kategorii); review,auto,AUTO-FILL FOR-04-20,,AUTO-FILL-FOR-04-20
9.09,,,construction,KLEJ_DO_TAPET,,kg,0.3500,"budget,norm,lux",0,auto-fill (norma iz patterna kategorii); review,auto-fill (norma iz patterna kategorii); review,auto,AUTO-FILL FOR-04-20,,AUTO-FILL-FOR-04-20
9.09,,,construction,KLEJ_MONTAZOWY,,l,0.0300,"budget,norm,lux",0,auto-fill (norma iz patterna kategorii); review,auto-fill (norma iz patterna kategorii); review,auto,AUTO-FILL FOR-04-20,,AUTO-FILL-FOR-04-20
9.09,,,construction,TASMA_MALARSKA,,szt,0.1000,"budget,norm,lux",0,auto-fill (norma iz patterna kategorii); review,auto-fill (norma iz patterna kategorii); review,auto,AUTO-FILL FOR-04-20,,AUTO-FILL-FOR-04-20
9.09,,,finishing,FARBA_DEKORACYJNA_KOLOR,,l,0.2000,"budget,norm,lux",0,auto-fill (norma iz patterna kategorii); review,auto-fill (norma iz patterna kategorii); review,auto,AUTO-FILL FOR-04-20,,AUTO-FILL-FOR-04-20
9.09,,,finishing,LAMELE_SCIENNE,,m2,1.0500,"budget,norm,lux",0,auto-fill (norma iz patterna kategorii); review,auto-fill (norma iz patterna kategorii); review,auto,AUTO-FILL FOR-04-20,,AUTO-FILL-FOR-04-20
9.09,,,finishing,SZTUKATERIA,,mb,1.0500,"budget,norm,lux",0,auto-fill (norma iz patterna kategorii); review,auto-fill (norma iz patterna kategorii); review,auto,AUTO-FILL FOR-04-20,,AUTO-FILL-FOR-04-20
9.10,,,construction,GRUNT_MALARSKI,,l,0.1000,"budget,norm,lux",0,auto-fill (norma iz patterna kategorii); review,auto-fill (norma iz patterna kategorii); review,auto,AUTO-FILL FOR-04-20,,AUTO-FILL-FOR-04-20
9.10,,,construction,KLEJ_DO_TAPET,,kg,0.3500,"budget,norm,lux",0,auto-fill (norma iz patterna kategorii); review,auto-fill (norma iz patterna kategorii); review,auto,AUTO-FILL FOR-04-20,,AUTO-FILL-FOR-04-20
9.10,,,construction,KLEJ_MONTAZOWY,,l,0.0300,"budget,norm,lux",0,auto-fill (norma iz patterna kategorii); review,auto-fill (norma iz patterna kategorii); review,auto,AUTO-FILL FOR-04-20,,AUTO-FILL-FOR-04-20
9.10,,,construction,TASMA_MALARSKA,,szt,0.1000,"budget,norm,lux",0,auto-fill (norma iz patterna kategorii); review,auto-fill (norma iz patterna kategorii); review,auto,AUTO-FILL FOR-04-20,,AUTO-FILL-FOR-04-20
9.10,,,finishing,FARBA_DEKORACYJNA,,l,0.0950,"budget,norm,lux",0,auto-fill (norma iz patterna kategorii); review,auto-fill (norma iz patterna kategorii); review,auto,AUTO-FILL FOR-04-20,,AUTO-FILL-FOR-04-20
9.10,,,finishing,FARBA_DEKORACYJNA_KOLOR,,l,0.2000,"budget,norm,lux",0,auto-fill (norma iz patterna kategorii); review,auto-fill (norma iz patterna kategorii); review,auto,AUTO-FILL FOR-04-20,,AUTO-FILL-FOR-04-20
9.10,,,finishing,LAMELE_SCIENNE,,m2,1.0500,"budget,norm,lux",0,auto-fill (norma iz patterna kategorii); review,auto-fill (norma iz patterna kategorii); review,auto,AUTO-FILL FOR-04-20,,AUTO-FILL-FOR-04-20
9.10,,,finishing,SZTUKATERIA,,mb,1.0500,"budget,norm,lux",0,auto-fill (norma iz patterna kategorii); review,auto-fill (norma iz patterna kategorii); review,auto,AUTO-FILL FOR-04-20,,AUTO-FILL-FOR-04-20
9.11,,,construction,AKRYL,,l,0.0200,"budget,norm,lux",0,auto-fill (norma iz patterna kategorii); review,auto-fill (norma iz patterna kategorii); review,auto,AUTO-FILL FOR-04-20,,AUTO-FILL-FOR-04-20
9.11,,,construction,GRUNT_MALARSKI,,l,0.1000,"budget,norm,lux",0,auto-fill (norma iz patterna kategorii); review,auto-fill (norma iz patterna kategorii); review,auto,AUTO-FILL FOR-04-20,,AUTO-FILL-FOR-04-20
9.11,,,construction,KLEJ_DO_TAPET,,kg,0.3500,"budget,norm,lux",0,auto-fill (norma iz patterna kategorii); review,auto-fill (norma iz patterna kategorii); review,auto,AUTO-FILL FOR-04-20,,AUTO-FILL-FOR-04-20
9.11,,,construction,KLEJ_MONTAZOWY,,l,0.0300,"budget,norm,lux",0,auto-fill (norma iz patterna kategorii); review,auto-fill (norma iz patterna kategorii); review,auto,AUTO-FILL FOR-04-20,,AUTO-FILL-FOR-04-20
9.11,,,construction,TASMA_MALARSKA,,szt,0.1000,"budget,norm,lux",0,auto-fill (norma iz patterna kategorii); review,auto-fill (norma iz patterna kategorii); review,auto,AUTO-FILL FOR-04-20,,AUTO-FILL-FOR-04-20
9.11,,,finishing,FARBA_DEKORACYJNA,,l,0.0950,"budget,norm,lux",0,auto-fill (norma iz patterna kategorii); review,auto-fill (norma iz patterna kategorii); review,auto,AUTO-FILL FOR-04-20,,AUTO-FILL-FOR-04-20
9.11,,,finishing,FARBA_DEKORACYJNA_KOLOR,,l,0.2000,"budget,norm,lux",0,auto-fill (norma iz patterna kategorii); review,auto-fill (norma iz patterna kategorii); review,auto,AUTO-FILL FOR-04-20,,AUTO-FILL-FOR-04-20
9.11,,,finishing,LAMELE_SCIENNE,,m2,1.0500,"budget,norm,lux",0,auto-fill (norma iz patterna kategorii); review,auto-fill (norma iz patterna kategorii); review,auto,AUTO-FILL FOR-04-20,,AUTO-FILL-FOR-04-20
9.11,,,finishing,SZTUKATERIA,,mb,1.0500,"budget,norm,lux",0,auto-fill (norma iz patterna kategorii); review,auto-fill (norma iz patterna kategorii); review,auto,AUTO-FILL FOR-04-20,,AUTO-FILL-FOR-04-20
9.12,,,construction,AKRYL,,l,0.0200,"budget,norm,lux",0,auto-fill (norma iz patterna kategorii); review,auto-fill (norma iz patterna kategorii); review,auto,AUTO-FILL FOR-04-20,,AUTO-FILL-FOR-04-20
9.12,,,construction,GRUNT_MALARSKI,,l,0.1000,"budget,norm,lux",0,auto-fill (norma iz patterna kategorii); review,auto-fill (norma iz patterna kategorii); review,auto,AUTO-FILL FOR-04-20,,AUTO-FILL-FOR-04-20
9.12,,,construction,KLEJ_MONTAZOWY,,l,0.0300,"budget,norm,lux",0,auto-fill (norma iz patterna kategorii); review,auto-fill (norma iz patterna kategorii); review,auto,AUTO-FILL FOR-04-20,,AUTO-FILL-FOR-04-20
9.12,,,construction,TASMA_MALARSKA,,szt,0.1000,"budget,norm,lux",0,auto-fill (norma iz patterna kategorii); review,auto-fill (norma iz patterna kategorii); review,auto,AUTO-FILL FOR-04-20,,AUTO-FILL-FOR-04-20
9.12,,,finishing,FARBA_DEKORACYJNA,,l,0.0950,"budget,norm,lux",0,auto-fill (norma iz patterna kategorii); review,auto-fill (norma iz patterna kategorii); review,auto,AUTO-FILL FOR-04-20,,AUTO-FILL-FOR-04-20
9.12,,,finishing,FARBA_DEKORACYJNA_KOLOR,,l,0.2000,"budget,norm,lux",0,auto-fill (norma iz patterna kategorii); review,auto-fill (norma iz patterna kategorii); review,auto,AUTO-FILL FOR-04-20,,AUTO-FILL-FOR-04-20
9.12,,,finishing,LAMELE_SCIENNE,,m2,1.0500,"budget,norm,lux",0,auto-fill (norma iz patterna kategorii); review,auto-fill (norma iz patterna kategorii); review,auto,AUTO-FILL FOR-04-20,,AUTO-FILL-FOR-04-20
9.12,,,finishing,SZTUKATERIA,,mb,1.0500,"budget,norm,lux",0,auto-fill (norma iz patterna kategorii); review,auto-fill (norma iz patterna kategorii); review,auto,AUTO-FILL FOR-04-20,,AUTO-FILL-FOR-04-20
9.13,,,construction,AKRYL,,l,0.0200,"budget,norm,lux",0,auto-fill (norma iz patterna kategorii); review,auto-fill (norma iz patterna kategorii); review,auto,AUTO-FILL FOR-04-20,,AUTO-FILL-FOR-04-20
9.13,,,construction,GRUNT_MALARSKI,,l,0.1000,"budget,norm,lux",0,auto-fill (norma iz patterna kategorii); review,auto-fill (norma iz patterna kategorii); review,auto,AUTO-FILL FOR-04-20,,AUTO-FILL-FOR-04-20
9.13,,,construction,KLEJ_MONTAZOWY,,l,0.0300,"budget,norm,lux",0,auto-fill (norma iz patterna kategorii); review,auto-fill (norma iz patterna kategorii); review,auto,AUTO-FILL FOR-04-20,,AUTO-FILL-FOR-04-20
9.13,,,construction,TASMA_MALARSKA,,szt,0.1000,"budget,norm,lux",0,auto-fill (norma iz patterna kategorii); review,auto-fill (norma iz patterna kategorii); review,auto,AUTO-FILL FOR-04-20,,AUTO-FILL-FOR-04-20
9.13,,,finishing,FARBA_DEKORACYJNA,,l,0.0950,"budget,norm,lux",0,auto-fill (norma iz patterna kategorii); review,auto-fill (norma iz patterna kategorii); review,auto,AUTO-FILL FOR-04-20,,AUTO-FILL-FOR-04-20
9.13,,,finishing,FARBA_DEKORACYJNA_KOLOR,,l,0.2000,"budget,norm,lux",0,auto-fill (norma iz patterna kategorii); review,auto-fill (norma iz patterna kategorii); review,auto,AUTO-FILL FOR-04-20,,AUTO-FILL-FOR-04-20
9.13,,,finishing,LAMELE_SCIENNE,,m2,1.0500,"budget,norm,lux",0,auto-fill (norma iz patterna kategorii); review,auto-fill (norma iz patterna kategorii); review,auto,AUTO-FILL FOR-04-20,,AUTO-FILL-FOR-04-20
9.13,,,finishing,SZTUKATERIA,,mb,1.0500,"budget,norm,lux",0,auto-fill (norma iz patterna kategorii); review,auto-fill (norma iz patterna kategorii); review,auto,AUTO-FILL FOR-04-20,,AUTO-FILL-FOR-04-20
9.14,,,construction,AKRYL,,l,0.0200,"budget,norm,lux",0,auto-fill (norma iz patterna kategorii); review,auto-fill (norma iz patterna kategorii); review,auto,AUTO-FILL FOR-04-20,,AUTO-FILL-FOR-04-20
9.14,,,construction,GRUNT_MALARSKI,,l,0.1000,"budget,norm,lux",0,auto-fill (norma iz patterna kategorii); review,auto-fill (norma iz patterna kategorii); review,auto,AUTO-FILL FOR-04-20,,AUTO-FILL-FOR-04-20
9.14,,,construction,KLEJ_MONTAZOWY,,l,0.0300,"budget,norm,lux",0,auto-fill (norma iz patterna kategorii); review,auto-fill (norma iz patterna kategorii); review,auto,AUTO-FILL FOR-04-20,,AUTO-FILL-FOR-04-20
9.14,,,construction,TASMA_MALARSKA,,szt,0.1000,"budget,norm,lux",0,auto-fill (norma iz patterna kategorii); review,auto-fill (norma iz patterna kategorii); review,auto,AUTO-FILL FOR-04-20,,AUTO-FILL-FOR-04-20
9.14,,,finishing,FARBA_DEKORACYJNA,,l,0.0950,"budget,norm,lux",0,auto-fill (norma iz patterna kategorii); review,auto-fill (norma iz patterna kategorii); review,auto,AUTO-FILL FOR-04-20,,AUTO-FILL-FOR-04-20
9.14,,,finishing,FARBA_DEKORACYJNA_KOLOR,,l,0.2000,"budget,norm,lux",0,auto-fill (norma iz patterna kategorii); review,auto-fill (norma iz patterna kategorii); review,auto,AUTO-FILL FOR-04-20,,AUTO-FILL-FOR-04-20
9.14,,,finishing,LAMELE_SCIENNE,,m2,1.0500,"budget,norm,lux",0,auto-fill (norma iz patterna kategorii); review,auto-fill (norma iz patterna kategorii); review,auto,AUTO-FILL FOR-04-20,,AUTO-FILL-FOR-04-20
9.14,,,finishing,SZTUKATERIA,,mb,1.0500,"budget,norm,lux",0,auto-fill (norma iz patterna kategorii); review,auto-fill (norma iz patterna kategorii); review,auto,AUTO-FILL FOR-04-20,,AUTO-FILL-FOR-04-20
9.15,,,construction,GRUNT_MALARSKI,,l,0.1000,"budget,norm,lux",0,auto-fill (norma iz patterna kategorii); review,auto-fill (norma iz patterna kategorii); review,auto,AUTO-FILL FOR-04-20,,AUTO-FILL-FOR-04-20
9.15,,,construction,KLEJ_DO_TAPET,,kg,0.3500,"budget,norm,lux",0,auto-fill (norma iz patterna kategorii); review,auto-fill (norma iz patterna kategorii); review,auto,AUTO-FILL FOR-04-20,,AUTO-FILL-FOR-04-20
9.15,,,construction,TASMA_MALARSKA,,szt,0.1000,"budget,norm,lux",0,auto-fill (norma iz patterna kategorii); review,auto-fill (norma iz patterna kategorii); review,auto,AUTO-FILL FOR-04-20,,AUTO-FILL-FOR-04-20
9.15,,,finishing,FARBA_DEKORACYJNA_KOLOR,,l,0.2000,"budget,norm,lux",0,auto-fill (norma iz patterna kategorii); review,auto-fill (norma iz patterna kategorii); review,auto,AUTO-FILL FOR-04-20,,AUTO-FILL-FOR-04-20
9.15,,,finishing,LAMELE_SCIENNE,,m2,1.0500,"budget,norm,lux",0,auto-fill (norma iz patterna kategorii); review,auto-fill (norma iz patterna kategorii); review,auto,AUTO-FILL FOR-04-20,,AUTO-FILL-FOR-04-20
9.16,,,construction,GRUNT_MALARSKI,,l,0.1000,"budget,norm,lux",0,auto-fill (norma iz patterna kategorii); review,auto-fill (norma iz patterna kategorii); review,auto,AUTO-FILL FOR-04-20,,AUTO-FILL-FOR-04-20
9.16,,,construction,KLEJ_DO_TAPET,,kg,0.3500,"budget,norm,lux",0,auto-fill (norma iz patterna kategorii); review,auto-fill (norma iz patterna kategorii); review,auto,AUTO-FILL FOR-04-20,,AUTO-FILL-FOR-04-20
9.16,,,construction,TASMA_MALARSKA,,szt,0.1000,"budget,norm,lux",0,auto-fill (norma iz patterna kategorii); review,auto-fill (norma iz patterna kategorii); review,auto,AUTO-FILL FOR-04-20,,AUTO-FILL-FOR-04-20
9.16,,,finishing,FARBA_DEKORACYJNA_KOLOR,,l,0.2000,"budget,norm,lux",0,auto-fill (norma iz patterna kategorii); review,auto-fill (norma iz patterna kategorii); review,auto,AUTO-FILL FOR-04-20,,AUTO-FILL-FOR-04-20
9.16,,,finishing,LAMELE_SCIENNE,,m2,1.0500,"budget,norm,lux",0,auto-fill (norma iz patterna kategorii); review,auto-fill (norma iz patterna kategorii); review,auto,AUTO-FILL FOR-04-20,,AUTO-FILL-FOR-04-20
9.17,,,construction,AKRYL,,l,0.0200,"budget,norm,lux",0,auto-fill (norma iz patterna kategorii); review,auto-fill (norma iz patterna kategorii); review,auto,AUTO-FILL FOR-04-20,,AUTO-FILL-FOR-04-20
9.17,,,construction,GRUNT_MALARSKI,,l,0.1000,"budget,norm,lux",0,auto-fill (norma iz patterna kategorii); review,auto-fill (norma iz patterna kategorii); review,auto,AUTO-FILL FOR-04-20,,AUTO-FILL-FOR-04-20
9.17,,,construction,KLEJ_DO_TAPET,,kg,0.3500,"budget,norm,lux",0,auto-fill (norma iz patterna kategorii); review,auto-fill (norma iz patterna kategorii); review,auto,AUTO-FILL FOR-04-20,,AUTO-FILL-FOR-04-20
9.17,,,construction,TASMA_MALARSKA,,szt,0.1000,"budget,norm,lux",0,auto-fill (norma iz patterna kategorii); review,auto-fill (norma iz patterna kategorii); review,auto,AUTO-FILL FOR-04-20,,AUTO-FILL-FOR-04-20
9.17,,,finishing,FARBA_DEKORACYJNA,,l,0.0950,"budget,norm,lux",0,auto-fill (norma iz patterna kategorii); review,auto-fill (norma iz patterna kategorii); review,auto,AUTO-FILL FOR-04-20,,AUTO-FILL-FOR-04-20
9.17,,,finishing,FARBA_DEKORACYJNA_KOLOR,,l,0.2000,"budget,norm,lux",0,auto-fill (norma iz patterna kategorii); review,auto-fill (norma iz patterna kategorii); review,auto,AUTO-FILL FOR-04-20,,AUTO-FILL-FOR-04-20
9.17,,,finishing,SZTUKATERIA,,mb,1.0500,"budget,norm,lux",0,auto-fill (norma iz patterna kategorii); review,auto-fill (norma iz patterna kategorii); review,auto,AUTO-FILL FOR-04-20,,AUTO-FILL-FOR-04-20
9.18,,,construction,AKRYL,,l,0.0200,"budget,norm,lux",0,auto-fill (norma iz patterna kategorii); review,auto-fill (norma iz patterna kategorii); review,auto,AUTO-FILL FOR-04-20,,AUTO-FILL-FOR-04-20
9.18,,,construction,GRUNT_MALARSKI,,l,0.1000,"budget,norm,lux",0,auto-fill (norma iz patterna kategorii); review,auto-fill (norma iz patterna kategorii); review,auto,AUTO-FILL FOR-04-20,,AUTO-FILL-FOR-04-20
9.18,,,construction,KLEJ_DO_TAPET,,kg,0.3500,"budget,norm,lux",0,auto-fill (norma iz patterna kategorii); review,auto-fill (norma iz patterna kategorii); review,auto,AUTO-FILL FOR-04-20,,AUTO-FILL-FOR-04-20
9.18,,,construction,TASMA_MALARSKA,,szt,0.1000,"budget,norm,lux",0,auto-fill (norma iz patterna kategorii); review,auto-fill (norma iz patterna kategorii); review,auto,AUTO-FILL FOR-04-20,,AUTO-FILL-FOR-04-20
9.18,,,finishing,FARBA_DEKORACYJNA,,l,0.0950,"budget,norm,lux",0,auto-fill (norma iz patterna kategorii); review,auto-fill (norma iz patterna kategorii); review,auto,AUTO-FILL FOR-04-20,,AUTO-FILL-FOR-04-20
9.18,,,finishing,FARBA_DEKORACYJNA_KOLOR,,l,0.2000,"budget,norm,lux",0,auto-fill (norma iz patterna kategorii); review,auto-fill (norma iz patterna kategorii); review,auto,AUTO-FILL FOR-04-20,,AUTO-FILL-FOR-04-20
9.18,,,finishing,SZTUKATERIA,,mb,1.0500,"budget,norm,lux",0,auto-fill (norma iz patterna kategorii); review,auto-fill (norma iz patterna kategorii); review,auto,AUTO-FILL FOR-04-20,,AUTO-FILL-FOR-04-20
