Pakiet,Kategoria,Materiał,Typ,Producent,Model,SKU,Cechy,Cena zakup,Cena detal brutto,Cena detal netto,Cena detal / m2,Link,Photo,50,m2
Budget,Podłoga,Podłoga,Laminat,Egger,Dąb North piaskowy EL2157 AC4 8 mm,,,,,,"53,61","https://bel-pol.pl/panele-podlogowe/egger/panele-podlogowe-dab-north-piaskowy-el2157-1784258,p25124,3.html?srsltid=AfmBOoqOGq362Tts_tJhfu1iGbVA-jwBE9M8Q2X2yiJ1ApowDxKgVohN",,,
Budget,Podłoga,Podłoga,Laminat,Egger,Dąb Predaia miodowy EL2009 AC4 8 mm,,,,,,"57,68","https://bel-pol.pl/panele-podlogowe/egger/panele-podlogowe-dab-predaia-miodowy-el2009-1783831,p25126,3.html?srsltid=AfmBOopB-5M1GIUY7DqVTGdmUNWbUamLTKaGu8Rb7TaRUN7oobnKcmS6",,,
Budget,Podłoga,Podłoga,Laminat,Egger,Dąb Melba beżowy EL2416 AC4 8 mm,,,,,,"57,68","https://bel-pol.pl/panele-podlogowe/egger/panele-podlogowe-dab-melba-bezowy-el2416-1784245,p25128,3.html?srsltid=AfmBOor9AtFkvawOD6SXzPxc2OqkFC9j3e7hgMU0aOcwgvtJqN-N3PFL",,,
Budget,Podłoga,Podłoga,Laminat,Egger,Dąb North jasnobrązowy EL2158 AC4 8 mm,,,,,,"53,61","https://bel-pol.pl/panele-podlogowe/egger/panele-podlogowe-dab-north-jasnobrazowy-el2158-1784256,p25125,3.html?srsltid=AfmBOorUUHGcSI_jEBcO-yjcqsEpJ3wHqIHaQZV7A1dK_xfUuuNyu9a0",,,
"Budget, Standard",Podłoga,Podłoga,Podkład,Arbiton,"Podkład Multiprotec Acoustic 8m2, 2mm gr.",,,,,,"26,74","https://bel-pol.pl/podklad/arbiton/multiprotec-acoustic-3w1-5905167816851,p11156,21.html",,,
"Budget, Standard",Podłoga,Podłoga,Podkład,Arbiton,"Podkład Multiprotec 1000 8m2, 2mm gr.",,,,,,"26,74","https://bel-pol.pl/podklad/arbiton/najlepszy-podklad-multiprotec-1000-3w1-5905167816844,p11154,21.html",,,
Budget,Podłoga,Podłoga,Winyl,Afirmax,Dąb Monument CBC 41582 Klasa 32 4 mm,,,,,,"72,35","https://bel-pol.pl/podloga-winylowa/afirmax/panele-winylowe-spc-lvt-dab-monument-cbc-41582-cbc-41582,p12202,32.html",,,
Budget,Podłoga,Podłoga,Winyl,Afirmax,Dąb Newport CBC 41592 Klasa 32 4 mm,,,,,,"72,35","https://bel-pol.pl/podloga-winylowa/afirmax/panele-winylowe-spc-lvt-dab-newport-cbc-41592-cbc-41592,p12203,32.html",,,
Budget,Podłoga,Podłoga,Winyl,Afirmax,LVT Dąb Jersey CBC 41102 Klasa 32 4 mm,,,,,,"72,35","https://bel-pol.pl/podloga-winylowa/afirmax/panele-winylowe-spc-lvt-dab-jersey-cbc-41102-cbc-41102,p12209,32.html",,,
Budget,Podłoga,Podłoga,Winyl,Afirmax,Dąb Scandinavian CBC 41022 Klasa 32 4 mm,,,,,,"72,35","https://bel-pol.pl/podloga-winylowa/afirmax/panele-winylowe-spc-lvt-dab-scandinavian-cbc-41022-cbc-41022,p12200,32.html",,,
"Budget, Lux, Standard",Podłoga,Podłoga,Podkład,Arbiton,"Podkład Multiprotec LVT 8,5m2, 1,4mm gr.",,,,,,"29,18","https://bel-pol.pl/podklad-pod-panele/arbiton/najlepszy-podklad-multiprotec-lvt-vinyl-click-5905167776339,p12269,21.html",,,
Standard,Podłoga,Podłoga,Laminat,Metamorphose,Oise 996736 AC4 8 mm,,,,,,"89,39","https://bel-pol.pl/panele-podlogowe/metamorphose/panele-podlogowe-oise-996736-996736,p24223,3.html",,,
Standard,Podłoga,Podłoga,Laminat,Metamorphose,Moza 994806 AC4 8 mm,,,,,,"89,39","https://bel-pol.pl/panele-podlogowe/metamorphose/panele-podlogowe-moza-994806-994806,p24221,3.html",,,
Standard,Podłoga,Podłoga,Laminat,Metamorphose,Leie 995736 AC4 8 mm,,,,,,"89,39","https://bel-pol.pl/panele-podlogowe/metamorphose/panele-podlogowe-leie-995736-995736,p24224,3.html",,,
Standard,Podłoga,Podłoga,Laminat,Metamorphose,Skalda 993836 AC4 8 mm,,,,,,"89,39","https://bel-pol.pl/panele-podlogowe/metamorphose/panele-podlogowe-skalda-993836-993836,p24222,3.html",,,
Standard,Podłoga,Podłoga,Winyl,Arbiton,Dąb Holman CW 182 Klasa 33 4 mm,,,,,,"113,00","https://bel-pol.pl/panele-winylowe/arbiton/panele-winylowe-spc-lvt-dab-holman-cw-182-cw-182,p19083,32.html",,,
Standard,Podłoga,Podłoga,Winyl,Arbiton,Dąb Lakewood CW 186 Klasa 33 4 mm,,,,,,"113,00","https://bel-pol.pl/panele-winylowe/arbiton/panele-winylowe-spc-lvt-dab-lakewood-cw-186-cw-186,p19087,32.html",,,
Standard,Podłoga,Podłoga,Winyl,Arbiton,Dąb Rosevill CW 183 Klasa 33 4 mm,,,,,,"113,00","https://bel-pol.pl/panele-winylowe/arbiton/panele-winylowe-spc-lvt-dab-rosevill-cw-183-cw-183,p19084,32.html",,,
Standard,Podłoga,Podłoga,Winyl,Arbiton,Dąb Stamford CW 181 Klasa 33 4 mm,,,,,,"113,00","https://bel-pol.pl/panele-winylowe/arbiton/panele-winylowe-spc-lvt-dab-stamford-cw-181-cw-181,p19082,32.html",,,
Lux,Podłoga,Podłoga,Deska prosta,Barlinek,Dąb Bright Jodła Klasyczna 1WC000012 14 mm,,,,,,"278,00","https://bel-pol.pl/deska-barlinecka/barlinek/dab-bright-jodla-klasyczna-1wc000012-blc-dbe1-ox4-xxr-a14130-f,p23464,15.html",,,
Lux,Podłoga,Podłoga,Deska prosta,Barlinek,Dąb Caramel Jodła Klasyczna 130 1WC000007 14 mm,,,,,,"278,00","https://bel-pol.pl/deska-barlinecka/barlinek/dab-caramel-jodla-klasyczna-130-1wc000007-1wc000007,p17759,15.html",,,
Lux,Podłoga,Podłoga,Deska prosta,Barlinek,Dąb Trivor Jodła klasyczna 130 1WC000008 14 mm,,,,,,"282,00","https://bel-pol.pl/deska-barlinecka/barlinek/dab-trivor-jodla-klasyczna-130-1wc000008-blc-dbe1-l05-c2r-a14130-f,p21866,15.html",,,
Lux,Podłoga,Podłoga,Deska prosta,Barlinek,Dąb Mainland Jodła Klasyczna 130 1WC000022 14 mm,,,,,,"263,00","https://bel-pol.pl/deska-barlinecka/barlinek/dab-mainland-jodla-klasyczna-130-1wc000022-1wc000022,p18991,15.html",,,
Lux,Podłoga,Podłoga,Deska jódełka,Barlinek,Bright Jodła Francuska 130 1WV000006 14 mm,,,,,,"352,00","https://bel-pol.pl/deska-barlinecka/barlinek/bright-jodla-francuska-130-1wv000006-1wv000006,p17321,15.html",,,
Lux,Podłoga,Podłoga,Deska jódełka,Barlinek,Dąb Caramel Jodła Francuska 130 1WV000001 14 mm,,,,,,"352,00","bel-pol.pl/deska-barlinecka/barlinek/dab-caramel-jodla-francuska-130-1wv000001-1wv000001,p12194,15.html",,,
Lux,Podłoga,Podłoga,Deska jódełka,Barlinek,Dąb Trivor Jodła Francuska 130 1WV000002 14 mm,,,,,,"360,00","bel-pol.pl/deska-barlinecka/barlinek/dab-trivor-jodla-francuska-130-1wv000002-1wv000002,p12196,15.html",,,
Lux,Podłoga,Podłoga,Deska jódełka,Barlinek,Dąb Mainland Jodła Francuska 130 1WV000004 14 mm,,,,,,"337,00","https://bel-pol.pl/deska-barlinecka/barlinek/dab-mainland-jodla-francuska-130-1wv000004-1wv000004,p12197,15.html",,,
Lux,Podłoga,Podłoga,Deska jódełka,Barlinek,Dąb Bright Grande 1WG000890 14 mm,,,,,,"290,00","https://bel-pol.pl/deska-barlinecka/barlinek/dab-bright-grande-1wg000890-1wg000890,p12278,15.html",,,
Lux,Podłoga,Podłoga,Deska jódełka,Barlinek,Dąb Caramel Grande 5Gc 1WG000284 14 mm,,,,,,"290,00","https://bel-pol.pl/deska-barlinecka/barlinek/dab-caramel-grande-5gc-1wg000284-1wg000284,p6924,15.html",,,
Lux,Podłoga,Podłoga,Deska jódełka,Barlinek,Dąb Cappuccino Grande 5Gc 1WG000537 14 mm,,,,,,"261,00","https://bel-pol.pl/deska-barlinecka/barlinek/dab-cappuccino-grande-5gc-1wg000537-1wg000537,p7397,15.html",,,
Lux,Podłoga,Podłoga,Deska jódełka,Barlinek,Dąb Bonet Medio 1WG000792 14 mm,,,,,,"236,99","https://bel-pol.pl/deska-barlinecka/barlinek/dab-bonet-medio-1wg000792-1wg000792,p12297,15.html",,,
Lux,Podłoga,Podłoga,Winyl jódełka,Arbiton,Jodełka Dąb Harlow CA158  5 mm - jodełka,,,,,,"145,52","https://bel-pol.pl/panele-winylowe/arbiton/panele-winylowe-spc-lvt-jodelka-dab-harlow-ca158-ca158,p12735,32.html",,,
Lux,Podłoga,Podłoga,Winyl jódełka,Arbiton,Jodełka Dąb Menor CAS 223 5 mm - jodełka,,,,,,"145,52","https://bel-pol.pl/panele-winylowe/arbiton/panele-winylowe-spc-lvt-jodelka-dab-menor-cas-223-5905167857090,p22924,32.html",,,
Lux,Podłoga,Podłoga,Winyl jódełka,Arbiton,Jodełka Dąb Rochester CAS 229 5 mm - jodełka,,,,,,"145,52","https://bel-pol.pl/panele-winylowe/arbiton/panele-winylowe-spc-jodelka-dab-rochester-cas-229-5905167873922,p24372,32.html",,,
Lux,Podłoga,Podłoga,Winyl jódełka,Arbiton,SPC Jodełka Dąb Johannes CAS 222 5 mm - jodełka,,,,,,"145,52","https://bel-pol.pl/panele-winylowe/arbiton/panele-winylowe-spc-jodelka-dab-johannes-cas-222-5905167873892,p24369,32.html",,,
Lux,Podłoga,Podłoga,Winyl jódełka,Arbiton,Arbiton Amaron Chevron - DĄB HARLOW - 5mm/0.55mm,,,,,,"161,78",https://arbiton.com/pl/panele-winylowe-arbiton-amaron-chevron-dab-harlow-5mm-0-55mm,,,
Lux,Podłoga,Podłoga,Winyl jódełka,Arbiton,Arbiton Amaron Chevron - DĄB MENOR - 5mm/0.55mm,,,,,,"161,78",https://arbiton.com/pl/panele-winylowe/panele-winylowe-na-klik/panele-winylowe-arbiton-amaron-chevron-dab-menor-5mm-0-55mm,,,
Lux,Podłoga,Podłoga,Winyl jódełka,Arbiton,Arbiton Amaron Chevron - DĄB ROCHESTER - 5mm/0.55mm,,,,,,"161,78",https://arbiton.com/pl/panele-winylowe/panele-winylowe-na-klik/panele-winylowe-arbiton-amaron-chevron-dab-rochester-5mm-0-55mm,,,
Lux,Podłoga,Podłoga,Winyl jódełka,Arbiton,Arbiton Amaron Chevron - DĄB JOHANNES - 5mm/0.55mm,,,,,,"161,78",https://arbiton.com/pl/panele-winylowe/panele-winylowe-na-klik/panele-winylowe-arbiton-amaron-chevron-dab-johannes-5mm-0-55mm,,,
Lux,Podłoga,Podłoga,Winyl prosty,Arbiton,Arbiton Amaron Wood - DĄB HARLOW- 5mm/0.55mm,,,,,,"137,39",https://arbiton.com/pl/panele-winylowe-arbiton-amaron-wood-dab-harlow-5mm-0-55mm,,,
Lux,Podłoga,Podłoga,Winyl prosty,Arbiton,Dąb Menor CAS 223 Klasa 33 5 mm - prosta deska,,,,,,"137,39","https://bel-pol.pl/podloga-winylowa/arbiton/panele-winylowe-spc-lvt-dab-menor-cas-223-5905167856437,p22937,32.html",,,
Lux,Podłoga,Podłoga,Winyl prosty,Arbiton,Dąb Rochester CAS 229 Klasa 33 5 mm - prosta deska,,,,,,"137,39","https://bel-pol.pl/podloga-winylowa/arbiton/panele-winylowe-spc-lvt-dab-rochester-cas-229-5905167856499,p22943,32.html",,,
Lux,Podłoga,Podłoga,Winyl prosty,Arbiton,Dąb Johannes CAS 222 Klasa 33 5 mm - prosta deska,,,,,,"137,39","https://bel-pol.pl/podloga-winylowa/arbiton/panele-winylowe-spc-lvt-dab-johannes-cas-222-5905167856420,p22936,32.html",,,
Lux,Podłoga,Podłoga,"Podkład (klej, grunt)",Podkład,Grunt Tec Primer D 5kg. 1op.= ok. 33m2,,,,,"252,03","7,64",,,,
Lux,Podłoga,Podłoga,"Podkład (klej, grunt)",Podkład,Klej Tec Spu 15 18kg. 1op.= ok. 15m2,,,,,"568,29","37,89",,,,
Budget,Listwy przypodłogowe,Listwy przypodłogowe,Styrodur,Salag,Bravo Biała 201,,,,"18,73","15,23","10,15","https://bel-pol.pl/listwy-przypodlogowe/salag/listwa-przypodlogowa-bravo-80-mm-kaszmir-2,4m-br81f4,p24745,14.html",,,
Budget,Listwy przypodłogowe,Listwy przypodłogowe,Styrodur,Salag,Bravo Szara 203,,,,"16,63","13,52","9,01","https://bel-pol.pl/listwy-przypodlogowe/salag/listwa-przypodlogowa-ps-bravo-80-mm-szara-203-br81u2,p23117,14.html",,,
Budget,Listwy przypodłogowe,Listwy przypodłogowe,Styrodur,Salag,Bravo Kaszmir,,,,"18,73","15,23","10,15","https://bel-pol.pl/listwy-przypodlogowe/salag/listwa-przypodlogowa-bravo-80-mm-kaszmir-2,4m-br81f4,p24745,14.html",,,
Budget,Listwy przypodłogowe,Listwy przypodłogowe,Styrodur,Salag,Bravo Czarna 207,,,,"18,73","15,23","10,15","https://bel-pol.pl/listwy-przypodlogowe/salag/listwa-przypodlogowa-ps-bravo-80-mm-czarna-207-br81u3,p23118,14.html",,,
"Standard, Lux",Listwy przypodłogowe,Listwy przypodłogowe,Styrodur,VOX,Espumo Biała 201,,,,"18,71","15,21","10,14","https://bel-pol.pl/listwy-przypodlogowe/vox/listwa-espumo-201-esp201-biala-2,4-m-201-esp201-2.4,p18166,14.html",,,
"Standard, Lux",Listwy przypodłogowe,Listwy przypodłogowe,Styrodur,VOX,Espumo Szara 203,,,,"24,96","20,29","13,53","https://bel-pol.pl/listwy-przypodlogowe/vox/listwa-espumo-203-esp203-szara-2,4-m-203-esp203-2.4,p18208,14.html",,,
"Standard, Lux",Listwy przypodłogowe,Listwy przypodłogowe,Styrodur,VOX,Espumo Kaszmir 207,,,,"23,00","18,70","12,47","https://bel-pol.pl/listwy-przypodlogowe/vox/liswa-espumo-207-kaszmir-esp207-2,4-m-3031922,p25315,14.html",,,
"Standard, Lux",Listwy przypodłogowe,Listwy przypodłogowe,Styrodur,VOX,Espumo Czarna 206,,,,"24,96","20,29","13,53","https://bel-pol.pl/listwy-przypodlogowe/vox/listwa-espumo-206-czarna-2,4-m-206-esp206-2.4,p17644,14.html",,,
Budget,Sanitariat,Wanna / prysznic,Brodzik + kabina,Deante,"Zestaw Deante Funkia kabina prysznicowa 90 cm kwadratowa z brodzikiem Corner i syfonem czarny/szkło przezroczyste (KYCN41K, KTC041B, NHC025C)",,,,"1499,00","1218,70","24,37","https://www.lazienkaplus.pl/pl/zestaw-deante-funkia-kabina-prysznicowa-90-cm-kwadratowa-z-brodzikiem-corner-i-syfonem-kycn41k-ktc041b-nhc025c,575293,63,i/",,,
Budget,Sanitariat,Wanna / prysznic,Brodzik + kabina,Deante,"Zestaw Deante Funkia kabina prysznicowa 90 cm kwadratowa z brodzikiem Corner i syfonem chrom/szkło przezroczyste (KYC041K, KTC041B, NHC025C)
",,,,"1546,00","1256,91","25,14","https://www.lazienkaplus.pl/pl/zestaw-deante-funkia-kabina-prysznicowa-90-cm-kwadratowa-z-brodzikiem-corner-i-syfonem-kyc041k-ktc041b-nhc025c,575282,63,i/",,,
Budget,Sanitariat,Wanna / prysznic,Brodzik + kabina,Deante,"Zestaw Deante Funkia kabina prysznicowa 90 cm półokrągła z brodzikiem Standard New i syfonem czarny/szkło przezroczyste (KYPN51K, KTA053B, NHC025C)",,,,"1546,00","1256,91","25,14","https://www.lazienkaplus.pl/pl/zestaw-deante-funkia-kabina-prysznicowa-90-cm-polokragla-z-brodzikiem-standard-new-i-syfonem-kypn51k-kta053b-nhc025c,575321,63,i/",,,
Budget,Sanitariat,Wanna / prysznic,Wanna,Cersanit,"Cersanit Nao wanna prostokątna 170x70 cm biała S301-244",,,,"671,58","546,00","10,92","https://www.lazienkaplus.pl/pl/cersanit-nao-wanna-prostokatna-170x70-cm-biala-s301-244,505249,169,i/",,,
Budget,Sanitariat,Wanna / prysznic,Wanna,Cersanit,"Cersanit Nike wanna 170x70 cm prostokątna biała S301-249",,,,"691,92","562,54","11,25","https://www.lazienkaplus.pl/pl/cersanit-nike-wanna-170x70-cm-prostokatna-biala-s301-249,510224,169,i/",,,
Budget,Sanitariat,Wanna / prysznic,Wanna,Cersanit,"Cersanit Octavia wanna prostokątna 170x70 cm biała S301-253",,,,"696,18","566,00","11,32","https://www.lazienkaplus.pl/pl/cersanit-octavia-wanna-prostokatna-170x70-cm-biala-s301-253,502264,169,i/",,,
Budget,Sanitariat,Wanna / prysznic,Wanna,Cersanit,Cersanit Lana wanna prostokątna 170x70 cm biała S301-163,,,,"709,30","576,67","11,53","https://www.lazienkaplus.pl/pl/cersanit-lana-wanna-prostokatna-170x70-cm-s301-163,485592,169,i/",,,
Budget,Sanitariat,Wanna / prysznic,Syfon od wanny,Cersanit,"Cersanit syfon wannowy automatyczny chrom S904-004",,,,"119,00","96,75","1,93","https://www.lazienkaplus.pl/pl/cersanit-syfon-wannowy-automatyczny-chrom-s904-004,405482,55,i/",,,
"Standard, Lux",Sanitariat,Wanna / prysznic,Syfon od wanny,Oltens,Oltens Fusa syfon wannowy klik-klak chrom 03002100,,,,"219,95","178,82","3,58","https://www.lazienkaplus.pl/pl/oltens-fusa-syfon-wannowy-klik-klak-chrom-03002100,503645,128,i/",,,
+ Budget,Sanitariat,Wanna / prysznic,Parawan nawannowy,Omnires,Omnires Kenton parawan nawannowy szklany chrom/ transparentny MP75CRTR,,,,"462,42","375,95","7,52","https://www.lazienkaplus.pl/pl/omnires-kenton-parawan-nawannowy-szklany-chrom-transparentny-mp75crtr,475431,53,i/",,,
Standard,Sanitariat,Wanna / prysznic,Wanna,Roca,"Roca Savai wanna prostokątna 170x75 cm biała A248589000",,,,"1460,00","1186,99","23,74","https://www.lazienkaplus.pl/pl/roca-savai-wanna-prostokatna-170x75-cm-biala-a248589000,538925,169,i/",,,
Standard,Sanitariat,Wanna / prysznic,Wanna,Roca,"Roca Genova wanna prostokątna 170x75 cm biała A248383000",,,,"1199,99","975,60","19,51","https://www.lazienkaplus.pl/pl/roca-genova-wanna-prostokatna-170x75-cm-biala-a248383000,483111,169,i/",,,
Standard,Sanitariat,Wanna / prysznic,Wanna,Villeroy & Boch,Villeroy & Boch Targa Plus wanna prostokątna 170x75 cm Weiss Alpin UBA171NES2V-01,,,,"1299,99","1056,90","21,14","https://www.lazienkaplus.pl/pl/villeroy-boch-targa-plus-wanna-prostokatna-170x75-cm-weiss-alpin-uba171nes2v-01,624526,169,i/",,,
Standard,Sanitariat,Wanna / prysznic,Wanna,Oltens,Oltens Lykke wanna 170x75 cm prostokątna akrylowa biała 10013000,,,,"1299,95","1056,87","21,14","https://www.lazienkaplus.pl/pl/oltens-lykke-wanna-170x75-cm-prostokatna-akrylowa-biala-10013000,676382,169,i/",,,
Standard,Sanitariat,Wanna / prysznic,Brodzik prysznicowy,Roca,Roca Terran brodzik prostokątny 100x90 cm beżowy AP1013E838401650,"beżowy, biały, czarny, kawowy, onyks, perłowy",,,"1399,99","1138,20","22,76","https://www.lazienkaplus.pl/pl/roca-terran-brodzik-100x90-cm-prostokatny-kompozyt-stonex-bezowy-ap1013e838401650,614121,464,i/",,,
Standard,Sanitariat,Wanna / prysznic,Brodzik prysznicowy,Excellent,Excellent Lavano brodzik 100x90 cm prostokątny kompozyt,"biały, czarny, beton, cappucino",,,"1366,70","1111,14","22,22","https://www.lazienkaplus.pl/pl/excellent-lavano-brodzik-prostokatny-100x90-cm-bialy-brex1103100090whn,528689,464,i/",,,
Standard,Sanitariat,Wanna / prysznic,Brodzik prysznicowy,Radaway,Radaway Zantos C brodzik 90x90 cm kwadratowy biały M3ZNC9090-06,,,,"1072,81","872,20","17,44","https://www.lazienkaplus.pl/pl/radaway-zantos-c-brodzik-kwadratowy-90x90-cm-m3znc9090-06,487519,464,i/",,,
Standard,Sanitariat,Wanna / prysznic,Brodzik prysznicowy,Radaway,Radaway Kyntos C brodzik 90x90 cm kwadratowy konglomeratowy biały HKC9090-04,,,,"1383,29","1124,63","22,49","https://www.lazienkaplus.pl/pl/radaway-kyntos-c-brodzik-kwadratowy-90-cm-konglomeratowy-bialy-hkc9090-04,524412,464,i/",,,
Standard,Sanitariat,Wanna / prysznic,Ściana / kabina prysznicowa,Omnires,"Omnires Marina Walk-in ścianka prysznicowa 100 cm typu chrom/szkło przezroczyste DNR10XCRTR
",,,,"1063,00","864,23","17,28","https://www.lazienkaplus.pl/pl/omnires-marina-scianka-prysznicowa-100-cm-typu-walk-in-dnr10xcrtr,501318,68,i/",,,
Standard,Sanitariat,Wanna / prysznic,Ściana / kabina prysznicowa,Omnires,"Omnires Marina Walk-In ścianka prysznicowa 100 cm czarny mat/szkło przezroczyste DNR10XBLTR",,,,"1195,31","971,80","19,44","https://www.lazienkaplus.pl/pl/omnires-marina-walk-in-scianka-prysznicowa-100-cm-czarny-matszklo-przezroczyste-dnr10xbltr,512907,68,i/",,,
Standard,Sanitariat,Wanna / prysznic,Ściana / kabina prysznicowa,Radaway,"Radaway Alienta Black C kabina prysznicowa 90x90 cm kwadratowa czarny mat/szkło przezroczyste 10239090-54-01",,,,"1407,61","1144,40","22,89","https://www.lazienkaplus.pl/pl/radaway-alienta-black-c-kabina-prysznicowa-90x90-cm-czarnyszklo-przezroczyste-10239090-54-01,670204,63,i/",,,
Lux,Sanitariat,Wanna / prysznic,Wanna,Oltens,Oltens Lykke wanna 180x80 cm prostokątna akrylowa biała 10014000,,,,"1499,95","1219,47","24,39","https://www.lazienkaplus.pl/pl/oltens-lykke-wanna-180x80-cm-prostokatna-akrylowa-biala-10014000,676547,169,i/",,,
Lux,Sanitariat,Wanna / prysznic,Wanna,Villeroy & Boch,Villeroy & Boch Loop & Friends wanna prostokątna 170x75 cm biała UBA170LSF2VRW,,,,"2661,59","2163,89","43,28","https://www.lazienkaplus.pl/pl/villeroy-boch-loop-friends-wanna-prostokatna-170x75-cm-biala-uba170lsf2vrw,710018,169,i/",,,
Lux,Sanitariat,Wanna / prysznic,Wanna,Villeroy & Boch,Villeroy & Boch Avento Duo wanna prostokątna 170x70 cm Weiss Alpin UBA177AVN2V-01,,,,"2043,50","1661,38","33,23","https://www.lazienkaplus.pl/pl/villeroy-boch-avento-duo-wanna-prostokatna-170x70-weiss-alpin-uba177avn2v-01,510411,169,i/",,,
Lux,Sanitariat,Wanna / prysznic,Wanna,Ravak,Ravak Formy 02 Slim wanna prostokątna 180x80 cm biała C891300000,,,,"2137,25","1737,60","34,75","https://www.lazienkaplus.pl/pl/ravak-formy-02-slim-wanna-prostokatna-180x80-cm-biala-c891300000,610411,169,i/",,,
Lux,Sanitariat,Wanna / prysznic,Parawan nawannowy,Omnires,Omnires Kingston parawan nawannowy 70 cm czarny mat/szkło przezroczyste XHE85BLTR,chrom / czarny,,,"612,50","497,97","9,96","https://www.lazienkaplus.pl/pl/omnires-kingston-parawan-nawannowy-70-cm-czarny-matszklo-przezroczyste-xhe85bltr,552557,53,i/",,,
Lux,Sanitariat,Wanna / prysznic,Odpływ liniowy,Excellent,Excellent Stilio odpływ liniowy 90 cm stal nierdzewna polerowana INEX.1515.900.P.SNP,,,,"762,35","619,80","12,40","https://www.lazienkaplus.pl/pl/excellent-stilio-odplyw-liniowy-90-cm-stal-nierdzewna-polerowana-inex1515900psnp,635821,71,i/",,,
Lux,Sanitariat,Wanna / prysznic,Odpływ liniowy,Excellent,"Excellent Stilio odpływ liniowy 90 cm stal nierdzewna polerowana INEX.1515.900.R.SNP",,,,"770,25","626,22","12,52","https://www.lazienkaplus.pl/pl/excellent-stilio-odplyw-liniowy-90-cm-zloty-inex1515900rsnp,618391,71,i/",,,
Lux,Sanitariat,Wanna / prysznic,Odpływ liniowy,Viega,Viega Advantix odpływ prysznicowy 120 cm 721671,,,,"1168,98","950,39","19,01","https://www.lazienkaplus.pl/pl/viega-advantix-odplyw-prysznicowy-120-cm-721671,486067,71,i/",,,
Lux,Sanitariat,Wanna / prysznic,Wanna,Hagser,Hagser Clara wanna wolnostojąca 180x80 cm akrylowa owalna biały połysk HGR70000012,,,,"2599,00","2113,01","42,26","https://www.lazienkaplus.pl/pl/hagser-clara-wanna-wolnostojaca-180x80-cm-akrylowa-owalna-bialy-polysk-hgr70000012,530726,323,i/",,,
Lux,Sanitariat,Wanna / prysznic,Wanna,Hagser,"Hagser Salma wanna wolnostojąca 171,5x74,5 cm owalna akrylowa biały połysk HGR19000012",,,,"2999,00","2438,21","48,76","https://www.lazienkaplus.pl/pl/hagser-salma-wanna-wolnostojaca-1715x745-cm-owalna-akrylowa-bialy-polysk-hgr19000012,538041,323,i/",,,
Lux,Sanitariat,Wanna / prysznic,Wanna,Hagser,Hagser Elisa wanna wolnostojąca 170x80 cm akrylowa prostokątna biały połysk HGR20000012,,,,"1899,00","1543,90","30,88","https://www.lazienkaplus.pl/pl/hagser-elisa-wanna-wolnostojaca-170x80-cm-akrylowa-prostokatna-bialy-polysk-hgr20000012,530720,323,i/",,,
Lux,Sanitariat,Wanna / prysznic,Wanna,Hagser,Hagser Petra wanna wolnostojąca 172x82 cm akrylowa owalna biały połysk HGR60000012,,,,"1999,00","1625,20","32,50","https://www.lazienkaplus.pl/pl/hagser-petra-wanna-wolnostojaca-172x82-cm-akrylowa-owalna-bialy-polysk-hgr60000012,530725,323,i/",,,
Lux,Sanitariat,Wanna / prysznic,Ściana / kabina prysznicowa,Radaway,"Radaway Modo New II ścianka prysznicowa walk-in 130 cm chrom połysk/szkło przezroczyste 389134-01-01","chrom / czarny. 100, 110, 120, 130 cm",,,"1845,00","1500,00","30,00","https://www.lazienkaplus.pl/pl/radaway-modo-new-ii-walk-in-scianka-130-cm-389134-01-01,489325,68,i/",,,
Lux,Sanitariat,Wanna / prysznic,Ściana / kabina prysznicowa,Radaway,Radaway Essenza Pro Gold Walk-In ścianka prysznicowa 120 cm wolnostojąca złoty połysk/szkło przezroczyste 10103120-09-01,,,,"1868,39","1519,02","30,38","https://www.lazienkaplus.pl/pl/radaway-essenza-pro-gold-walk-in-scianka-prysznicowa-120-cm-wolnostojaca-zlotyszklo-przezroczyste-10103120-09-01,534490,68,i/",,,
Lux,Sanitariat,Wanna / prysznic,Ściana / kabina prysznicowa,Excellent,Excellent Fabrika Walk-In ścianka prysznicowa 120 cm czarny mat/szkło KAEX.4006.1200.LP,,,,"1674,80","1361,63","27,23","https://www.lazienkaplus.pl/pl/excellent-fabrika-scianka-prysznicowa-120-cm-walk-in-czarny-mat-kaex40061200lp,521052,68,i/",,,
Lux,Sanitariat,Wanna / prysznic,Ściana / kabina prysznicowa,,Radaway Modo SL Black II Walk-In ścianka prysznicowa 120 cm prawa wolnostojąca czarny mat/szkło przezroczyste 10319124-54-01R,,,,"1961,10","1594,39","31,89","https://www.lazienkaplus.pl/pl/radaway-modo-sl-black-ii-walk-in-scianka-prysznicowa-120-cm-prawa-wolnostojaca-czarny-matszklo-przezroczyste-10319124-54-01r,641951,68,i/",,,
+ Standard,Sanitariat,Akcesoria / środki,Akcesoria,Oltens,"Oltens NanoCare preparat do impregnacji armatury, wanien, ceramiki 250 ml (0,25 l) 89902000",,,,"89,95","73,13","1,46","https://www.lazienkaplus.pl/pl/oltens-nanocare-preparat-do-impregnacji-armatury-wanien-ceramiki-250-ml-89902000,507790,159,i/",,,
+ Standard,Sanitariat,Wanna / prysznic,Parawan nawannowy,Roca,"Roca Capital parawan nawannowy 85 cm 1-częściowy chrom połysk/szkło przezroczyste AM4008512M
",,,,"969,99","788,61","15,77","https://www.lazienkaplus.pl/pl/roca-capital-parawan-nawannowy-1-czesciowy-85-cm-szklo-przezroczyste-am4008512m,498013,53,i/",,,
+ Standard,Sanitariat,Wanna / prysznic,Parawan nawannowy,Roca,Roca Capital parawan nawannowy 115 cm 2-częściowy chrom połysk/szkło przezroczyste AM4111512M,,,,"1259,99","1024,38","20,49","https://www.lazienkaplus.pl/pl/roca-capital-parawan-nawannowy-2-czesciowy-115-cm-szklo-przezroczyste-am4111512m,498015,53,i/",,,
Budget,Sanitariat,Wanna / prysznic,Baterie prysznicowe / wannowe,Grohe,"Grohe Eurosmart bateria wannowo-prysznicowa ścienna chrom 3330220A",,,,"353,92","287,74","5,75","https://www.lazienkaplus.pl/pl/grohe-eurosmart-bateria-wannowo-prysznicowa-scienna-chrom-3330220a,506143,120,i/",,,
Standard,Sanitariat,Wanna / prysznic,Baterie prysznicowe / wannowe,Hansgrohe,"Zestaw Hansgrohe Logis bateria wannowo-prysznicowa z kompletem natryskowym Croma Select E ściennym chrom/biały (71400000, 26425400",,,,"738,03","600,02","12,00","https://www.lazienkaplus.pl/pl/zestaw-hansgrohe-logis-bateria-wannowo-prysznicowa-z-kompletem-natryskowym-croma-select-e-sciennym-chrombialy-71400000-26425400,509866,120,i/",,,
Budget,Sanitariat,Zestaw podtnykowy WC,Stelaż podtynkowy,Geberit,Geberit Duofix Delta stelaż podtynkowy do miski WC wiszącej 111.170.00.2,,,,"648,99","527,63","10,55","https://www.lazienkaplus.pl/pl/geberit-duofix-delta-stelaz-podtynkowy-do-miski-wc-wiszacej-111170002,710811,86,i",,,
Budget,Sanitariat,Zestaw podtnykowy WC,Miska WC,Hagser,Hagser Beno miska WC z deską wolnoopadającą HGR20000042,,,,"519,99","422,76","8,46","https://www.lazienkaplus.pl/pl/hagser-beno-miska-wc-wiszaca-rimless-z-deska-wolnoopadajaca-biala-hgr20000042,532160,89,i",,,
Budget,Sanitariat,Zestaw podtnykowy WC,Miska WC,Omnires,Omnires Tampa miska WC z deską wolnoopadającą TAMPAMWBP,,,,"657,00","534,15","10,68","https://www.lazienkaplus.pl/pl/omnires-tampa-miska-wc-wiszaca-bez-kolnierza-z-deska-sedesowa-wolnoopadajaca-biala-tampamwbp,526915,89,i/",,,
Budget,Sanitariat,Zestaw podtnykowy WC,Miska WC,Omnires,Omnires Boston miska WC z deską wolnoopadającą wisząca bez kołnierza biały połysk BOSTONMWBP,,,,"657,00","534,15","10,68","https://www.lazienkaplus.pl/pl/omnires-boston-miska-wc-z-deska-wolnoopadajaca-wiszaca-bez-kolnierza-bialy-polysk-bostonmwbp,538550,89,i/",,,
Budget,Sanitariat,Zestaw podtnykowy WC,Miska WC,Oltens,Oltens Ribe miska WC z deską wolnoopadającą 42011000,,,,"499,95","406,46","8,13","https://www.lazienkaplus.pl/pl/oltens-ribe-miska-wc-wiszaca-purerim-z-deska-wolnoopadajaca-slim-biala-42011000,511663,89,i/",,,
Budget,Sanitariat,Zestaw podtnykowy WC,Miska WC,,,,,,,,,"https://www.lazienkaplus.pl/pl/oltens-hamnes-kort-miska-wc-wiszaca-purerim-biala-42019000,615975,89,i",,,
Budget,Sanitariat,Zestaw podtnykowy WC,Miska WC,,,,,,,,,"https://www.lazienkaplus.pl/pl/oltens-hamnes-miska-wc-wiszaca-purerim-biala-42013000,536694,89,i",,,
Budget,Sanitariat,Zestaw podtnykowy WC,Przycisk,Geberit,Geberit Delta20 przycisk spłukujący do WC biały 115.137.11.1,,,,"158,23","128,64","2,57","https://www.lazienkaplus.pl/pl/geberit-delta30-przycisk-splukujacy-bialy-alpin-115137111,603702,90,i",,,
Budget,Sanitariat,Zestaw podtnykowy WC,Przycisk,Geberit,Geberit Delta01 przycisk spłukujący do WC biały 115.107.11.1,,,,"116,62","94,81","1,90","https://www.lazienkaplus.pl/pl/geberit-delta01-przycisk-splukujacy-bialy-alpin-up100-115107111,601019,130,i",,,
Budget,Sanitariat,Zestaw podtnykowy WC,Przycisk,Geberit,Geberit Delta przycisk spłukujący do WC biały 115.119.11.1,,,,"199,85","162,48","3,25","https://www.lazienkaplus.pl/pl/geberit-delta50-przycisk-splukujacy-bialy-alpin-115119111,601047,130,i",,,
Standart,Sanitariat,Zestaw podtnykowy WC,Stelaż podtynkowy,Grohe,Grohe Rapid SL stelaż podtynkowy do miski WC wiszącej 38539001,,,,"651,74","529,87","10,60","https://www.lazienkaplus.pl/pl/grohe-rapid-sl-stelaz-podtynkowy-3w1-do-wc-38539001,477877,86,i",,,
Standart,Sanitariat,Zestaw podtnykowy WC,Przycisk,Grohe,Grohe Skate Cosmopolitan przycisk spłukujący chrom 38732000,,,,"214,32","174,24","3,48","https://www.lazienkaplus.pl/pl/grohe-skate-cosmopolitan-przycisk-splukujacy-chrom-38732000,26770,130,i",,,
Standart,Sanitariat,Zestaw podtnykowy WC,Przycisk,Grohe,Grohe Arena Cosmopolitan przycisk spłukujący chrom mat 38858P00,,,,"282,10","229,35","4,59","https://www.lazienkaplus.pl/pl/grohe-arena-cosmopolitan-przycisk-splukujacy-chrom-mat-38858p00,475538,130,i",,,
Standart,Sanitariat,Zestaw podtnykowy WC,Przycisk,Grohe,Grohe Nova przycisk spłukujący do WC biel alpejska 38765SH0,,,,"227,39","184,87","3,70","https://www.lazienkaplus.pl/pl/grohe-nova-przycisk-splukujacy-do-wc-biel-alpejska-38765sh0,52342,130,i",,,
Standart,Sanitariat,Zestaw podtnykowy WC,Stelaż podtynkowy,Roca,Roca Duplo One stelaż podtynkowy do miski WC wiszącej A890070020,,,,"760,00","617,89","12,36","https://www.lazienkaplus.pl/pl/roca-duplo-one-stelaz-podtynkowy-do-miski-wc-wiszacej-a890070020,531148,86,i",,,
Standart,Sanitariat,Zestaw podtnykowy WC,Przycisk,Roca,Roca PL2 przycisk spłukujący chrom A890196001,,,,"200,00","162,60","3,25","https://www.lazienkaplus.pl/pl/roca-pl2-przycisk-splukujacy-chrom-a890196001,531169,130,i",,,
Standart,Sanitariat,Zestaw podtnykowy WC,Przycisk,Roca,Roca PL2 przycisk spłukujący biały A890196000,,,,"140,00","113,82","2,28","https://www.lazienkaplus.pl/pl/roca-pl2-przycisk-splukujacy-bialy-a890196000,531108,130,i",,,
Standart,Sanitariat,Zestaw podtnykowy WC,Przycisk,Roca,Roca PL7 przycisk spłukujący do WC biały A890188207,,,,"280,00","227,64","4,55","https://www.lazienkaplus.pl/pl/roca-pl7-przycisk-splukujacy-bialy-mat-a890188207,531184,130,i",,,
Standart,Sanitariat,Zestaw podtnykowy WC,Miska WC,Oltens,Zestaw Oltens Jog miska WC wisząca PureRim z powłoką SmartClean z deską wolnoopadającą Slim 42505000,,,,"1099,90","894,23","17,88","https://www.lazienkaplus.pl/pl/zestaw-oltens-jog-miska-wc-wiszaca-purerim-z-powloka-smartclean-z-deska-wolnoopadajaca-slim-42505000,507616,89,i",,,
Standart,Sanitariat,Zestaw podtnykowy WC,Miska WC,Omnires,Omnires Ottawa miska WC z deską wolnoopadającą biały połysk OTTAWAMWBP,,,,"789,99","642,27","12,85","https://www.lazienkaplus.pl/pl/omnires-ottawa-miska-wc-wiszaca-bez-kolnierza-z-deska-wolnoopadajaca-biala-ottawamwbp,533165,89,i",,,
Standart,Sanitariat,Zestaw podtnykowy WC,Miska WC,Oltens,Zestaw Oltens Hamnes miska WC wisząca PureRim z powłoką SmartClean z deską wolnoopadającą 42514000,,,,"949,90","772,28","15,45","https://www.lazienkaplus.pl/pl/zestaw-oltens-hamnes-miska-wc-wiszaca-purerim-z-powloka-smartclean-z-deska-wolnoopadajaca-42514000,536982,89,i",,,
Standart,Sanitariat,Zestaw podtnykowy WC,Miska WC,Roca,Roca Meridian-N Compacto zestaw miska z deską A34H242000,,,,"1083,44","880,85","17,62","https://www.lazienkaplus.pl/pl/roca-meridian-n-compacto-miska-wc-wiszaca-rimless-z-deska-wolnoopadajaca-slim-biala-a34h242000,539391,89,i",,,
Standart,Sanitariat,Zestaw podtnykowy WC,Miska WC,Cersanit,Cersanit Zen miska WC z deską wolnoopadającą S701-428,,,,"759,00","617,07","12,34","https://www.lazienkaplus.pl/pl/cersanit-zen-miska-wc-clean-on-z-deska-wolnoopadajaca-slim-zestaw-bialy-s701-428,532370,89,i",,,
Standart,Sanitariat,Zestaw podtnykowy WC,Miska WC,Roca,,,,,,,,"https://www.lazienkaplus.pl/pl/roca-gap-square-miska-wc-wiszaca-biala-a346477000,405589,89,i",,,
Standart,Sanitariat,Zestaw podtnykowy WC,Miska WC,Oltens,Zestaw Oltens Vernal miska WC wisząca PureRim z powłoką SmartClean z deską wolnoopadającą Slim 42507000,,,,"1149,90","934,88","18,70","https://www.lazienkaplus.pl/pl/zestaw-oltens-vernal-miska-wc-wiszaca-purerim-z-powloka-smartclean-z-deska-wolnoopadajaca-slim-42507000,507668,89,i",,,
Standart,Sanitariat,Zestaw podtnykowy WC,Miska WC,Roca,,,,,,,,"https://www.lazienkaplus.pl/pl/roca-gap-square-compacto-miska-wc-wiszaca-rimless-supraglaze-biala-a34647as00,603602,89,i",,,
Standart,Sanitariat,Zestaw podtnykowy WC,Miska WC,Villeroy & Boch,Villeroy & Boch Architectura Combi-Pack miska WC wisząca z deską wolnoopadającą Weiss Alpin 4694HR01,,,,"929,25","755,49","15,11","https://www.lazienkaplus.pl/pl/villeroy-boch-architectura-combi-pack-miska-wc-wiszaca-z-deska-wolnoopadajaca-weiss-alpin-4694hr01,612505,89,i",,,
Lux,Sanitariat,Zestaw podtnykowy WC,Stelaż podtynkowy,Geberit,Geberit Duofix Sigma stelaż podtynkowy do miski WC wiszącej 111.320.00.6,,,,"947,99","770,72","15,41","https://www.lazienkaplus.pl/pl/geberit-duofix-sigma-stelaz-podtynkowy-do-miski-wc-wiszacej-111320006,709208,129,i",,,
Lux,Sanitariat,Zestaw podtnykowy WC,Przycisk,Geberit,Geberit Sigma01 przycisk spłukujący do WC czarny 115.660.DW.1,,,,"287,99","234,14","4,68","https://www.lazienkaplus.pl/pl/geberit-sigma01-przycisk-splukujacy-do-wc-czarny-115660dw1,704593,90,i",,,
Lux,Sanitariat,Zestaw podtnykowy WC,Przycisk,Geberit,Geberit Sigma20 przycisk spłukujący do WC chrom błyszczący-biały 115.882.KJ.1,,,,"364,99","296,74","5,93","https://www.lazienkaplus.pl/pl/geberit-sigma20-przycisk-splukujacy-do-wc-chrom-blyszczacy-bialy-115882kj1,488716,90,i",,,
Lux,Sanitariat,Zestaw podtnykowy WC,Stelaż podtynkowy,Grohe,Grohe Rapid SL stelaż podtynkowy do miski WC wiszącej 38539001,,,,"651,74","529,87","10,60","https://www.lazienkaplus.pl/pl/grohe-rapid-sl-stelaz-podtynkowy-3w1-do-wc-38539001,477877,129,i",,,
Lux,Sanitariat,Zestaw podtnykowy WC,Przycisk,Grohe,Grohe Arena przycisk spłukujący do WC chrom błyszczący 38844000,,,,"282,10","229,35","4,59","https://www.lazienkaplus.pl/pl/grohe-arena-przycisk-splukujacy-do-wc-chrom-blyszczacy-38844000,405609,90,i",,,
Lux,Sanitariat,Zestaw podtnykowy WC,Przycisk,Grohe,Grohe Nova Cosmopolitan S przycisk spłukujący do WC Biel Alpejska 37601SH0,,,,"273,99","222,76","4,46","https://www.lazienkaplus.pl/pl/grohe-nova-cosmopolitan-s-przycisk-splukujacy-biel-alpejska-37601sh0,497130,90,i",,,
Lux,Sanitariat,Zestaw podtnykowy WC,Przycisk,Grohe,Grohe Skate Cosmopolitan przycisk spłukujący tytan 38732BR0,,,,"430,00","349,59","6,99","https://www.lazienkaplus.pl/pl/grohe-skate-cosmopolitan-przycisk-splukujacy-tytan-38732br0,422010,90,i",,,
Lux,Sanitariat,Zestaw podtnykowy WC,Stelaż podtynkowy,Villeroy & Boch,Villeroy & Boch ViConnect stelaż podtynkowy do miski WC wiszącej 92242700,,,,"738,70","600,57","12,01","https://www.lazienkaplus.pl/pl/villeroy-boch-viconnect-stelaz-podtynkowy-do-miski-wc-wiszacej-92242700,564703,129,i",,,
Lux,Sanitariat,Zestaw podtnykowy WC,Przycisk,Villeroy & Boch,Villeroy & Boch ViConnect przycisk spłukujący do WC chrom błyszczący 92218061,,,,"372,99","303,24","6,06","https://www.lazienkaplus.pl/pl/villeroy-boch-viconnect-e300-przycisk-splukujacy-do-wc-chrom-92218061,549755,90,i",,,
Lux,Sanitariat,Zestaw podtnykowy WC,Przycisk,Villeroy & Boch,Villeroy & Boch ViConnect E200 przycisk spłukujący do WC chrom mat 92249069,,,,"273,41","222,28","4,45","https://www.lazienkaplus.pl/pl/villeroy-boch-viconnect-e200-przycisk-splukujacy-do-wc-chrom-mat-92249069,507473,90,i",,,
Lux,Sanitariat,Zestaw podtnykowy WC,Przycisk,Villeroy & Boch,Villeroy & Boch ViConnect przycisk spłukujący do WC chrom mat 92248569,,,,"314,99","256,09","5,12","https://www.lazienkaplus.pl/pl/villeroy-boch-viconnect-przycisk-splukujacy-do-wc-chrom-mat-92248569,685294,90,i",,,
Lux,Sanitariat,Zestaw podtnykowy WC,Miska WC,Oltens,Zestaw Oltens Jog miska WC wisząca PureRim z powłoką SmartClean z deską wolnoopadającą Slim 42505000,,,,"1099,90","894,23","17,88","https://www.lazienkaplus.pl/pl/zestaw-oltens-jog-miska-wc-wiszaca-purerim-z-powloka-smartclean-z-deska-wolnoopadajaca-slim-42505000,507616,89,i",,,
Lux,Sanitariat,Zestaw podtnykowy WC,Miska WC,Oltens,Zestaw Oltens Vernal miska WC wisząca PureRim z powłoką SmartClean z deską wolnoopadającą Slim 42507000,,,,"1149,90","934,88","18,70","https://www.lazienkaplus.pl/pl/zestaw-oltens-vernal-miska-wc-wiszaca-purerim-z-powloka-smartclean-z-deska-wolnoopadajaca-slim-42507000,507668,89,i",,,
Lux,Sanitariat,Zestaw podtnykowy WC,Miska WC,Roca,Roca Ona miska WC z deską wolnoopadającą wisząca bez kołnierza biały A34H688000,,,,"1343,84","1092,55","21,85","https://www.lazienkaplus.pl/pl/roca-ona-miska-wc-wiszaca-rimless-z-deska-wolnoopadajaca-biala-a34h688000,603621,89,i",,,
Lux,Sanitariat,Zestaw podtnykowy WC,Miska WC,Roca,Roca Ona miska WC wisząca bez kołnierza ze spłukiwaniem wirowym czarny mat A34668C080,,,,"1869,60","1520,00","30,40","https://www.lazienkaplus.pl/pl/roca-ona-miska-wc-wiszaca-bez-kolnierza-czarny-mat-a34668c080,716704,89,i/",,,
Lux,Sanitariat,Zestaw podtnykowy WC,Miska WC,Roca,Roca Gap Round miska WC z deską wolnoopadającą A34H0N8000,,,,"1111,34","903,53","18,07","https://www.lazienkaplus.pl/pl/roca-gap-round-miska-wc-wiszaca-rimless-z-deska-wolnoopadajaca-slim-biala-a34h0n8000,532131,89,i",,,
Lux,Sanitariat,Zestaw podtnykowy WC,Miska WC,Roca,,,,,,,,"https://www.lazienkaplus.pl/pl/roca-ona-miska-wc-wiszaca-rimless-supraglaze-biala-a346687s00,603564,89,i",,,
Lux,Sanitariat,Zestaw podtnykowy WC,Miska WC,Roca,Roca Meridian miska WC z deską wolnoopadającą A34H240000,,,,"1249,99","1016,25","20,33","https://www.lazienkaplus.pl/pl/roca-meridian-miska-wc-wiszaca-rimless-z-deska-slim-wolnoopadajaca-biala-a34h240000,511104,89,i",,,
Lux,Sanitariat,Zestaw podtnykowy WC,Miska WC,Roca,Roca Gap Square miska WC z deską wolnoopadającą A34H472000,,,,"1260,14","1024,50","20,49","https://www.lazienkaplus.pl/pl/roca-gap-square-miska-wc-wiszaca-rimless-z-deska-wolnoopadajaca-utraslim-biala-a34h472000,531330,89,i",,,
Lux,Sanitariat,Zestaw podtnykowy WC,Miska WC,Roca,Roca Gap miska WC wisząca bez kołnierza czarny A34647L080,,,,"1289,99","1048,77","20,98","https://www.lazienkaplus.pl/pl/roca-gap-miska-wc-wiszaca-bez-kolnierza-czarny-a34647l080,682413,89,i/",,,
Lux,Sanitariat,Zestaw podtnykowy WC,Miska WC,Cersanit,Cersanit Zen miska WC z deską wolnoopadającą wisząca bez kołnierza spłukiwanie wirowe biały połysk S701-882,,,,"1598,99","1299,99","26,00","https://www.lazienkaplus.pl/pl/cersanit-zen-miska-wc-z-deska-wolnoopadajaca-wiszaca-bez-kolnierza-splukiwanie-wirowe-bialy-polysk-s701-882,689344,89,i",,,
Lux,Sanitariat,Zestaw podtnykowy WC,Miska WC,Villeroy & Boch,Villeroy & Boch Subway 2.0 miska WC wisząca bez kołnierza CeramicPlus Pure Black 5614R0R7,,,,"1959,98","1593,48","31,87","https://www.lazienkaplus.pl/pl/villeroy-boch-subway-20-miska-wc-wiszaca-bez-kolnierza-ceramicplus-pure-black-5614r0r7,665486,89,i/",,,
Lux,Sanitariat,Zestaw podtnykowy WC,Miska WC,Villeroy & Boch,Villeroy & Boch Subway 2.0 Combi-Pack miska WC wisząca bez kołnierza CeramicPlus z deską wolnoopadającą Weiss Alpin 5614R2R1,,,,"1599,99","1300,80","26,02","https://www.lazienkaplus.pl/pl/villeroy-boch-subway-20-combi-pack-miska-wc-wiszaca-bez-kolnierza-ceramicplus-z-deska-wolnoopadajaca-weiss-alpin-5614r2r1,483230,89,i",,,
Lux,Sanitariat,Zestaw podtnykowy WC,Miska WC,Villeroy & Boch,,,,,,,,"https://www.lazienkaplus.pl/pl/villeroy-boch-subway-20-combi-pack-miska-wc-wiszaca-bez-kolnierza-z-deska-wolnoopadajaca-weiss-alpin-5614r201,483727,89,i",,,
Lux,Sanitariat,Zestaw podtnykowy WC,Miska WC,Geberit,Geberit Smyle Square miska WC wisząca Rimfree KeraTect biała 500.379.01.8,,,,"1296,99","1054,46","21,09","https://www.lazienkaplus.pl/pl/geberit-smyle-square-miska-wc-wiszaca-rimfree-keratect-biala-500379018,633728,89,i",,,
Lux,Sanitariat,Zestaw podtnykowy WC,Miska WC,Grohe,,,,,,,,"https://www.lazienkaplus.pl/pl/grohe-euro-ceramic-miska-wc-wiszaca-z-deska-wolnoopadajaca-bialy-39703000,590897,89,i",,,
Lux,Sanitariat,Zestaw podtnykowy WC,Miska WC,Grohe,Grohe Euro Ceramic miska WC z deską wolnoopadającą spłukiwanie wirowe biała 39693000,,,,"1215,99","988,61","19,77","https://www.lazienkaplus.pl/pl/zestaw-grohe-euro-ceramic-miska-wc-wiszaca-z-deska-wolnoopadajaca-bialy-39693000,581034,89,i",,,
Budget,Sanitariat,Bateria wannowa / prysznicowa,Zestaw prysznicowy,Deante,Deante Lupo zestaw prysznicowy ścienny z deszczownicą chrom NLU_F1RK,,,,"439,00","356,91","7,14","https://www.lazienkaplus.pl/pl/deante-lupo-zestaw-prysznicowy-scienny-z-deszczownica-chrom-nlu_f1rk,676410,138,i",,,
Budget,Sanitariat,Bateria wannowa / prysznicowa,Zestaw prysznicowy,Deante,Deante Neo Boro zestaw wannowo-prysznicowy ścienny z deszczownicą chrom NER_01RK,,,,"399,00","324,39","6,49","https://www.lazienkaplus.pl/pl/deante-neo-boro-zestaw-wannowo-prysznicowy-scienny-z-deszczownica-chrom-ner_01rk,676411,138,i",,,
Budget,Sanitariat,Bateria wannowa / prysznicowa,Zestaw prysznicowy,Deante,Deante Neo Joko Square zestaw prysznicowy ścienny chrom NBJ01SK,,,,"319,00","259,35","5,19","https://www.lazienkaplus.pl/pl/deante-neo-joko-square-zestaw-prysznicowy-scienny-chrom-nbj01sk,504946,138,i",,,
Budget,Sanitariat,Bateria wannowa / prysznicowa,Bateria wannowo-prysznicowa z kompletem natryskowym,Deante,Deante Boro bateria wannowo-prysznicowa ścienna chrom BMO_011C,,,,"327,00","265,85","5,32","https://www.lazienkaplus.pl/pl/deante-boro-bateria-wannowo-prysznicowa-scienna-chrom-bmo_011c,707801,120,i",,,
Budget,Sanitariat,Bateria wannowa / prysznicowa,Bateria wannowo-prysznicowa z kompletem natryskowym,Grohe,Grohe Eurosmart bateria wannowo-prysznicowa ścienna chrom 3330220A,,,,"353,92","287,74","5,75","https://www.lazienkaplus.pl/pl/grohe-eurosmart-bateria-wannowo-prysznicowa-scienna-chrom-3330220a,506143,120,i",,,
Budget,Sanitariat,Bateria wannowa / prysznicowa,Bateria wannowo-prysznicowa z kompletem natryskowym,Deante,Deante Neo Symetrio bateria wannowo-prysznicowa ścienna chrom BOS011D,,,,"303,00","246,34","4,93","https://www.lazienkaplus.pl/pl/deante-neo-symetrio-bateria-wannowo-prysznicowa-scienna-chrom-bos011d,534000,120,i",,,
Standart,Sanitariat,Bateria wannowa / prysznicowa,Zestaw prysznicowy,Omnires,Omnires Fresh zestaw prysznicowy z deszczownicą ścienny chrom FR7144CR,,,,"2042,68","1660,72","33,21","https://www.lazienkaplus.pl/pl/omnires-fresh-zestaw-prysznicowy-z-deszczownica-scienny-chrom-fr7144cr,504216,138,i",,,
Standart,Sanitariat,Bateria wannowa / prysznicowa,Zestaw prysznicowy,Oltens,Oltens Vernal zestaw prysznicowy z baterią prysznicową ścienną chrom 36053100,,,,"1089,90","886,10","17,72","https://www.lazienkaplus.pl/pl/oltens-vernal-zestaw-prysznicowy-z-bateria-prysznicowa-scienna-chrom-36053100,703996,138,i",,,
Standart,Sanitariat,Bateria wannowa / prysznicowa,Zestaw prysznicowy,Oltens,Oltens Jog zestaw prysznicowy z baterią wannowo-prysznicową ścienną chrom 36080100,,,,"1109,90","902,36","18,05","https://www.lazienkaplus.pl/pl/oltens-jog-zestaw-prysznicowy-z-bateria-wannowo-prysznicowa-scienna-chrom-36080100,718190,138,i",,,
Standart,Sanitariat,Bateria wannowa / prysznicowa,Zestaw prysznicowy,Grohe,"Grohe Vitalio Comfort 250 zestaw prysznicowy ścienny z deszczownicą i bateria prysznicowa ścienna Start Edge chrom ( 26698001, 24197001)",,,,"1088,98","885,35","17,71","https://www.lazienkaplus.pl/pl/grohe-vitalio-comfort-250-zestaw-prysznicowy-scienny-z-deszczownica-i-bateria-prysznicowa-scienna-start-edge-chrom-26698001-24197001,720176,138,i",,,
Standart,Sanitariat,Bateria wannowa / prysznicowa,Zestaw prysznicowy,Grohe,"Grohe Vitalio Start System 250 zestaw prysznicowy ścienny z deszczownicą i bateria prysznicowa ścienna Start Edge chrom (26680001, 24197001)",,,,"1097,98","892,67","17,85","https://www.lazienkaplus.pl/pl/grohe-vitalio-start-system-250-zestaw-prysznicowy-scienny-z-deszczownica-i-bateria-prysznicowa-scienna-start-edge-chrom-26680001-24197001,720177,138,i",,,
Standart,Sanitariat,Bateria wannowa / prysznicowa,Bateria wannowo-prysznicowa z kompletem natryskowym,Omnires,Omnires Modern bateria wannowo-prysznicowa ścienna chrom C304CR,,,,"553,00","449,59","8,99","https://www.lazienkaplus.pl/pl/omnires-modern-bateria-wannowo-prysznicowa-kompletna-chrom-c304,49309,120,i",,,
Standart,Sanitariat,Bateria wannowa / prysznicowa,Bateria wannowo-prysznicowa z kompletem natryskowym,Grohe,Grohe Essence bateria wannowo-prysznicowa ścienna StarLight Chrome 33628001,,,,"799,99","650,40","13,01","https://www.lazienkaplus.pl/pl/grohe-essence-bateria-wannowo-prysznicowa-scienna-starlight-chrome-33628001,480416,120,i",,,
Standart,Sanitariat,Bateria wannowa / prysznicowa,Bateria wannowo-prysznicowa z kompletem natryskowym,Omnires,Omnires Y bateria wannowo-prysznicowa ścienna chrom Y1231CR,,,,"884,00","718,70","14,37","https://www.lazienkaplus.pl/pl/omnires-y-bateria-wannowo-prysznicowa-scienna-chrom-y1231cr,663731,120,i",,,
Standart,Sanitariat,Bateria wannowa / prysznicowa,Bateria wannowo-prysznicowa z kompletem natryskowym,Hansgrohe,"Zestaw Hansgrohe Logis bateria wannowo-prysznicowa z kompletem natryskowym Croma Select E ściennym chrom/biały (71400000, 26425400)",,,,"738,03","600,02","12,00","https://www.lazienkaplus.pl/pl/zestaw-hansgrohe-logis-bateria-wannowo-prysznicowa-z-kompletem-natryskowym-croma-select-e-sciennym-chrombialy-71400000-26425400,509866,120,i",,,
Standart,Sanitariat,Bateria wannowa / prysznicowa,Bateria wannowo-prysznicowa z kompletem natryskowym,Oltens,"Zestaw Oltens Vernal bateria wannowo-prysznicowa ścienna z kompletem natryskowym Saxan chrom (34004100, 36008100)",,,,"759,80","617,72","12,35","https://www.lazienkaplus.pl/pl/zestaw-oltens-vernal-bateria-wannowo-prysznicowa-scienna-z-kompletem-natryskowym-saxan-chrom-34004100-36008100,513504,120,i",,,
Standart,Sanitariat,Bateria wannowa / prysznicowa,Bateria wannowo-prysznicowa z kompletem natryskowym,Oltens,Zestaw Oltens Hadsel bateria wannowo-prysznicowa ścienna z kompletem natryskowym Tinde Alling chrom 36058100,,,,"799,80","650,24","13,00","https://www.lazienkaplus.pl/pl/zestaw-oltens-hadsel-bateria-wannowo-prysznicowa-scienna-z-kompletem-natryskowym-tinde-alling-chrom-36058100,718046,138,i",,,
Lux,Sanitariat,Bateria wannowa / prysznicowa,Zestaw prysznicowy,Omnires,Omnires Y zestaw prysznicowy podtynkowy czarny SYSY18BL,,,,"2064,72","1678,63","33,57","https://www.lazienkaplus.pl/pl/omnires-y-zestaw-prysznicowy-podtynkowy-z-deszczownica-czarny-polpolysk-sysy18bl,507548,138,i",,,
Lux,Sanitariat,Bateria wannowa / prysznicowa,Zestaw prysznicowy,Omnires,Omnires Fresh zestaw prysznicowy podtynkowy z deszczownicą chrom SYSFR11CR,,,,"1317,99","1071,54","21,43","https://www.lazienkaplus.pl/pl/omnires-fresh-zestaw-prysznicowy-podtynkowy-z-deszczownica-chrom-sysfr11cr,474841,138,i",,,
Lux,Sanitariat,Bateria wannowa / prysznicowa,Zestaw prysznicowy,Omnires,Omnires Parma zestaw prysznicowy podtynkowy z deszczownicą chrom SYSPM10CR,,,,"1291,28","1049,82","21,00","https://www.lazienkaplus.pl/pl/omnires-parma-zestaw-prysznicowy-podtynkowy-z-deszczownica-chrom-syspm10cr,497056,138,i",,,
Lux,Sanitariat,Bateria wannowa / prysznicowa,Zestaw prysznicowy,Oltens,Zestaw Oltens Molle bateria podtynkowa z deszczownicą 30 cm Sondera i kompletem prysznicowym Ume chrom 36600100,,,,"1569,70","1276,18","25,52","https://www.lazienkaplus.pl/pl/zestaw-oltens-molle-bateria-podtynkowa-z-deszczownica-30-cm-sondera-i-kompletem-prysznicowym-ume-chrom-36600100,511010,138,i",,,
Lux,Sanitariat,Bateria wannowa / prysznicowa,Zestaw prysznicowy,Oltens,"Zestaw Oltens Vernal bateria podtynkowa z deszczownicą 25 cm Vindel i kompletem prysznicowym Driva EasyClick (34104100, 39400100, 37000100, 37101110, 37200100, 39304100)",,,,"1439,70","1170,49","23,41","https://www.lazienkaplus.pl/pl/zestaw-oltens-vernal-bateria-podtynkowa-z-deszczownica-25-cm-vindel-i-kompletem-prysznicowym-driva-easyclick-34104100-39400100-37000100-37101110-37200100-39304100,510246,138,i",,,
Lux,Sanitariat,Bateria wannowa / prysznicowa,Zestaw prysznicowy,Oltens,Zestaw Oltens Gota bateria podtynkowa z deszczownicą 22 cm Atran i kompletem prysznicowym Sog chrom połysk 36616100,,,,"1569,70","1276,18","25,52","https://www.lazienkaplus.pl/pl/zestaw-oltens-gota-bateria-podtynkowa-z-deszczownica-22-cm-atran-i-kompletem-prysznicowym-sog-chrom-polysk-36616100,657926,138,i",,,
Lux,Sanitariat,Bateria wannowa / prysznicowa,Bateria wannowo-prysznicowa z kompletem natryskowym,Omnires,Omnires Y bateria wannowo-prysznicowa podtynkowa chrom Y1237/1CR,,,,"1736,95","1412,15","28,24","https://www.lazienkaplus.pl/pl/omnires-y-bateria-wannowo-prysznicowa-podtynkowa-chrom-y12371cr,557268,120,i",,,
Lux,Sanitariat,Bateria wannowa / prysznicowa,Bateria wannowo-prysznicowa z kompletem natryskowym,Oltens,Oltens Molle bateria wannowo-prysznicowa podtynkowa chrom 34105100,,,,"1599,95","1300,77","26,02","https://www.lazienkaplus.pl/pl/oltens-molle-bateria-wannowo-prysznicowa-podtynkowa-4-otworowa-chrom-34105100,575748,120,i",,,
Lux,Sanitariat,Bateria wannowa / prysznicowa,Bateria wannowo-prysznicowa z kompletem natryskowym,Grohe,,,,,,,,"https://www.lazienkaplus.pl/pl/grohe-plus-bateria-wannowo-prysznicowa-scienna-chrom-33547003,528635,120,i",,,
Lux,Sanitariat,Bateria wannowa / prysznicowa,Bateria wannowo-prysznicowa z kompletem natryskowym,Oltens,Oltens Hadsel bateria wannowo-prysznicowa wolnostojąca grafit 34303400,,,,"2999,95","2438,98","48,78","https://www.lazienkaplus.pl/pl/oltens-hadsel-bateria-wannowo-prysznicowa-wolnostojaca-grafit-34303400,674261,120,i/",,,
Lux,Sanitariat,Bateria wannowa / prysznicowa,Bateria wannowo-prysznicowa z kompletem natryskowym,,Oltens Hadsel bateria wannowo-prysznicowa wolnostojąca czarny mat 34303300,,,,"2699,95","2195,08","43,90","https://www.lazienkaplus.pl/pl/oltens-hadsel-bateria-wannowo-prysznicowa-wolnostojaca-czarny-mat-34303300,674218,120,i/",,,
Lux,Sanitariat,Bateria wannowa / prysznicowa,Bateria wannowo-prysznicowa z kompletem natryskowym,Oltens,Oltens Hadsel bateria wannowo-prysznicowa wolnostojąca chrom 34303100,,,,"2199,95","1788,58","35,77","https://www.lazienkaplus.pl/pl/oltens-hadsel-bateria-wannowo-prysznicowa-wolnostojaca-chrom-34303100,674217,120,i/",,,
Lux,Sanitariat,Bateria wannowa / prysznicowa,Bateria wannowo-prysznicowa z kompletem natryskowym,Oltens,Oltens Hadsel bateria wannowo-prysznicowa podtynkowa czarny mat 34109300,,,,"1599,95","1300,77","26,02","https://www.lazienkaplus.pl/pl/oltens-hadsel-bateria-wannowo-prysznicowa-podtynkowa-czarny-mat-34109300,674259,120,i",,,
,,,,,Oltens Molle bateria wannowo-prysznicowa wolnostojąca chrom 34300100,,,,"2299,95","1869,88","37,40","https://www.lazienkaplus.pl/pl/oltens-molle-bateria-wannowo-prysznicowa-kompletna-wolnostojaca-chrom-34300100,503770,120,i/",,,
,,,,,Oltens Molle bateria wannowo-prysznicowa wolnostojąca czarny mat 34300300,,,,"3199,95","2601,59","52,03","https://www.lazienkaplus.pl/pl/oltens-molle-bateria-wannowo-prysznicowa-kompletna-wolnostojaca-czarny-mat-34300300,525904,120,i/",,,
,,,,,Oltens Molle bateria wannowo-prysznicowa wolnostojąca złoty połysk 34300800,,,,"3199,95","2601,59","52,03","https://www.lazienkaplus.pl/pl/oltens-molle-bateria-wannowo-prysznicowa-kompletna-wolnostojaca-zloty-polysk-34300800,545275,120,i/",,,
Lux,Sanitariat,Bateria wannowa / prysznicowa,Bateria wannowo-prysznicowa z kompletem natryskowym,Hansgrohe,,,,,,,,"https://www.lazienkaplus.pl/pl/hansgrohe-talis-e-bateria-wannowo-prysznicowa-4-otworowa-chrom-71748000,484619,120,i",,,
Lux,Sanitariat,Bateria wannowa / prysznicowa,Bateria wannowo-prysznicowa z kompletem natryskowym,Oltens,,,,,,,,"https://www.lazienkaplus.pl/pl/oltens-hamnes-bateria-wannowo-prysznicowa-podtynkowa-4-otworowa-kompletna-czarny-mat-34107300,604582,120,i",,,
Budget,Sanitariat,Bateria umywalkowa,Bateria umywalkowa,Deante,Deante Tubo bateria umywalkowa stojąca chrom BUT_020M,,,,"175,00","142,28","2,85","https://www.lazienkaplus.pl/pl/deante-tubo-bateria-umywalkowa-stojaca-chrom-but_020m,616330,118,i",,,
Budget,Sanitariat,Bateria umywalkowa,Bateria umywalkowa,Omnires,Omnires Parma bateria umywalkowa chrom PM7410CR,,,,"296,19","240,80","4,82","https://www.lazienkaplus.pl/pl/omnires-parma-bateria-umywalkowa-chrom-pm7410cr,493416,118,i",,,
Budget,Sanitariat,Bateria umywalkowa,Bateria umywalkowa,Cersanit,Cersanit Verso bateria umywalkowa stojąca chrom S951-404,,,,"217,30","176,67","3,53","https://www.lazienkaplus.pl/pl/cersanit-verso-bateria-umywalkowa-stojaca-chrom-s951-404,559001,118,i",,,
Budget,Sanitariat,Bateria umywalkowa,Bateria umywalkowa,Deante,Deante Neo Boro bateria umywalkowa stojąca chrom BMO026M,,,,"143,00","116,26","2,33","https://www.lazienkaplus.pl/pl/deante-neo-boro-bateria-umywalkowa-stojaca-chrom-bmo026m,527279,118,i",,,
Budget,Sanitariat,Bateria umywalkowa,Bateria umywalkowa,Deante,Deante Neo Lupo bateria umywalkowa stojąca stal BLU_F20K,,,,"207,00","168,29","3,37","https://www.lazienkaplus.pl/pl/deante-neo-lupo-bateria-umywalkowa-stojaca-stal-blu_f20k,631134,118,i",,,
Standart,Sanitariat,Bateria umywalkowa,Bateria umywalkowa,Omnires,Omnires Y bateria umywalkowa stojąca chrom Y1210NCR,,,,"425,00","345,53","6,91","https://www.lazienkaplus.pl/pl/omnires-y-bateria-umywalkowa-stojaca-chrom-y1210ncr,500949,118,i",,,
Standart,Sanitariat,Bateria umywalkowa,Bateria umywalkowa,Omnires,Omnires Y bateria umywalkowa stojąca chrom Y1212CCR,,,,"476,00","386,99","7,74","https://www.lazienkaplus.pl/pl/omnires-y-bateria-umywalkowa-stojaca-chrom-y1212ccr,474842,118,i",,,
Standart,Sanitariat,Bateria umywalkowa,Bateria umywalkowa,Omnires,Omnires Parma bateria umywalkowa chrom PM7410CR,,,,"306,00","248,78","4,98","https://www.lazienkaplus.pl/pl/omnires-parma-bateria-umywalkowa-chrom-pm7410cr,493416,118,i",,,
Standart,Sanitariat,Bateria umywalkowa,Bateria umywalkowa,Omnires,Omnires Sacramento bateria umywalkowa stojąca chrom SC2310CR,,,,"340,00","276,42","5,53","https://www.lazienkaplus.pl/pl/omnires-sacramento-bateria-umywalkowa-stojaca-chrom-sc2310cr,591162,118,i",,,
Standart,Sanitariat,Bateria umywalkowa,Bateria umywalkowa,Omnires,Omnires Slide bateria umywalkowa stojąca chrom SL7710CR,,,,"323,00","262,60","5,25","https://www.lazienkaplus.pl/pl/omnires-slide-bateria-umywalkowa-stojaca-chrom-sl7710cr,510935,118,i",,,
Standart,Sanitariat,Bateria umywalkowa,Bateria umywalkowa,Grohe,Grohe Eurostyle New bateria umywalkowa chrom 23707003,,,,"459,91","373,91","7,48","https://www.lazienkaplus.pl/pl/grohe-eurostyle-new-bateria-umywalkowa-stojaca-chrom-23707003,488470,118,i",,,
Standart,Sanitariat,Bateria umywalkowa,Bateria umywalkowa,Grohe,Grohe Start bateria umywalkowa stojąca QuickFix wysoka chrom 24203002,,,,"488,33","397,02","7,94","https://www.lazienkaplus.pl/pl/grohe-start-bateria-umywalkowa-stojaca-wysoka-chrom-24203002,580879,118,i",,,
Standart,Sanitariat,Bateria umywalkowa,Bateria umywalkowa,Hansgrohe,Hansgrohe Rebris S bateria umywalkowa stojąca chrom 72520000,,,,"373,54","303,69","6,07","https://www.lazienkaplus.pl/pl/hansgrohe-rebris-s-bateria-umywalkowa-stojaca-chrom-72520000,655281,118,i",,,
Standart,Sanitariat,Bateria umywalkowa,Bateria umywalkowa,Hansgrohe,Hansgrohe Vernis Blend bateria umywalkowa stojąca wysoka EcoSmart chrom 71552000,,,,"383,00","311,38","6,23","https://www.lazienkaplus.pl/pl/hansgrohe-vernis-blend-bateria-umywalkowa-stojaca-wysoka-ecosmart-chrom-71552000,579928,118,i",,,
Standart,Sanitariat,Bateria umywalkowa,Bateria umywalkowa,Hansgrohe,Hansgrohe Vernis Shape bateria umywalkowa stojąca wysoka EcoSmart chrom 71591000,,,,"439,00","356,91","7,14","https://www.lazienkaplus.pl/pl/hansgrohe-vernis-shape-bateria-umywalkowa-stojaca-wysoka-ecosmart-chrom-71591000,580157,118,i",,,
Lux,Sanitariat,Bateria umywalkowa,Bateria umywalkowa,Omnires,Omnires Y bateria umywalkowa podtynkowa chrom Y1215HROCR,,,,"323,00","262,60","5,25","https://www.lazienkaplus.pl/pl/omnires-y-bateria-umywalkowa-podtynkowa-chrom-y1215hrocr,682479,118,i",,,
Lux,Sanitariat,Bateria umywalkowa,Bateria umywalkowa,Omnires,Omnires Fresh bateria umywalkowa podtynkowa chrom FR7115NCR,,,,"493,00","400,81","8,02","https://www.lazienkaplus.pl/pl/omnires-fresh-bateria-umywalkowa-podtynkowa-chrom-fr7115ncr,510451,118,i",,,
Lux,Sanitariat,Bateria umywalkowa,Bateria umywalkowa,Omnires,,,,,,,,"https://www.lazienkaplus.pl/pl/omnires-y-bateria-umywalkowa-podtynkowa-chrom-y1215hcr,512919,118,i",,,
Lux,Sanitariat,Bateria umywalkowa,Bateria umywalkowa,Omnires,Omnires Baretti bateria umywalkowa podtynkowa chrom BA7815CR,,,,"485,00","394,31","7,89","https://www.lazienkaplus.pl/pl/omnires-baretti-bateria-umywalkowa-podtynkowa-chrom-ba7815cr,590543,118,i",,,
Lux,Sanitariat,Bateria umywalkowa,Bateria umywalkowa,Omnires,Omnires Slide bateria umywalkowa podtynkowa grafit SL7715GR,,,,"587,01","477,24","9,54","https://www.lazienkaplus.pl/pl/omnires-slide-bateria-umywalkowa-podtynkowa-grafit-sl7715gr,565573,118,i",,,
Lux,Sanitariat,Bateria umywalkowa,Bateria umywalkowa,Omnires,Omnires Sacramento bateria umywalkowa podtynkowa chrom/biały SC2315CRB,,,,"655,00","532,52","10,65","https://www.lazienkaplus.pl/pl/omnires-sacramento-bateria-umywalkowa-podtynkowa-chrombialy-sc2315crb,593942,118,i",,,
Lux,Sanitariat,Bateria umywalkowa,Bateria umywalkowa,Oltens,Oltens Molle bateria umywalkowa podtynkowa chrom 32100100,,,,"619,95","504,02","10,08","https://www.lazienkaplus.pl/pl/oltens-molle-bateria-umywalkowa-podtynkowa-kompletna-chrom-32100100,503765,118,i",,,
Lux,Sanitariat,Bateria umywalkowa,Bateria umywalkowa,Oltens,Oltens Gulfoss bateria umywalkowa podtynkowa chrom 32102100,,,,"539,95","438,98","8,78","https://www.lazienkaplus.pl/pl/oltens-gulfoss-bateria-umywalkowa-podtynkowa-kompletna-chrom-32102100,503784,118,i",,,
Lux,Sanitariat,Bateria umywalkowa,Bateria umywalkowa,Oltens,Oltens Jog bateria umywalkowa podtynkowa chrom 32103100,,,,"449,95","365,81","7,32","https://www.lazienkaplus.pl/pl/oltens-jog-bateria-umywalkowa-podtynkowa-kompletna-chrom-32103100,503793,118,i",,,
Lux,Sanitariat,Bateria umywalkowa,Bateria umywalkowa,Oltens,,,,,,,,"https://www.lazienkaplus.pl/pl/oltens-vernal-bateria-umywalkowa-podtynkowa-kompletna-chrom-32104100,503801,118,i",,,
Lux,Sanitariat,Bateria umywalkowa,Bateria umywalkowa,Oltens,Oltens Gota bateria umywalkowa podtynkowa chrom 32101100,,,,"619,95","504,02","10,08","https://www.lazienkaplus.pl/pl/oltens-gota-bateria-umywalkowa-podtynkowa-kompletna-chrom-32101100,503776,118,i",,,
Lux,Sanitariat,Bateria umywalkowa,Bateria umywalkowa,Hansgrohe,Hansgrohe Vernis Shape bateria umywalkowa podtynkowa EcoSmart chrom 71578000,,,,"483,22","392,86","7,86","https://www.lazienkaplus.pl/pl/hansgrohe-vernis-shape-bateria-umywalkowa-podtynkowa-ecosmart-chrom-71578000,580141,118,i",,,
Lux,Sanitariat,Bateria umywalkowa,Bateria umywalkowa,Hansgrohe,Hansgrohe Vivenis bateria umywalkowa podtynkowa chrom 75050000,,,,"846,90","688,54","13,77","https://www.lazienkaplus.pl/pl/hansgrohe-vivenis-bateria-umywalkowa-podtynkowa-chrom-75050000,571281,118,i",,,
Lux,Sanitariat,Bateria umywalkowa,Bateria umywalkowa,Hansgrohe,,,,,,,,"https://www.lazienkaplus.pl/pl/hansgrohe-talis-e-bateria-umywalkowa-podtynkowa-chrom-71732000,484442,118,i",,,
Lux,Sanitariat,Bateria umywalkowa,Bateria umywalkowa,Hansgrohe,Hansgrohe Zesis S bateria umywalkowa podtynkowa chrom 74750000,,,,"724,98","589,41","11,79","https://www.lazienkaplus.pl/pl/hansgrohe-zesis-s-bateria-umywalkowa-podtynkowa-chrom-74750000,706835,118,i",,,
Lux,Sanitariat,Bateria umywalkowa,Bateria umywalkowa,Grohe,,,,,,,,"https://www.lazienkaplus.pl/pl/grohe-eurostyle-cosmopolitan-bateria-umywalkowa-podtynkowa-2-otworowa-chrom-19571002,414154,118,i",,,
Lux,Sanitariat,Bateria umywalkowa,Bateria umywalkowa,Villeroy & Boch,,,,,,,,"https://www.lazienkaplus.pl/pl/villeroy-boch-loop-friends-bateria-umywalkowa-podtynkowa-chrom-tvz10601000061,667281,118,i",,,
Budget,Sanitariat,Umywalki,Umywalka ścienna,Geberit,Geberit Selnova umywalka 45x37 cm półokrągła biała 500.324.01.7,,,,"195,98","159,33","3,19","https://www.lazienkaplus.pl/pl/geberit-selnova-umywalka-45x37-cm-polokragla-biala-500324017,634109,81,i",,,
Budget,Sanitariat,Umywalki,Umywalka ścienna-nablatowa,Geberit,Geberit Selnova Square umywalka 45x35 cm prostokątna ścienna-nablatowa biała 500.322.01.7,,,,"207,98","169,09","3,38","https://www.lazienkaplus.pl/pl/geberit-selnova-square-umywalka-45x35-cm-prostokatna-scienna-nablatowa-biala-500322017,634114,81,i",,,
Budget,Sanitariat,Umywalki,Umywalka wpuszczana,Geberit,Geberit Variform umywalka 48 cm wpuszczana okrągła biała 500.707.01.2,,,,"345,99","281,29","5,63","https://www.lazienkaplus.pl/pl/geberit-variform-umywalka-48-cm-wpuszczana-okragla-biala-500707012,633676,81,i",,,
Budget,Sanitariat,Umywalki,Umywalka wpuszczana,Cersanit,Cersanit Moduo umywalka 50x40 cm wpuszczana prostokątna biała K116-042,,,,"303,48","246,73","4,93","https://www.lazienkaplus.pl/pl/cersanit-moduo-umywalka-50x40-cm-wpuszczana-prostokatna-biala-k116-042,555332,81,i",,,
Standart,Sanitariat,Umywalki,,,,,,,,,,"https://www.lazienkaplus.pl/pl/oltens-tive-umywalka-61x40-cm-wpuszczana-owalna-z-powloka-smartclean-biala-40823000,626023,81,i",,,
Standart,Sanitariat,Umywalki,Umywalka wpuszczana,Oltens,Oltens Tive umywalka 61x40 cm owalna wpuszczana biała 40323000,,,,"429,95","349,55","6,99","https://www.lazienkaplus.pl/pl/oltens-tive-umywalka-61x40-cm-wpuszczana-owalna-biala-40323000,626018,81,i",,,
Standart,Sanitariat,Umywalki,Umywalka wpuszczana,Oltens,"Oltens Kolma umywalka 61x47,5 cm prostokątna wpuszczana biała 41208000",,,,"529,95","430,85","8,62","https://www.lazienkaplus.pl/pl/oltens-kolma-umywalka-61x475-cm-wpuszczana-prostokatna-biala-41208000,626017,81,i",,,
Standart,Sanitariat,Umywalki,Umywalka wpuszczana,Geberit,Geberit Variform umywalka 55x45 cm wpuszczana prostokątna biała 500.741.01.2,,,,"399,99","325,20","6,50","https://www.lazienkaplus.pl/pl/geberit-variform-umywalka-55x45-cm-wpuszczana-prostokatna-biala-500741012,633252,81,i",,,
Standart,Sanitariat,Umywalki,Umywalka wpuszczana,Geberit,Geberit Variform umywalka 60x40 cm wpuszczana owalna biała 500.730.01.2,,,,"455,99","370,72","7,41","https://www.lazienkaplus.pl/pl/geberit-variform-umywalka-60x40-cm-wpuszczana-owalna-biala-500730012,633167,81,i",,,
Standart,Sanitariat,Umywalki,Umywalka wpuszczana,Geberit,Geberit Variform umywalka 55x40 cm wpuszczana prostokątna biała 500.739.01.2,,,,"448,99","365,03","7,30","https://www.lazienkaplus.pl/pl/geberit-variform-umywalka-55x40-cm-wpuszczana-prostokatna-biala-500739012,633816,81,i",,,
Standart,Sanitariat,Umywalki,Umywalka podblatowa,Oltens,Oltens Gapa umywalka 56x41 cm podblatowa z powłoką SmartClean owalna biała 40604000,,,,"499,95","406,46","8,13","https://www.lazienkaplus.pl/pl/oltens-gapa-umywalka-56x41-cm-owalna-podblatowa-biala-40604000,669783,81,i",,,
Standart,Sanitariat,Umywalki,Umywalka podblatowa,Oltens,"Oltens Drammen umywalka 48x36,5 cm prostokątna podblatowa biała 40106000",,,,"479,95","390,20","7,80","https://www.lazienkaplus.pl/pl/oltens-drammen-umywalka-48x365-cm-prostokatna-podblatowa-biala-40106000,669782,81,i",,,
Standart,Sanitariat,Umywalki,Umywalka podblatowa,Oltens,Oltens Mana umywalka 46x38 cm podblatowa owalna z powłoką SmartClean biała 40600000,,,,"419,95","341,42","6,83","https://www.lazienkaplus.pl/pl/oltens-mana-umywalka-46x38-cm-podblatowa-owalna-z-powloka-smartclean-biala-40600000,508994,81,i",,,
Standart,Sanitariat,Umywalki,Umywalka nablatowa,Omnires,Omnires Mesa umywalka 53x32 cm owalna nablatowa biała MESA530BP,,,,"423,00","343,90","6,88","https://www.lazienkaplus.pl/pl/omnires-mesa-umywalka-53x32-cm-nablatowa-owalna-bialy-polysk-mesa530bp,634903,81,i",,,
Standart,Sanitariat,Umywalki,Umywalka nablatowa,Omnires,Omnires Garland umywalka 60x43 cm prostokątna nablatowa biała GARLAND600BP,,,,"504,00","409,76","8,20","https://www.lazienkaplus.pl/pl/omnires-garland-umywalka-60x43-cm-prostokatna-bialy-polysk-garland600bp,566266,81,i",,,
Standart,Sanitariat,Umywalki,Umywalka nablatowa,Omnires,Omnires Atlanta umywalka 61x40 cm owalna nablatowa biała ATLANTA610BP,,,,"476,99","387,80","7,76","https://www.lazienkaplus.pl/pl/omnires-atlanta-umywalka-61x40-cm-nablatowa-owalna-bialy-polysk-atlanta610bp,637087,81,i",,,
Standart,Sanitariat,Umywalki,Umywalka nablatowa,Omnires,Omnires Tulsa umywalka 36x36 cm okrągła nablatowa biała TULSA355BM,,,,"468,00","380,49","7,61","https://www.lazienkaplus.pl/pl/omnires-tulsa-umywalka-36-cm-nablatowa-okragla-bialy-mat-tulsa355bm,637083,81,i",,,
Standart,Sanitariat,Umywalki,Umywalka nablatowa,Omnires,Omnires Corfu M+ umywalka 50x25 cm prostokątna ścienna-nablatowa biała CorfuBP,,,,"509,99","414,63","8,29","https://www.lazienkaplus.pl/pl/omnires-corfu-m-umywalka-50x25-cm-prostokatna-scienna-nablatowa-biala-corfubp,475730,81,i",,,
Standart,Sanitariat,Umywalki,Umywalka nablatowa,Oltens,Oltens Etne umywalka 40x33 cm owalna nablatowa biała 40313000,,,,"499,95","406,46","8,13","https://www.lazienkaplus.pl/pl/oltens-etne-umywalka-40x33-cm-nablatowa-owalna-biala-40313000,508776,81,i",,,
Standart,Sanitariat,Umywalki,Umywalka nablatowa,Oltens,Oltens Fossa umywalka 40x40 cm okrągła nablatowa biała 40302000,,,,"429,95","349,55","6,99","https://www.lazienkaplus.pl/pl/oltens-fossa-umywalka-40-cm-nablatowa-okragla-biala-40302000,503753,81,i",,,
Lux,Sanitariat,Umywalki,Umywalka nablatowa,Oltens,"Oltens Hamnes umywalka 60x42,5 cm nablatowa owalna z powłoką SmartClean biała 40815000",,,,"749,95","609,72","12,19","https://www.lazienkaplus.pl/pl/oltens-hamnes-umywalka-60x425-cm-nablatowa-owalna-z-powloka-smartclean-biala-40815000,508989,81,i",,,
Lux,Sanitariat,Umywalki,Umywalka nablatowa,Villeroy & Boch,Villeroy & Boch Collaro umywalka 56x36 cm nablatowa prostokątna CeramicPlus Weiss Alpin 4A2056R1,,,,"1330,35","1081,59","21,63","https://www.lazienkaplus.pl/pl/villeroy-boch-collaro-umywalka-56x36-cm-nablatowa-prostokatna-ceramicplus-weiss-alpin-4a2056r1,539139,81,i",,,
Lux,Sanitariat,Umywalki,Umywalka nablatowa,Villeroy & Boch,Villeroy & Boch Collaro umywalka 56x36 cm nablatowa owalna Weiss Alpin 4A195601,,,,"1024,11","832,61","16,65","https://www.lazienkaplus.pl/pl/villeroy-boch-collaro-umywalka-56x36-cm-nablatowa-owalna-weiss-alpin-4a195601,522021,81,i",,,
Lux,Sanitariat,Umywalki,Umywalka nablatowa,Villeroy & Boch,Villeroy & Boch Collaro umywalka 40x40 cm okrągła nablatowa biała 4A184001,,,,"1000,76","813,63","16,27","https://www.lazienkaplus.pl/pl/villeroy-boch-collaro-umywalka-40-cm-nablatowa-okragla-weiss-alpin-4a184001,522025,81,i",,,
Lux,Sanitariat,Umywalki,Umywalka nablatowa,Villeroy & Boch,"Villeroy & Boch Antao umywalka 40x39,5 cm nablatowa biała 4A7240R1",,,,"2090,99","1699,99","34,00","https://www.lazienkaplus.pl/pl/villeroy-boch-antao-umywalka-40x395-cm-nablatowa-asymetryczna-ceramicplus-weiss-alpin-4a7240r1,662744,81,i",,,
Lux,Sanitariat,Umywalki,Umywalka nablatowa,Omnires,Omnires Shell M+ umywalka 60x35 cm owalna nablatowa biała SHELLUNBP,,,,"782,00","635,77","12,72","https://www.lazienkaplus.pl/pl/omnires-shell-m-umywalka-60x35-cm-owalna-biala-shellunbp,610296,81,i",,,
Lux,Sanitariat,Umywalki,Umywalka nablatowa,Omnires,Omnires Shell M+ umywalka 60x35 cm owalna dune beige mat SHELLUNDB,,,,"1097,00","891,87","17,84","https://www.lazienkaplus.pl/pl/omnires-shell-m-umywalka-60x35-cm-owalna-dune-beige-mat-shellundb,700079,81,i/",,,
Lux,Sanitariat,Umywalki,Umywalka nablatowa,Omnires,Omnires Ovo M+ umywalka 55x36 cm owalna nablatowa biała OVOUNBM,,,,"935,00","760,16","15,20","https://www.lazienkaplus.pl/pl/omnires-ovo-m-umywalka-55x36-cm-owalna-nablatowa-biala-ovounbm,585695,81,i",,,
Lux,Sanitariat,Umywalki,Umywalka nablatowa,Omnires,Omnires Ovo M+ umywalka 55x36 cm owalna nablatowa szary/kamień OVOUNAG,,,,"1097,00","891,87","17,84","https://www.lazienkaplus.pl/pl/omnires-ovo-m-umywalka-55x36-cm-owalna-nablatowa-szarykamien-ovounag,591455,81,i/",,,
Lux,Sanitariat,Umywalki,Umywalka nablatowa,Omnires,Omnires Ovo M+ umywalka 55x36 cm owalna nablatowa czarna OVOUNBLV,,,,"1097,00","891,87","17,84","https://www.lazienkaplus.pl/pl/omnires-ovo-m-umywalka-55x36-cm-owalna-nablatowa-czarna-ovounblv,591465,81,i/",,,
Lux,Sanitariat,Umywalki,Umywalka nablatowa,Omnires,Omnires Ovo M+ umywalka 55x36 cm owalna nablatowa różowa OVOUNCO,,,,"1097,00","891,87","17,84","https://www.lazienkaplus.pl/pl/omnires-ovo-m-umywalka-55x36-cm-owalna-nablatowa-rozowa-ovounco,591466,81,i/",,,
Lux,Sanitariat,Umywalki,Umywalka nablatowa,Omnires,Omnires M+ umywalka 100x42 cm prostokątna ścienna-nablatowa biała THASOS1000BP,,,,"927,00","753,66","15,07","https://www.lazienkaplus.pl/pl/omnires-m-thasos-umywalka-100x42-cm-bialy-polysk-thasos1000bp,475822,81,i",,,
Lux,Sanitariat,Umywalki,Umywalka nablatowa,Omnires,Omnires Cadence M+ umywalka 62x42 cm owalna nablatowa biała CADENCE620BP,,,,"842,00","684,55","13,69","https://www.lazienkaplus.pl/pl/omnires-cadence-m-umywalka-62x42-cm-owalna-nablatowa-biala-cadence620bp,566258,81,i",,,
Lux,Sanitariat,Umywalki,Umywalka nablatowa,Omnires,Omnires Cadence M+ umywalka 42x42 cm okrągła nablatowa biała CADENCER420BP,,,,"842,00","684,55","13,69","https://www.lazienkaplus.pl/pl/omnires-cadence-m-umywalka-42x42-cm-okragla-nablatowa-biala-cadencer420bp,566254,81,i",,,
Lux,Sanitariat,Umywalki,Umywalka nablatowa,Omnires,Omnires Thasos M+ umywalka 70x42 cm prostokątna ścienna-nablatowa biała THASOS700ZPBP,,,,"757,00","615,45","12,31","https://www.lazienkaplus.pl/pl/omnires-thasos-m-umywalka-70x42-cm-nablatowascienna-bialy-polysk-thasos700zpbp,634904,81,i",,,
Lux,Sanitariat,Umywalki,Umywalka nablatowa,Grohe,Grohe Essence umywalka 60x40 cm nablatowa PureGuard biała 3960800H,,,,"1333,57","1084,20","21,68","https://www.lazienkaplus.pl/pl/grohe-essence-umywalka-60x40-cm-nablatowa-pureguard-biala-3960800h,526557,81,i",,,
Lux,Sanitariat,Umywalki,Umywalka nablatowa,Hansgrohe,Hansgrohe Xuniva Q umywalka 30 cm nablatowa SmartClean biały 61074450,,,,"918,99","747,15","14,94","https://www.lazienkaplus.pl/pl/hansgrohe-xuniva-q-umywalka-30-cm-nablatowa-smartclean-bialy-61074450,663978,81,i",,,
Lux,Sanitariat,Umywalki,Umywalka nablatowa,Hansgrohe,Hansgrohe Xevolos E umywalka 50x48 cm nablatowa prostokątna SmartClean biały 61091450,,,,"1687,98","1372,34","27,45","https://www.lazienkaplus.pl/pl/hansgrohe-xevolos-e-umywalka-50x48-cm-nablatowa-prostokatna-smartclean-bialy-61091450,659839,81,i",,,
Lux,Sanitariat,Umywalki,Umywalka wpuszczana,Hansgrohe,Hansgrohe Xuniva Q umywalka 55x45 cm wpuszczana w blat biały 60162450,,,,"792,56","644,36","12,89","https://www.lazienkaplus.pl/pl/hansgrohe-xuniva-q-umywalka-55x45-cm-wpuszczana-w-blat-bialy-60162450,660435,81,i",,,
Lux,Sanitariat,Umywalki,Umywalka wpuszczana,Hansgrohe,Hansgrohe Xuniva S umywalka 40 cm wpuszczana okrągła SmartClean biały 61054450,,,,"837,98","681,28","13,63","https://www.lazienkaplus.pl/pl/hansgrohe-xuniva-s-umywalka-40-cm-wpuszczana-okragla-smartclean-bialy-61054450,664171,81,i",,,
Lux,Sanitariat,Umywalki,Umywalka wpuszczana,Hansgrohe,Hansgrohe Xuniva D umywalka 55x40 cm wpuszczana w blat SmartClean biały 61058450,,,,"915,98","744,70","14,89","https://www.lazienkaplus.pl/pl/hansgrohe-xuniva-d-umywalka-55x40-cm-wpuszczana-w-blat-smartclean-bialy-61058450,660449,81,i",,,
Lux,Sanitariat,Umywalki,Umywalka wpuszczana,Hansgrohe,Hansgrohe Xuniva U umywalka 55x45 cm wpuszczana SmartClean biały 61064450,,,,"1082,98","880,47","17,61","https://www.lazienkaplus.pl/pl/hansgrohe-xuniva-u-umywalka-55x45-cm-wpuszczana-smartclean-bialy-61064450,660378,81,i",,,
Lux,Sanitariat,Umywalki,Umywalka wpuszczana,Hansgrohe,Hansgrohe Xuniva S umywalka 45 cm wpuszczana okrągła SmartClean biały 61056450,,,,"915,98","744,70","14,89","https://www.lazienkaplus.pl/pl/hansgrohe-xuniva-s-umywalka-45-cm-wpuszczana-okragla-smartclean-bialy-61056450,664174,81,i",,,
Lux,Sanitariat,Umywalki,Umywalka wpuszczana,Villeroy & Boch,"Villeroy & Boch Loop & Friends umywalka 51x34,5 cm wpuszczana prostokątna Weiss Alpin 4A640001",,,,"1004,99","817,07","16,34","https://www.lazienkaplus.pl/pl/villeroy-boch-loop-friends-umywalka-51x345-cm-wpuszczana-prostokatna-weiss-alpin-4a640001,625902,81,i",,,
Lux,Sanitariat,Umywalki,Umywalka wpuszczana,Villeroy & Boch,"Villeroy & Boch Loop & Friends umywalka 50,5x36 cm owalna wpuszczana biała 4A610001",,,,"984,85","800,69","16,01","https://www.lazienkaplus.pl/pl/villeroy-boch-loop-friends-umywalka-505x36-cm-owalna-wpuszczana-biala-4a610001,696098,81,i",,,
Lux,Sanitariat,Umywalki,Umywalka wpuszczana,Villeroy & Boch,Villeroy & Boch Architectura umywalka 60x45 cm wpuszczana owalna Weiss Alpin 5A666001,,,,"977,99","795,11","15,90","https://www.lazienkaplus.pl/pl/villeroy-boch-architectura-umywalka-60x45-cm-wpuszczana-owalna-weiss-alpin-5a666001,606516,81,i",,,
Lux,Sanitariat,Umywalki,Umywalka wpuszczana,Villeroy & Boch,Villeroy & Boch Venticello umywalka 55x36 cm częściowo wpuszczana Weiss Alpin 41135501,,,,"1249,45","1015,81","20,32","https://www.lazienkaplus.pl/pl/villeroy-boch-venticello-umywalka-55x36-cm-czesciowo-wpuszczana-w-blat-weiss-alpin-41135501,478363,81,i",,,
Lux,Sanitariat,Umywalki,Umywalka wpuszczana,Villeroy & Boch,Villeroy & Boch Loop & Friends umywalka 45 cm wpuszczana biała 4A600101,,,,"979,00","795,93","15,92","https://www.lazienkaplus.pl/pl/villeroy-boch-loop-friends-umywalka-45-cm-wpuszczana-biala-4a600101,614104,81,i",,,
Lux,Sanitariat,Umywalki,Umywalka wpuszczana,Villeroy & Boch,"Villeroy & Boch Loop & Friends umywalka 48,5x32,5 cm owalna wpuszczana biała 4A5401R1",,,,"1473,99","1198,37","23,97","https://www.lazienkaplus.pl/pl/villeroy-boch-loop-friends-umywalka-4a5401r1,685572,81,i",,,
Lux,Sanitariat,Umywalki,Umywalka podblatowa,Villeroy & Boch,Villeroy & Boch Loop&Friends umywalka 51x34 cm podblatowa prostokątna Weiss Alpin 4A560101,,,,"1003,86","816,15","16,32","https://www.lazienkaplus.pl/pl/villeroyboch-loopfriends-umywalka-51x34-cm-podblatowa-prostokatna-weiss-alpin-4a560101,594021,81,i",,,
Lux,Sanitariat,Umywalki,Umywalka podblatowa,Villeroy & Boch,Villeroy & Boch Loop & Friends umywalka 54x34 cm podblatowa prostokątna Weiss Alpin 4A570001,,,,"955,81","777,08","15,54","https://www.lazienkaplus.pl/pl/villeroy-boch-loop-friends-umywalka-54x34-cm-podblatowa-prostokatna-weiss-alpin-4a570001,612516,81,i",,,
Lux,Sanitariat,Umywalki,Umywalka podblatowa,Villeroy & Boch,"Villeroy & Boch Loop & Friends umywalka 48,5x32,5 cm podblatowa owalna Weiss Alpin 4A540001",,,,"967,99","786,98","15,74","https://www.lazienkaplus.pl/pl/villeroy-boch-loop-friends-umywalka-485x325-cm-podblatowa-owalna-weiss-alpin-4a540001,614312,81,i",,,
Lux,Sanitariat,Umywalki,Umywalka podblatowa,Villeroy & Boch,"Villeroy & Boch Architectura umywalka 57x37,5 cm podblatowa owalna CeramicPlus Weiss Alpin 5A7661R1",,,,"1228,88","999,09","19,98","https://www.lazienkaplus.pl/pl/villeroy-boch-architectura-umywalka-57x375-cm-podblatowa-owalna-ceramicplus-weiss-alpin-5a7661r1,606585,81,i",,,
Lux,Sanitariat,Umywalki,Umywalka podblatowa,Villeroy & Boch,Villeroy & Boch Loop & Friends umywalka 38 cm okrągła podblatowa CeramicPlus Weiss Alpin 4A5201R1,,,,"1296,52","1054,08","21,08","https://www.lazienkaplus.pl/pl/villeroy-boch-loop-friends-umywalka-38-cm-okragla-podblatowa-ceramicplus-weiss-alpin-4a5201r1,697909,81,i",,,
Lux,Sanitariat,Umywalki,Umywalka podblatowa,Hansgrohe,Hansgrohe Xuniva U umywalka 45x35 cm podblatowa SmartClean biały 61050450,,,,"934,05","759,39","15,19","https://www.lazienkaplus.pl/pl/hansgrohe-xuniva-u-umywalka-45x35-cm-podblatowa-smartclean-bialy-61050450,664000,81,i",,,
Lux,Sanitariat,Umywalki,Umywalka podblatowa,Omnires,Omnires Shell M+ umywalka 48x31 cm owalna podblatowa biały połysk SHELL480UPBP,,,,"689,00","560,16","11,20","https://www.lazienkaplus.pl/pl/omnires-shell-m-umywalka-48x31-cm-owalna-podblatowa-bialy-polysk-shell480upbp,713183,81,i",,,
Budget,Drzwi,Drzwi,Przylgowe,Porta,"CPL 1.1 - CPL HQ 0,2 gr. ","(Popielaty Euroinvest, Dąb Milano 5)",,,,"465,00","9,30",https://www.porta.com.pl/phavi/at/upl/2025/0826/0826-katalog-porta-2025-2-pl-www-2.pdf,,,
Budget,Drzwi,Drzwi,Przylgowe,Porta,"CPL 1.1 - CPL HQ 0,2 gr. ",(pozostałe kolory),,,,"517,00","10,34",https://www.porta.com.pl/phavi/at/upl/2025/0826/0826-katalog-porta-2025-2-pl-www-2.pdf,,,
Budget,Drzwi,Drzwi,Przylgowe,Porta,Verte Home (cała kolekcja (G.0)),"Portadecor, Portasynchro 3D",,,,"675,00","13,50",https://www.porta.com.pl/phavi/at/upl/2025/0826/0826-katalog-porta-2025-2-pl-www-2.pdf,,,
Budget,Drzwi,Drzwi,Przylgowe,Porta,Verte Home (cała kolekcja (G.0)),"Laminat PP, Portaperfect 3D",,,,"780,00","15,60",https://www.porta.com.pl/phavi/at/upl/2025/0826/0826-katalog-porta-2025-2-pl-www-2.pdf,,,
Budget,Drzwi,Drzwi,Ośczieżnica,Porta,"Ościeżnica Porta System 75- 95 (Portadecor, Portasynchro 3D)",,,,,"510,00","10,20",https://www.porta.com.pl/phavi/at/upl/2025/0826/0826-katalog-porta-2025-2-pl-www-2.pdf,,,
Budget,Drzwi,Drzwi,Ośczieżnica,Porta,"Ościeżnica Porta System 340- 360 (Portadecor, Portasynchro 3D)",,,,,"765,00","15,30",https://www.porta.com.pl/phavi/at/upl/2025/0826/0826-katalog-porta-2025-2-pl-www-2.pdf,,,
Budget,Drzwi,Drzwi,Ośczieżnica,Porta,"Ościeżnica Porta System 75- 95 (Portaperfect 3D, CPL HQ gr. I, Laminat PP)",,,,,"540,00","10,80",https://www.porta.com.pl/phavi/at/upl/2025/0826/0826-katalog-porta-2025-2-pl-www-2.pdf,,,
Budget,Drzwi,Drzwi,Ośczieżnica,Porta,"Ościeżnica Porta System 340- 360 (Portaperfect 3D, CPL HQ gr. I, Laminat PP)",,,,,"815,00","16,30",https://www.porta.com.pl/phavi/at/upl/2025/0826/0826-katalog-porta-2025-2-pl-www-2.pdf,,,
"Budget, Standard, Lux",Drzwi,Drzwi,Ośczieżnica,Porta,Podcięcie wentylacyjne,,,,,"39,00","0,78",https://www.porta.com.pl/phavi/at/upl/2025/0826/0826-katalog-porta-2025-2-pl-www-2.pdf,,,
Budget,Drzwi,"Klamki, rozety",Klamki drzwi,Infinity,Infinity Cavo KVO B00 - czarna,,,,,"81,22","1,62",https://klamki-online.pl/pl/p/KLAMKA-CAVO-FIT-KVO-B00-ROZETA-KWADRAT-CZARNY/806,,,
Budget,Drzwi,"Klamki, rozety",Klamki drzwi,Infinity,Infinity Cavo KVO M 700 - chrom mat,,,,,"81,22","1,62",https://klamki-online.pl/pl/p/KLAMKA-CAVO-FIT-KVO-B00-ROZETA-KWADRAT-CZARNY/806,,,
Budget,Drzwi,"Klamki, rozety",Klamki drzwi,Infinity,Infinity Cavo KVO 800 - biała,,,,,"109,79","2,20",https://klamki-online.pl/pl/p/KLAMKA-CAVO-FIT-KVO-B00-ROZETA-KWADRAT-CZARNY/806,,,
Budget,Drzwi,"Klamki, rozety",Klamki drzwi,Infinity,Infinity Cavo KVO M G00 - złoty mat,,,,,"138,37","2,77",https://klamki-online.pl/pl/p/KLAMKA-CAVO-FIT-KVO-B00-ROZETA-KWADRAT-CZARNY/806,,,
Budget,Drzwi,"Klamki, rozety",Rozety drzwi,Infinity,"Rozeta WC - B00, M700",,,,,"60,17","1,20",https://klamki-online.pl/pl/p/KLAMKA-CAVO-FIT-KVO-B00-ROZETA-KWADRAT-CZARNY/806,,,
Budget,Drzwi,"Klamki, rozety",Rozety drzwi,Infinity,Rozeta WC  800,,,,,"103,03","2,06",https://klamki-online.pl/pl/p/KLAMKA-CAVO-FIT-KVO-B00-ROZETA-KWADRAT-CZARNY/806,,,
Budget,Drzwi,"Klamki, rozety",Rozety drzwi,Infinity,Rozeta WC MG00,,,,,"62,33","1,25",https://klamki-online.pl/pl/p/KLAMKA-CAVO-FIT-KVO-B00-ROZETA-KWADRAT-CZARNY/806,,,
Budget,Drzwi,"Klamki, rozety",Rozety drzwi,Infinity,"Rozeta WK / WB B00, M700",,,,,"41,82","0,84",https://klamki-online.pl/pl/p/KLAMKA-CAVO-FIT-KVO-B00-ROZETA-KWADRAT-CZARNY/806,,,
Budget,Drzwi,"Klamki, rozety",Rozety drzwi,Infinity,Rozeta WK / WB 800,,,,,"77,54","1,55",https://klamki-online.pl/pl/p/KLAMKA-CAVO-FIT-KVO-B00-ROZETA-KWADRAT-CZARNY/806,,,
Budget,Drzwi,"Klamki, rozety",Rozety drzwi,Infinity,Rozeta WK / WB MG00,,,,,"44,28","0,89",https://klamki-online.pl/pl/p/KLAMKA-CAVO-FIT-KVO-B00-ROZETA-KWADRAT-CZARNY/806,,,
Budget,Drzwi,"Klamki, rozety",Klamki drzwi,Infinity,Infinity Ronda KRD O B00 - czarna,,,,,"113,84","2,28",https://klamki-online.pl/pl/p/KLAMKA-CAVO-FIT-KVO-B00-ROZETA-KWADRAT-CZARNY/806,,,
Budget,Drzwi,"Klamki, rozety",Klamki drzwi,Infinity,Infinity Ronda KRD  O 700 - chrom,,,,,"113,84","2,28",https://klamki-online.pl/pl/p/KLAMKA-CAVO-FIT-KVO-B00-ROZETA-KWADRAT-CZARNY/806,,,
Budget,Drzwi,"Klamki, rozety",Klamki drzwi,Infinity,Infinity Ronda KRD O 800 - biała,,,,,"170,99","3,42",https://klamki-online.pl/pl/p/KLAMKA-CAVO-FIT-KVO-B00-ROZETA-KWADRAT-CZARNY/806,,,
Budget,Drzwi,"Klamki, rozety",Klamki drzwi,Infinity,Infinity Ronda KRD O MG00 - złoty mat,,,,,"130,35","2,61",https://klamki-online.pl/pl/p/KLAMKA-CAVO-FIT-KVO-B00-ROZETA-KWADRAT-CZARNY/806,,,
"Budget, Standard",Drzwi,"Klamki, rozety",Rozety drzwi,Infinity,"Rozeta WC - B00, M700",,,,,"41,82","0,84",https://klamki-online.pl/pl/p/KLAMKA-CAVO-FIT-KVO-B00-ROZETA-KWADRAT-CZARNY/806,,,
"Budget, Standard",Drzwi,"Klamki, rozety",Rozety drzwi,Infinity,Rozeta WC  800,,,,,"103,03","2,06",https://klamki-online.pl/pl/p/KLAMKA-CAVO-FIT-KVO-B00-ROZETA-KWADRAT-CZARNY/806,,,
"Budget, Standard",Drzwi,"Klamki, rozety",Rozety drzwi,Infinity,Rozeta WC MG00,,,,,"62,33","1,25",https://klamki-online.pl/pl/p/KLAMKA-CAVO-FIT-KVO-B00-ROZETA-KWADRAT-CZARNY/806,,,
"Budget, Standard",Drzwi,"Klamki, rozety",Rozety drzwi,Infinity,"Rozeta WK / WB B00, M700",,,,,"60,17","1,20",https://klamki-online.pl/pl/p/KLAMKA-CAVO-FIT-KVO-B00-ROZETA-KWADRAT-CZARNY/806,,,
"Budget, Standard",Drzwi,"Klamki, rozety",Rozety drzwi,Infinity,Rozeta WK / WB 800,,,,,"77,54","1,55",https://klamki-online.pl/pl/p/KLAMKA-CAVO-FIT-KVO-B00-ROZETA-KWADRAT-CZARNY/806,,,
"Budget, Standard",Drzwi,"Klamki, rozety",Rozety drzwi,Infinity,Rozeta WK / WB MG00,,,,,"44,28","0,89",https://klamki-online.pl/pl/p/KLAMKA-CAVO-FIT-KVO-B00-ROZETA-KWADRAT-CZARNY/806,,,
Standard,Drzwi,Drzwi,Bezprzylgowe,DRE,"DRE Estra 5 - DRE Cell, DRE 3D",,,,,"912,00","18,24",https://dre.pl/wp-content/uploads/2025/09/Katalog-DRE-2025_3.pdf,,,
Standard,Drzwi,Drzwi,Ośczieżnica,DRE,DRE -Ość. Reg. Bezprzylgowa 75- 100,,,,,"842,00","16,84",https://dre.pl/wp-content/uploads/2025/09/Katalog-DRE-2025_3.pdf,,,
Standard,Drzwi,Drzwi,Ośczieżnica,DRE,DRE -Ość. Reg. Bezprzylgowa 300- 325,,,,,"1003,00","20,06",https://dre.pl/wp-content/uploads/2025/09/Katalog-DRE-2025_3.pdf,,,
Standard,Drzwi,Drzwi,Bezprzylgowe,Porta,"Porta Verte Premium E (cała kolekcja) - Portadecor,
Portasynchro 3D",,,,,"971,00","19,42",https://www.porta.com.pl/phavi/at/upl/2025/0826/0826-katalog-porta-2025-2-pl-www-2.pdf,,,
Standard,Drzwi,Drzwi,Bezprzylgowe,Porta,"Porta Verte Premium E (cała kolekcja) - Laminat PP, Portaperfect 3D, Portalamino",,,,,"1071,00","21,42",https://www.porta.com.pl/phavi/at/upl/2025/0826/0826-katalog-porta-2025-2-pl-www-2.pdf,,,
Standard,Drzwi,Drzwi,Ośczieżnica,Porta,"Porta Ościeżnica Elegance - 75- 95 - Portadecor,
Portasynchro 3D",,,,,"860,00","17,20",https://www.porta.com.pl/phavi/at/upl/2025/0826/0826-katalog-porta-2025-2-pl-www-2.pdf,,,
Standard,Drzwi,Drzwi,Ośczieżnica,Porta,"Porta Ościeżnica Elegance - 340- 260 - Portadecor,
Portasynchro 3D",,,,,"1059,00","21,18",https://www.porta.com.pl/phavi/at/upl/2025/0826/0826-katalog-porta-2025-2-pl-www-2.pdf,,,
Standard,Drzwi,Drzwi,Ośczieżnica,Porta,"Porta Ościeżnica Elegance - 75- 95 - Portalamino, Portaperfect 3D, Laminat PP",,,,,"925,00","18,50",https://www.porta.com.pl/phavi/at/upl/2025/0826/0826-katalog-porta-2025-2-pl-www-2.pdf,,,
Standard,Drzwi,Drzwi,Ośczieżnica,Porta,"Porta Ościeżnica Elegance - 340- 260 - Portalamino, Portaperfect 3D, Laminat PP",,,,,"1145,00","22,90",https://www.porta.com.pl/phavi/at/upl/2025/0826/0826-katalog-porta-2025-2-pl-www-2.pdf,,,
Standard,Drzwi,Drzwi,Bezprzylgowe,Porta,Vector T Lakier UV Premium,,,,,"1055,00","21,10",https://www.porta.com.pl/phavi/at/upl/2025/0826/0826-katalog-porta-2025-2-pl-www-2.pdf,,,
Standard,Drzwi,Drzwi,Bezprzylgowe,Porta,Vector E Lakier UV Premium,,,,,"1120,00","22,40",https://www.porta.com.pl/phavi/at/upl/2025/0826/0826-katalog-porta-2025-2-pl-www-2.pdf,,,
Standard,Drzwi,Drzwi,Bezprzylgowe,Porta,Vector U Lakier UV Premium,,,,,"1120,00","22,40",https://www.porta.com.pl/phavi/at/upl/2025/0826/0826-katalog-porta-2025-2-pl-www-2.pdf,,,
Standard,Drzwi,Drzwi,Bezprzylgowe,Porta,Vector V Lakier UV Premium,,,,,"1120,00","22,40",https://www.porta.com.pl/phavi/at/upl/2025/0826/0826-katalog-porta-2025-2-pl-www-2.pdf,,,
Standard,Drzwi,Drzwi,Ośczieżnica,Porta,Porta Ościeżnica Elegance 75- 95 Okl. Lak. Prem.,,,,,"959,00","19,18",https://www.porta.com.pl/phavi/at/upl/2025/0826/0826-katalog-porta-2025-2-pl-www-2.pdf,,,
Standard,Drzwi,Drzwi,Ośczieżnica,Porta,Porta Ościeżnica Elegance 340- 360 Okl. Lak. Prem.,,,,,"1179,00","23,58",https://www.porta.com.pl/phavi/at/upl/2025/0826/0826-katalog-porta-2025-2-pl-www-2.pdf,,,
"Standard, Lux",Drzwi,Drzwi,Ukryte,Porta,Porta Hide 1.1 - Grunt (rewers i bezprzylga),,,,,"512,00","10,24",https://www.porta.com.pl/phavi/at/upl/2025/0826/0826-katalog-porta-2025-2-pl-www-2.pdf,,,
"Standard, Lux",Drzwi,Drzwi,Ośczieżnica,Porta,Ość. Porta Hide - Surowa,,,,,"864,00","17,28",https://www.porta.com.pl/phavi/at/upl/2025/0826/0826-katalog-porta-2025-2-pl-www-2.pdf,,,
Standard,Drzwi,"Klamki, rozety",Klamki drzwi,Infinity,Infinity Apollo FIT KAF B00- czarna,,,,,"129,34","2,59",https://klamki-online.pl/pl/p/KLAMKA-APOLLO-FIT-KAF-B00-ROZETA-KWADRAT-CZARNY/666,,,
Standard,Drzwi,"Klamki, rozety",Klamki drzwi,Infinity,Infinity Apollo FIT KAF M 700 - chrom mat,,,,,"129,34","2,59",https://klamki-online.pl/pl/p/KLAMKA-APOLLO-FIT-KAF-B00-ROZETA-KWADRAT-CZARNY/666,,,
Standard,Drzwi,"Klamki, rozety",Klamki drzwi,Infinity,Infinity Apollo FIT KAF 800 - biała,,,,,"186,49","3,73",https://klamki-online.pl/pl/p/KLAMKA-APOLLO-FIT-KAF-B00-ROZETA-KWADRAT-CZARNY/666,,,
Standard,Drzwi,"Klamki, rozety",Klamki drzwi,Infinity,Infinity Apollo FIT KAF M G00 - złoty mat,,,,,"138,76","2,78",https://klamki-online.pl/pl/p/KLAMKA-APOLLO-FIT-KAF-B00-ROZETA-KWADRAT-CZARNY/666,,,
Standard,Drzwi,"Klamki, rozety",Klamki drzwi,Infinity,Infinity Stinger KSR O B00 - czarna,,,,,"120,58","2,41",https://klamki-online.pl/pl/p/KLAMKA-APOLLO-FIT-KAF-B00-ROZETA-KWADRAT-CZARNY/666,,,
Standard,Drzwi,"Klamki, rozety",Klamki drzwi,Infinity,Infinity Stinger KSR  M700 - chrom mat,,,,,"120,58","2,41",https://klamki-online.pl/pl/p/KLAMKA-APOLLO-FIT-KAF-B00-ROZETA-KWADRAT-CZARNY/666,,,
Standard,Drzwi,"Klamki, rozety",Klamki drzwi,Infinity,Infinity Stinger KSR O 800 - biała,,,,,"177,73","3,55",https://klamki-online.pl/pl/p/KLAMKA-APOLLO-FIT-KAF-B00-ROZETA-KWADRAT-CZARNY/666,,,
Standard,Drzwi,"Klamki, rozety",Klamki drzwi,Infinity,Infinity Stinger KSR O MG00 - złoty mat,,,,,"136,28","2,73",https://klamki-online.pl/pl/p/KLAMKA-APOLLO-FIT-KAF-B00-ROZETA-KWADRAT-CZARNY/666,,,
Standard,Drzwi,"Klamki, rozety",Klamki drzwi,Infinity,Infinity Giulietta KGUL S B00 - czarna,,,,,"173,00","3,46",https://klamki-online.pl/pl/p/KLAMKA-APOLLO-FIT-KAF-B00-ROZETA-KWADRAT-CZARNY/666,,,
Standard,Drzwi,"Klamki, rozety",Klamki drzwi,Infinity,Infinity Giulietta KGUL S M700 - chrom mat,,,,,"173,00","3,46",https://klamki-online.pl/pl/p/KLAMKA-APOLLO-FIT-KAF-B00-ROZETA-KWADRAT-CZARNY/666,,,
Standard,Drzwi,"Klamki, rozety",Klamki drzwi,Infinity,Infinity Giulietta KGUL S 800 - biała,,,,,"230,15","4,60",https://klamki-online.pl/pl/p/KLAMKA-APOLLO-FIT-KAF-B00-ROZETA-KWADRAT-CZARNY/666,,,
Standard,Drzwi,"Klamki, rozety",Klamki drzwi,Infinity,Infinity Giulietta KGUL S O B00 - czarna,,,,,"173,00","3,46",https://klamki-online.pl/pl/p/KLAMKA-APOLLO-FIT-KAF-B00-ROZETA-KWADRAT-CZARNY/666,,,
Standard,Drzwi,"Klamki, rozety",Klamki drzwi,Infinity,Infinity Giulietta KGUL S O M700 - chrom mat,,,,,"173,00","3,46",https://klamki-online.pl/pl/p/KLAMKA-APOLLO-FIT-KAF-B00-ROZETA-KWADRAT-CZARNY/666,,,
Standard,Drzwi,"Klamki, rozety",Klamki drzwi,Infinity,Infinity Giulietta KGUL S O 800 - biała,,,,,"230,15","4,60",https://klamki-online.pl/pl/p/KLAMKA-APOLLO-FIT-KAF-B00-ROZETA-KWADRAT-CZARNY/666,,,
Standard,Drzwi,"Klamki, rozety",Klamki drzwi,Infinity,Infinity Ghost KGOS O B00,,,,,"243,58","4,87",https://klamki-online.pl/pl/p/KLAMKA-APOLLO-FIT-KAF-B00-ROZETA-KWADRAT-CZARNY/666,,,
Standard,Drzwi,"Klamki, rozety",Klamki drzwi,Infinity,Infinity Ghost KGOS O MG00,,,,,"272,15","5,44",https://klamki-online.pl/pl/p/KLAMKA-APOLLO-FIT-KAF-B00-ROZETA-KWADRAT-CZARNY/666,,,
Lux,Drzwi,Drzwi,Ukryte,Eclisse,Eclisse Batente 45 - komplet w Gruncie + XPS,,,,,"2620,00","52,40",,,,
Lux,Drzwi,Drzwi,Ukryte,Eclisse,Eclisse Batente 45 - komplet w RAL 9003 + XPS,,,,,"3301,00","66,02",,,,
Lux,Drzwi,Drzwi,Ukryte,Eclisse,Eclisse Batente 45 - komplet w dwukolorze + XPS,,,,,"3528,00","70,56",,,,
Lux,Drzwi,Drzwi,Ukryte,Eclisse,"Eclisse Fusion 50 ""plus) - komplet w Gruncie",,,,,"2730,00","54,60",,,,
Lux,Drzwi,Drzwi,Bezprzylgowe,Pol-Skone,Pol-Skone Cambio 00 - RAL 9003,,,,,"1179,00","23,58",https://www.pol-skone.pl/do-pobrania - katalog produktów 2005,,,
Lux,Drzwi,Drzwi,Bezprzylgowe,Pol-Skone,Pol-Skone Cambio 00 - Mono 1 Mat,,,,,"1329,00","26,58",https://www.pol-skone.pl/do-pobrania - katalog produktów 2005,,,
Lux,Drzwi,Drzwi,Bezprzylgowe,Pol-Skone,"Pol-Skone Cambio 00 - Mono 2 Mat, Black Mat",,,,,"1429,00","28,58",https://www.pol-skone.pl/do-pobrania - katalog produktów 2005,,,
Lux,Drzwi,Drzwi,Bezprzylgowe,Pol-Skone,Pol-Skone Subito 06 - RAL 9003,,,,,"1194,00","23,88",https://www.pol-skone.pl/do-pobrania - katalog produktów 2005,,,
Lux,Drzwi,Drzwi,Bezprzylgowe,Pol-Skone,Pol-Skone Subito 06 - Mono 1 Mat,,,,,"1344,00","26,88",https://www.pol-skone.pl/do-pobrania - katalog produktów 2005,,,
Lux,Drzwi,Drzwi,Bezprzylgowe,Pol-Skone,"Pol-Skone Subito 06 - Mono 2 Mat, Black Mat",,,,,"1444,00","28,88",https://www.pol-skone.pl/do-pobrania - katalog produktów 2005,,,
Lux,Drzwi,Drzwi,Bezprzylgowe,Pol-Skone,Pol-Skone Royale V01 - RAL 9003,,,,,"1560,00","31,20",https://www.pol-skone.pl/do-pobrania - katalog produktów 2005,,,
Lux,Drzwi,Drzwi,Bezprzylgowe,Pol-Skone,Pol-Skone Royale V01 - Mono 1 Mat,,,,,"1710,00","34,20",https://www.pol-skone.pl/do-pobrania - katalog produktów 2005,,,
Lux,Drzwi,Drzwi,Bezprzylgowe,Pol-Skone,"Pol-Skone Royale V01 - Mono 2 Mat, Black Mat",,,,,"1810,00","36,20",https://www.pol-skone.pl/do-pobrania - katalog produktów 2005,,,
Lux,Drzwi,Drzwi,Bezprzylgowe,Pol-Skone,Pol-Skone Royale V02 - RAL 9003,,,,,"1660,00","33,20",https://www.pol-skone.pl/do-pobrania - katalog produktów 2005,,,
Lux,Drzwi,Drzwi,Bezprzylgowe,Pol-Skone,Pol-Skone Royale V02 - Mono 1 Mat,,,,,"1810,00","36,20",https://www.pol-skone.pl/do-pobrania - katalog produktów 2005,,,
Lux,Drzwi,Drzwi,Bezprzylgowe,Pol-Skone,"Pol-Skone Royale V02 - Mono 2 Mat, Black Mat",,,,,"1910,00","38,20",https://www.pol-skone.pl/do-pobrania - katalog produktów 2005,,,
Lux,Drzwi,Drzwi,Bezprzylgowe,Pol-Skone,Pol-Skone Royale V03 - RAL 9003,,,,,"1860,00","37,20",https://www.pol-skone.pl/do-pobrania - katalog produktów 2005,,,
Lux,Drzwi,Drzwi,Bezprzylgowe,Pol-Skone,Pol-Skone Royale V03 - Mono 1 Mat,,,,,"2010,00","40,20",https://www.pol-skone.pl/do-pobrania - katalog produktów 2005,,,
Lux,Drzwi,Drzwi,Bezprzylgowe,Pol-Skone,"Pol-Skone Royale V03 - Mono 2 Mat, Black Mat",,,,,"2110,00","42,20",https://www.pol-skone.pl/do-pobrania - katalog produktów 2005,,,
Lux,Drzwi,Drzwi,Bezprzylgowe,Pol-Skone,"Pol-Skone Royale V04, V05 - RAL 9003",,,,,"1960,00","39,20",https://www.pol-skone.pl/do-pobrania - katalog produktów 2005,,,
Lux,Drzwi,Drzwi,Bezprzylgowe,Pol-Skone,"Pol-Skone Royale V04, V05 - Mono 1 Mat",,,,,"2110,00","42,20",https://www.pol-skone.pl/do-pobrania - katalog produktów 2005,,,
Lux,Drzwi,Drzwi,Bezprzylgowe,Pol-Skone,"Pol-Skone Royale V04, V05 - Mono 2 Mat, Black Mat",,,,,"2210,00","44,20",https://www.pol-skone.pl/do-pobrania - katalog produktów 2005,,,
Lux,Drzwi,Drzwi,Bezprzylgowe,Pol-Skone,"Pol-Skone Princestone V08, V05, V02 - RAL 9003",,,,,"1738,00","34,76",https://www.pol-skone.pl/do-pobrania - katalog produktów 2005,,,
Lux,Drzwi,Drzwi,Bezprzylgowe,Pol-Skone,"Pol-Skone Princestone V08, V05, V02 - Mono 1 Mat",,,,,"1888,00","37,76",https://www.pol-skone.pl/do-pobrania - katalog produktów 2005,,,
Lux,Drzwi,Drzwi,Bezprzylgowe,Pol-Skone,"Pol-Skone Princestone V08, V05, V02 - Mono 2 Mat, Black Mat",,,,,"1988,00","39,76",https://www.pol-skone.pl/do-pobrania - katalog produktów 2005,,,
Lux,Drzwi,Drzwi,Bezprzylgowe,Pol-Skone,"Pol-Skone Modena 02, 05, 08 - RAL 9003",,,,,"1969,00","39,38",https://www.pol-skone.pl/do-pobrania - katalog produktów 2005,,,
Lux,Drzwi,Drzwi,Bezprzylgowe,Pol-Skone,"Pol-Skone Modena 02, 05, 08 - Mono 1 Mat",,,,,"2119,00","42,38",https://www.pol-skone.pl/do-pobrania - katalog produktów 2005,,,
Lux,Drzwi,Drzwi,Bezprzylgowe,Pol-Skone,"Pol-Skone Modena 02, 05, 08 - Mono 2 Mat, Black Mat",,,,,"2219,00","44,38",https://www.pol-skone.pl/do-pobrania - katalog produktów 2005,,,
Lux,Drzwi,Drzwi,Ośczieżnica,Pol-Skone,Ość. Reg. Bezprz. DIN DUO 95- 120 - RAL 9003,,,,,"1304,00","26,08",https://www.pol-skone.pl/do-pobrania - katalog produktów 2005,,,
Lux,Drzwi,Drzwi,Ośczieżnica,Pol-Skone,Ość. Reg. Bezprz. DIN DUO 280- 305 - RAL 9003,,,,,"1513,00","30,26",https://www.pol-skone.pl/do-pobrania - katalog produktów 2005,,,
Lux,Drzwi,Drzwi,Ośczieżnica,Pol-Skone,Ość. Reg. Bezprz. DIN DUO 95- 120 - Mono 1 Mat,,,,,"1377,00","27,54",https://www.pol-skone.pl/do-pobrania - katalog produktów 2005,,,
Lux,Drzwi,Drzwi,Ośczieżnica,Pol-Skone,Ość. Reg. Bezprz. DIN DUO 280- 305 - Mono 1 Mat,,,,,"1613,00","32,26",https://www.pol-skone.pl/do-pobrania - katalog produktów 2005,,,
Lux,Drzwi,Drzwi,Ośczieżnica,Pol-Skone,"Ość. Reg. Bezprz. DIN DUO 95- 120 - Mono 2 Mat, Black Mat",,,,,"1477,00","29,54",https://www.pol-skone.pl/do-pobrania - katalog produktów 2005,,,
Lux,Drzwi,Drzwi,Ośczieżnica,Pol-Skone,"Ość. Reg. Bezprz. DIN DUO 280- 305 - Mono 2 Mat, Black Mat",,,,,"1713,00","34,26",https://www.pol-skone.pl/do-pobrania - katalog produktów 2005,,,
Lux,Drzwi,Drzwi,Bezprzylgowe,Porta,Porta Verte Premium E (cała kolekcja) - Lakier Premium UV PLUS,,,,,"1312,00","26,24",https://www.porta.com.pl/phavi/at/upl/2025/0826/0826-katalog-porta-2025-2-pl-www-2.pdf,,,
Lux,Drzwi,Drzwi,Bezprzylgowe,Porta,Porta Ościeżnica Elegance 75- 95,,,,,"1185,00","23,70",https://www.porta.com.pl/phavi/at/upl/2025/0826/0826-katalog-porta-2025-2-pl-www-2.pdf,,,
Lux,Drzwi,Drzwi,Ośczieżnica,Porta,Porta Ościeżnica Elegance 340- 360,,,,,"1465,00","29,30",https://www.porta.com.pl/phavi/at/upl/2025/0826/0826-katalog-porta-2025-2-pl-www-2.pdf,,,
Lux,Drzwi,"Klamki, rozety",Klamki drzwi,Tupai,"Tupai 4152 5S w kolorze 153, 96, 152, 208",,,,,"198,00","3,96",https://tupaipolska.pl/catalogo/ref-4152-5s/,,,
Lux,Drzwi,"Klamki, rozety",Klamki drzwi,Tupai,"Tupai 4152 5SQ w kolorze 153, 96, 152, 208",,,,,"209,00","4,18",https://tupaipolska.pl/catalogo/ref-4152-5s/,,,
Lux,Drzwi,"Klamki, rozety",Klamki drzwi,Tupai,"Tupai 2275 5SQ w kolorze 153, 96, 152, 208",,,,,"183,00","3,66",https://tupaipolska.pl/catalogo/ref-4152-5s/,,,
Lux,Drzwi,"Klamki, rozety",Klamki drzwi,Tupai,"Tupai 3098 5S w kolorze 153, 96, 152, 208",,,,,"219,00","4,38",https://tupaipolska.pl/catalogo/ref-4152-5s/,,,
Lux,Drzwi,"Klamki, rozety",Klamki drzwi,Tupai,"Tupai 3098 5SQ w kolorze 153, 96, 152, 208",,,,,"230,00","4,60",https://tupaipolska.pl/catalogo/ref-4152-5s/,,,
Lux,Drzwi,"Klamki, rozety",Klamki drzwi,Tupai,"Tupai 3099 RE w kolorze 153, 96, 152, 208",,,,,"324,00","6,48",https://tupaipolska.pl/catalogo/ref-4152-5s/,,,
Lux,Drzwi,"Klamki, rozety",Rozety drzwi,Tupai,Rozeta WC,,,,,"110,00","2,20",https://tupaipolska.pl/catalogo/ref-4152-5s/,,,
Lux,Drzwi,"Klamki, rozety",Rozety drzwi,Tupai,Rozeta WK / WB,,,,,"76,00","1,52",https://tupaipolska.pl/catalogo/ref-4152-5s/,,,
,,,,,,,,,,,,,,,
,,,,,,,,,,,,,,,
Budget,Płytki,Płytki,płytka ścienna,Paradyż,carrastone white ściana rekt. mat,,"59,8 x 29,8 cm,  8 mm,  mat",,"99,02","80,50","80,50",https://www.paradyz.com/pl/produkty/p67572-carrastone-white-sciana-rekt-mat-298x598-g1,,,
Budget,Płytki,Płytki,płytka ścienna,Paradyż,bliss gold ściana struktura połysk,,"60 x 30 cm,  9 mm,  połysk",,"98,40","80,00","80,00",https://www.paradyz.com/pl/produkty/p24141-bliss-gold-sciana-struktura-polysk-30x60-g1,,,
Budget,Płytki,Płytki,płytka ścienna,Paradyż,bliss gold ściana połysk,,"60 x 30 cm,  9 mm,  połysk",,"92,25","75,00","75,00",https://www.paradyz.com/pl/produkty/p11338-bliss-gold-sciana-polysk-30x60-g1,,,
Budget,Płytki,Płytki,płytka podłogowa,Paradyż,algo beige gres szkl. mat.,,"30 x 30 cm,  7.2 mm,  mat",,"78,47","63,80","63,80",https://www.paradyz.com/pl/produkty/p13280-algo-beige-gres-szkl-mat-30x30-g1,,,
Budget,Płytki,Płytki,płytka podłogowa,Paradyż,algo bianco gres szkl. mat.,,"30 x 30 cm,  7.2 mm,  mat",,"78,47","63,80","63,80",https://www.paradyz.com/pl/produkty/p16672-algo-bianco-gres-szkl-mat-30x30-g1,,,
Budget,Płytki,Płytki,płytka podłogowa,Paradyż,algo grys gres szkl. mat.,,"30 x 30 cm,  7.2 mm,  mat",,"78,47","63,80","63,80",https://www.paradyz.com/pl/produkty/p12481-algo-grys-gres-szkl-mat-30x30-g1,,,
Budget,Płytki,Płytki,płytka podłogowa,Paradyż,mattone pietra beige klinkier,,"30 x 30 cm,  8.5 mm,  mat",,"89,91","73,10","73,10",https://www.paradyz.com/pl/produkty/p94832-mattone-pietra-beige-klinkier-30x30-g1,,,
Budget,Płytki,Płytki,płytka podłogowa,Paradyż,mattone pietra grafit klinkier,,"30 x 30 cm,  8.5 mm,  mat",,"89,91","73,10","73,10",https://www.paradyz.com/pl/produkty/p94862-mattone-pietra-grafit-klinkier-30x30-g1,,,
Budget,Płytki,Płytki,płytka podłogowa,Paradyż,proteo beige podłoga,,"40 x 40 cm,  8.5 mm,  mat",,"85,73","69,70","69,70",https://www.paradyz.com/pl/produkty/p95828-proteo-beige-podloga-40x40-g1,,,
Budget,Płytki,Płytki,płytka podłogowa,Paradyż,proteo bianco podłoga,,"40 x 40 cm,  8.5 mm,  mat",,"85,73","69,70","69,70",https://www.paradyz.com/pl/produkty/p95639-proteo-bianco-podloga-40x40-g1,,,
Budget,Płytki,Płytki,płytka podłogowa,Paradyż,proteo grys podłoga,,"40 x 40 cm,  8.5 mm,  mat",,"85,73","69,70","69,70",https://www.paradyz.com/pl/produkty/p95829-proteo-grys-podloga-40x40-g1,,,
Budget,Płytki,Płytki,płytka podłogowa,Domino,Puntini grey,,"33.3 x 33.3 cm,  połysk",,"47,60","38,70","38,70",https://www.ceramika-domino.pl/pl/lazienka/puntini/puntini-grey-9,,,
Budget,Płytki,Płytki,płytka podłogowa,Domino,Malena,,"44.8 x 44.8 cm,  połysk",,"109,96","89,40","89,40",https://www.ceramika-domino.pl/pl/lazienka/malena/malena-3,,,
Budget,Płytki,Płytki,płytka ścienna,Domino,Malena grey STR,,"60.8 x 30.8 cm,  połysk",,"89,79","73,00","73,00",https://www.ceramika-domino.pl/pl/lazienka/malena/malena-grey-str,,,
Budget,Płytki,Płytki,płytka ścienna,Domino,Malena grey,,"60.8 x 30.8 cm,  połysk",,"79,95","65,00","65,00",https://www.ceramika-domino.pl/pl/lazienka/malena/malena-grey,,,
Budget,Płytki,Płytki,płytka podłogowa,Domino,Blink grey,,"44.8 x 44.8 cm,  połysk",,"109,96","89,40","89,40",https://www.ceramika-domino.pl/pl/lazienka/blink-grey/blink-grey-9,,,
Budget,Płytki,Płytki,płytka ścienna,Domino,Blink grey,,"60.8 x 30.8 cm,  połysk",,"89,79","73,00","73,00",https://www.ceramika-domino.pl/pl/lazienka/blink-grey/blink-grey-5,,,
Budget,Płytki,Płytki,płytka ścienna,Domino,Blink grey STR,,"60.8 x 30.8 cm,  połysk",,"99,88","81,20","81,20",https://www.ceramika-domino.pl/pl/lazienka/blink-grey/blink-grey-str-5,,,
Budget,Płytki,Płytki,płytka ścienna,Domino,Blink graphite,,"60.8 x 30.8 cm,  połysk",,"89,79","73,00","73,00",https://www.ceramika-domino.pl/pl/lazienka/blink-grey/blink-graphite-5,,,
Budget,Płytki,Płytki,płytka podłogowa,Domino,Blink beige,,"44.8 x 44.8 cm,  połysk",,"109,96","89,40","89,40",https://www.ceramika-domino.pl/pl/lazienka/blink-beige/blink-beige-9,,,
Budget,Płytki,Płytki,płytka ścienna,Domino,Blink beige,,"60.8 x 30.8 cm,  połysk",,"89,79","73,00","73,00",https://www.ceramika-domino.pl/pl/lazienka/blink-beige/blink-beige-5,,,
Budget,Płytki,Płytki,płytka ścienna,Domino,Blink beige STR,,"60.8 x 30.8 cm,  połysk",,"99,88","81,20","81,20",https://www.ceramika-domino.pl/pl/lazienka/blink-beige/blink-beige-str-5,,,
Budget,Płytki,Płytki,płytka ścienna,Domino,Blink brown,,"60.8 x 30.8 cm,  połysk",,"89,79","73,00","73,00",https://www.ceramika-domino.pl/pl/lazienka/blink-beige/blink-brown-5,,,
Budget,Płytki,Płytki,płytka podłogowa,Domino,Bonella white,,"44.8 x 44.8 cm,  mat",,"109,96","89,40","89,40",https://www.ceramika-domino.pl/pl/lazienka/bonella-white/bonella-white-9,,,
Budget,Płytki,Płytki,płytka ścienna,Domino,Bonella white,,"60.8 x 30.8 cm,  mat",,"89,79","73,00","73,00",https://www.ceramika-domino.pl/pl/lazienka/bonella-white/bonella-white-5,,,
Budget,Płytki,Płytki,płytka ścienna,Domino,Bonella white,,"60.8 x 30.8 cm,  połysk",,"74,42","60,50","60,50",https://www.ceramika-domino.pl/pl/lazienka/bonella-white/bonella-white-6,,,
Budget,Płytki,Płytki,płytka ścienna,Domino,Bonella white STR,,"60.8 x 30.8 cm,  mat",,"99,88","81,20","81,20",https://www.ceramika-domino.pl/pl/lazienka/bonella-white/bonella-white-str-5,,,
Budget,Płytki,Płytki,płytka ścienno - podłogowa,Cersanit,"Cersanit Chesterwood beige płytka ścienno-podłogowa 18,5x59,8 cm beżowy mat",,,,"79,11","64,32","64,32","https://www.lazienkaplus.pl/pl/cersanit-chesterwood-beige-plytka-scienno-podlogowa-185x598-cm-bezowy-mat,548267,206,i",,,
Budget,Płytki,Płytki,płytka ścienno - podłogowa,Cersanit,"Cersanit Chesterwood cream płytka ścienno-podłogowa 18,5x59,8 cm kremowy mat",,,,"79,11","64,32","64,32","https://www.lazienkaplus.pl/pl/cersanit-chesterwood-cream-plytka-scienno-podlogowa-185x598-cm-kremowy-mat,548273,206,i",,,
Standart,Płytki,Płytki,płytka ścienno - podłogowa,Paradyż,gammo colours biały gres szkl. struktura,,"19,8 x 19,8 cm,  8 mm,  MAT",,"110,58","89,90","89,90",https://www.paradyz.com/pl/produkty/p12099-gammo-colours-bialy-gres-szkl-struktura-198x198-g1,,,
Standart,Płytki,Płytki,płytka ścienno - podłogowa,Paradyż,gammo colours biały gres szkl. mat.,,"19,8 x 19,8 cm,  7.5 mm,  MAT",,"108,24","88,00","88,00",https://www.paradyz.com/pl/produkty/p24346-gammo-colours-bialy-gres-szkl-mat-198x198-g1,,,
Standart,Płytki,Płytki,płytka ścienno - podłogowa,Paradyż,gammo colours czarny gres szkl. struktura,,"19,8 x 19,8 cm,  8 mm,  MAT",,"110,58","89,90","89,90",https://www.paradyz.com/pl/produkty/p94978-gammo-colours-czarny-gres-szkl-struktura-198x198-g1,,,
Standart,Płytki,Płytki,płytka ścienno - podłogowa,Paradyż,gammo colours czarny gres szkl. mat.,,"19,8 x 19,8 cm,  7.5 mm,  MAT",,"108,24","88,00","88,00",https://www.paradyz.com/pl/produkty/p94950-gammo-colours-czarny-gres-szkl-mat-198x198-g1,,,
Standart,Płytki,Płytki,płytka ścienno - podłogowa,Paradyż,bazo beige gres monokolor struktura,,"19,8 x 19,8 cm,  8.3 mm,  MAT",,"122,88","99,90","99,90",https://www.paradyz.com/pl/produkty/p12870-bazo-beige-gres-monokolor-struktura-198x198-g1,,,
Standart,Płytki,Płytki,płytka ścienno - podłogowa,Paradyż,bazo beige gres monokolor mat.,,"19,8 x 19,8 cm,  7.5 mm,  MAT",,"117,22","95,30","95,30",https://www.paradyz.com/pl/produkty/p16316-bazo-beige-gres-monokolor-mat-198x198-g1,,,
Standart,Płytki,Płytki,płytka ścienno - podłogowa,Paradyż,bazo grys gres monokolor struktura,,"19,8 x 19,8 cm,  8.3 mm,  MAT",,"122,88","99,90","99,90",https://www.paradyz.com/pl/produkty/p16353-bazo-grys-gres-monokolor-struktura-198x198-g1,,,
Standart,Płytki,Płytki,płytka ścienno - podłogowa,Paradyż,bazo grys gres monokolor mat.,,"19,8 x 19,8 cm,  7.5 mm,  MAT",,"117,22","95,30","95,30",https://www.paradyz.com/pl/produkty/p14310-bazo-grys-gres-monokolor-mat-198x198-g1,,,
Standart,Płytki,Płytki,płytka podłogowa,Paradyż,intero bianco gres rekt. mat.,,"59,8 x 59,8 cm,  9 mm,  MAT",,"147,11","119,60","119,60",https://www.paradyz.com/pl/produkty/p22915-intero-bianco-gres-rekt-mat-598x598-g1,,,
Standart,Płytki,Płytki,płytka podłogowa,Paradyż,intero brown gres rekt. mat.,,"59,8 x 59,8 cm,  9 mm,  MAT",,"147,11","119,60","119,60",https://www.paradyz.com/pl/produkty/p12846-intero-brown-gres-rekt-mat-598x598-g1,,,
Standart,Płytki,Płytki,płytka podłogowa,Paradyż,intero grafit gres rekt. mat.,,"59,8 x 59,8 cm,  9 mm,  MAT",,"147,11","119,60","119,60",https://www.paradyz.com/pl/produkty/p24800-intero-grafit-gres-rekt-mat-598x598-g1,,,
Standart,Płytki,Płytki,płytka podłogowa,Paradyż,intero olive gres rekt. mat.,,"59,8 x 59,8 cm,  9 mm,  MAT",,"147,11","119,60","119,60",https://www.paradyz.com/pl/produkty/p85615-intero-olive-gres-rekt-mat-598x598-g1,,,
Standart,Płytki,Płytki,płytka podłogowa,Paradyż,intero mocca gres rekt. mat.,,"59,8 x 59,8 cm,  9 mm,  MAT",,"147,11","119,60","119,60",https://www.paradyz.com/pl/produkty/p23306-intero-mocca-gres-rekt-mat-598x598-g1,,,
Standart,Płytki,Płytki,płytka ścienno - podłogowa,Paradyż,macroside antracite gres szkl. rekt. mat.,,"59,8 x 59,8 cm,  9 mm,  MAT",,"121,77","99,00","99,00",https://www.paradyz.com/pl/produkty/p23377-macroside-antracite-gres-szkl-rekt-mat-598x598-g1,,,
Standart,Płytki,Płytki,płytka ścienno - podłogowa,Paradyż,macroside antracite gres szkl. rekt. mat.,,"119,8 x 59,8 cm,  8 mm,  MAT",,"159,90","130,00","130,00",https://www.paradyz.com/pl/produkty/p80670-macroside-antracite-gres-szkl-rekt-mat-598x1198-g1,,,
Standart,Płytki,Płytki,płytka ścienno - podłogowa,Paradyż,macroside bianco gres szkl. rekt. mat.,,"59,8 x 59,8 cm,  8 mm,  MAT",,"121,77","99,00","99,00",https://www.paradyz.com/pl/produkty/p80510-macroside-bianco-gres-szkl-rekt-mat-598x598-g1,,,
Standart,Płytki,Płytki,płytka ścienno - podłogowa,Paradyż,macroside bianco gres szkl. rekt. mat.,,"119,8 x 59,8 cm,  8 mm,  MAT",,"159,90","130,00","130,00",https://www.paradyz.com/pl/produkty/p75650-macroside-bianco-gres-szkl-rekt-mat-598x1198-g1,,,
Standart,Płytki,Płytki,płytka ścienno - podłogowa,Paradyż,lovstone grey gres szkl. rekt. półpoler,,"59,8 x 59,8 cm,  8 mm,  półpoler",,"147,60","120,00","120,00",https://www.paradyz.com/pl/produkty/p67583-lovstone-grey-gres-szkl-rekt-polpoler-598x598-g1,,,
Standart,Płytki,Płytki,płytka ścienno - podłogowa,Paradyż,lovstone grey gres szkl. rekt. półpoler,,"119,8 x 59,8 cm,  8 mm,  półpoler",,"178,35","145,00","145,00",https://www.paradyz.com/pl/produkty/p67577-lovstone-grey-gres-szkl-rekt-polpoler-598x1198-g1,,,
Standart,Płytki,Płytki,płytka ścienno - podłogowa,Paradyż,lovstone taupe gres szkl. rekt. półpoler,,"59,8 x 59,8 cm,  8 mm,  półpoler",,"147,60","120,00","120,00",https://www.paradyz.com/pl/produkty/p67567-lovstone-taupe-gres-szkl-rekt-polpoler-598x598-g1,,,
Standart,Płytki,Płytki,płytka ścienno - podłogowa,Paradyż,lovstone taupe gres szkl. rekt. półpoler,,"119,8 x 59,8 cm,  8 mm,  półpoler",,"178,35","145,00","145,00",https://www.paradyz.com/pl/produkty/p67574-lovstone-taupe-gres-szkl-rekt-polpoler-598x1198-g1,,,
Standart,Płytki,Płytki,płytka ścienno - podłogowa,Paradyż,carrastone black gres szkl. rekt. mat.,,"59,8 x 59,8 cm,  8 mm,  MAT",,"121,77","99,00","99,00",https://www.paradyz.com/pl/produkty/p67575-carrastone-black-gres-szkl-rekt-mat-598x598-g1,,,
Standart,Płytki,Płytki,płytka ścienno - podłogowa,Paradyż,carrastone black gres szkl. rekt. mat.,,"119,8 x 59,8 cm,  8 mm,  MAT",,"159,90","130,00","130,00",https://www.paradyz.com/pl/produkty/p67582-carrastone-black-gres-szkl-rekt-mat-598x1198-g1,,,
Standart,Płytki,Płytki,płytka ścienno - podłogowa,Paradyż,carrastone white gres szkl. rekt. mat.,,"59,8 x 59,8 cm,  8 mm,  MAT",,"121,77","99,00","99,00",https://www.paradyz.com/pl/produkty/p67584-carrastone-white-gres-szkl-rekt-mat-598x598-g1,,,
Standart,Płytki,Płytki,płytka ścienno - podłogowa,Paradyż,carrastone white gres szkl. rekt. mat.,,"119,8 x 59,8 cm,  8 mm,  MAT",,"159,90","130,00","130,00",https://www.paradyz.com/pl/produkty/p67571-carrastone-white-gres-szkl-rekt-mat-598x1198-g1,,,
Standart,Płytki,Płytki,płytka ścienna,Tubądzin,"Tubądzin Curio płytka ścienna 23,7x7,8 cm zielona",,,,"94,23","76,61","76,61","https://www.lazienkaplus.pl/pl/tubadzin-curio-plytka-scienna-237x78-cm-str-zielony-polysk,557213,206,i",,,
Standart,Płytki,Płytki,płytka ścienna,Tubądzin,"Tubądzin Curio green mix C STR płytka ścienna 23,7x7,8 cm",,,,"94,23","76,61","76,61","https://www.lazienkaplus.pl/pl/tubadzin-curio-plytka-scienna-237x78-cm-str-zielony-polysk,557214,206,i",,,
Standart,Płytki,Płytki,płytka ścienna,Tubądzin,"Tubądzin Curio green mix A STR płytka ścienna 23,7x7,8 cm",,,,"94,23","76,61","76,61","https://www.lazienkaplus.pl/pl/tubadzin-curio-plytka-scienna-237x78-cm-str-zielony-polysk,557215,206,i",,,
Standart,Płytki,Płytki,płytka ścienna,Tubądzin,"Tubądzin Curio blue mix C STR płytka ścienna 23,7x7,8 cm",,,,"94,23","76,61","76,61","https://www.lazienkaplus.pl/pl/tubadzin-curio-plytka-scienna-237x78-cm-str-niebieski-polysk,557193,206,i",,,
Standart,Płytki,Płytki,płytka ścienna,Tubądzin,"Tubądzin Curio blue mix B STR płytka ścienna 23,7x7,8 cm",,,,"94,23","76,61","76,61","https://www.lazienkaplus.pl/pl/tubadzin-curio-plytka-scienna-237x78-cm-str-niebieski-polysk,557192,206,i",,,
Standart,Płytki,Płytki,płytka ścienna,Tubądzin,"Tubądzin Curio blue mix A STR płytka ścienna 23,7x7,8 cm",,,,"94,23","76,61","76,61","https://www.lazienkaplus.pl/pl/tubadzin-curio-plytka-scienna-237x78-cm-str-niebieski-polysk,557191,206,i",,,
Standart,Płytki,Płytki,płytka ścienna,Tubądzin,"Tubądzin Masovia Griggio A Gloss płytka ścienna 29,8x7,8 cm szara",,,,"93,52","76,03","76,03","https://www.lazienkaplus.pl/pl/tubadzin-masovia-griggio-a-gloss-plytka-scienna-298x78-cm-szara,675595,206,i",,,
Standart,Płytki,Płytki,płytka ścienna,Tubądzin,"Tubądzin Masovia Polvere A Gloss płytka ścienna 29,8x7,8 cm",,,,"93,52","76,03","76,03","https://www.lazienkaplus.pl/pl/tubadzin-masovia-polvere-a-gloss-plytka-scienna-298x78-cm,675580,206,i",,,
Standart,Płytki,Płytki,płytka ścienna,Tubądzin,"Tubądzin Masovia płytka ścienna 29,8x7,8 cm biała",,,,"93,52","76,03","76,03","https://www.lazienkaplus.pl/pl/tubadzin-masovia-plytka-scienna-298x78-cm-biala,675602,206,i",,,
Standart,Płytki,Płytki,płytka ścienna,Tubądzin,"Tubądzin Masovia płytka ścienna 29,8x7,8 cm czarna",,,,"93,52","76,03","76,03","https://www.lazienkaplus.pl/pl/tubadzin-masovia-plytka-scienna-298x78-cm-czarna,675578,206,i",,,
Standart,Płytki,Płytki,płytka ścienna,Tubądzin,"Tubądzin Masovia Rubino A płytka ścienna 29,8x7,8 cm czerwona",,,,"93,52","76,03","76,03","https://www.lazienkaplus.pl/pl/tubadzin-masovia-rubino-a-plytka-scienna-298x78-cm-czerwona,675544,206,i",,,
Standart,Płytki,Płytki,płytka ścienna,Tubądzin,"Tubądzin Masovia Senape A płytka ścienna 29,8x7,8 cm żółta",,,,"93,52","76,03","76,03","https://www.lazienkaplus.pl/pl/tubadzin-masovia-senape-a-plytka-scienna-298x78-cm-zolta,675541,206,i",,,
Standart,Płytki,Płytki,płytka ścienna,Tubądzin,"Tubądzin Masovia Verde A płytka ścienna 29,8x7,8 cm zielona",,,,"93,52","76,03","76,03","https://www.lazienkaplus.pl/pl/tubadzin-masovia-verde-plytka-scienna-298x78-cm-zielona,675539,206,i",,,
Standart,Płytki,Płytki,płytka ścienna,Tubądzin,"Tubądzin Masovia A płytka ścienna 29,8x7,8 cm niebieska",,,,"93,52","76,03","76,03","https://www.lazienkaplus.pl/pl/tubadzin-masovia-a-plytka-scienna-298x78-cm-niebieska,675562,206,i",,,
Standart,Płytki,Płytki,płytka ścienno - podłogowa,Tubądzin,"Tubądzin Aquamarine Blue Pol płytka ścienno-podłogowa 59,8x59,8 cm",,,,"154,71","125,78","125,78","https://www.lazienkaplus.pl/pl/tubadzin-aquamarine-blue-pol-plytka-scienno-podlogowa-598x598-cm,659676,206,i",,,
Standart,Płytki,Płytki,płytka ścienno - podłogowa,Tubądzin,"Tubądzin Aquamarine Blue Pol płytka ścienno-podłogowa 59,8x119,8 cm",,,,"194,39","158,04","158,04","https://www.lazienkaplus.pl/pl/tubadzin-aquamarine-blue-pol-plytka-scienno-podlogowa-598x1198-cm,650793,206,i",,,
Standart,Płytki,Płytki,płytka ścienno - podłogowa,Tubądzin,Tubądzin Aquamarine Black Pol płytka ścienno-podłogowa 60x60 cm,,,,"154,71","125,78","125,78","https://www.lazienkaplus.pl/pl/tubadzin-aquamarine-black-pol-plytka-scienno-podlogowa,662349,206,i",,,
Standart,Płytki,Płytki,płytka ścienno - podłogowa,Tubądzin,"Tubądzin Aquamarine Black Pol płytka ścienno-podłogowa 59,8x119,8 cm",,,,"194,39","158,04","158,04","https://www.lazienkaplus.pl/pl/tubadzin-aquamarine-black-pol-plytka-scienno-podlogowa-598x1198-cm,662233,206,i",,,
Standart,Płytki,Płytki,płytka ścienno - podłogowa,Tubądzin,"Tubądzin Aquamarine Grey Pol płytka ścienno-podłogowa 59,8x59,8 cm",,,,"154,71","125,78","125,78","https://www.lazienkaplus.pl/pl/tubadzin-aquamarine-grey-pol-plytka-scienno-podlogowa-598x598-cm,662281,206,i",,,
Standart,Płytki,Płytki,płytka ścienno - podłogowa,Tubądzin,"Tubądzin Aquamarine płytka ścienno-podłogowa 119,8x59,8 cm szara",,,,"194,39","158,04","158,04","https://www.lazienkaplus.pl/pl/tubadzin-aquamarine-grey-pol-plytka-scienno-podlogowa-598x1198-cm,650794,206,i",,,
Standart,Płytki,Płytki,płytka podłogowa,Tubądzin,"Tubądzin Cielo e Terra Beige Mat płytka podłogowa 119,8x59,8 cm",,,,"158,03","128,48","128,48","https://www.lazienkaplus.pl/pl/tubadzin-cielo-e-terra-beige-mat-plytka-podlogowa-1198x598-cm,661219,206,i",,,
Standart,Płytki,Płytki,płytka podłogowa,Tubądzin,"Tubądzin Cielo e Terra Blu Mat płytka podłogowa 119,8x59,8 cm",,,,"158,73","129,05","129,05","https://www.lazienkaplus.pl/pl/tubadzin-cielo-e-terra-blu-mat-plytka-podlogowa-1198x598-cm,646456,206,i",,,
Standart,Płytki,Płytki,płytka podłogowa,Tubądzin,"Tubądzin Cielo e Terra Grafite Mat płytka podłogowa 119,8x59,8 cm",,,,"160,08","130,15","130,15","https://www.lazienkaplus.pl/pl/tubadzin-cielo-e-terra-grafite-mat-plytka-podlogowa-1198x598-cm,621395,206,i",,,
Standart,Płytki,Płytki,płytka podłogowa,Tubądzin,"Tubądzin Cielo e Terra Polvere Mat płytka podłogowa 119,8x59,8 cm",,,,"193,28","157,14","157,14","https://www.lazienkaplus.pl/pl/tubadzin-cielo-e-terra-plytka-podlogowa-1198x598-cm-polvere-mat-pp-01-195-1198-0598-1-049,614477,206,i",,,
Standart,Płytki,Płytki,płytka podłogowa,Tubądzin,"Tubądzin Cielo e Terra płytka podłogowa 119,8x59,8 cm biała",,,,"154,71","125,78","125,78","https://www.lazienkaplus.pl/pl/tubadzin-cielo-e-terra-bianco-mat-plytka-podlogowa-1198x598-cm,605007,206,i",,,
Standart,Płytki,Płytki,płytka ścienno - podłogowa,Tubądzin,"Tubądzin Cielo e Terra płytka ścienno-podłogowa 59,8x59,8 cm zielon",,,,"133,19","108,28","108,28","https://www.lazienkaplus.pl/pl/tubadzin-cielo-e-terra-plytka-scienno-podlogowa-598x598-cm-zielona,675748,206,i",,,
Standart,Płytki,Płytki,płytka ścienno - podłogowa,Tubądzin,"Tubądzin Cielo e Terra płytka ścienno-podłogowa 59,8x59,8 cm szara",,,,"138,99","113,00","113,00","https://www.lazienkaplus.pl/pl/tubadzin-cielo-e-terra-plytka-scienno-podlogowa-598x598-cm-szara,675306,206,i",,,
Standart,Płytki,Płytki,płytka ścienno - podłogowa,Tubądzin,"Tubądzin Cielo e Terra płytka ścienno-podłogowa 59,8x59,8 cm różowa",,,,"138,99","113,00","113,00","https://www.lazienkaplus.pl/pl/tubadzin-cielo-e-terra-plytka-scienno-podlogowa-598x598-cm-rozowa,675486,206,i",,,
Standart,Płytki,Płytki,płytka ścienno - podłogowa,Tubądzin,"Tubądzin Cielo e Terra płytka ścienno-podłogowa 59,8x59,8 cm biała",,,,"150,99","122,76","122,76","https://www.lazienkaplus.pl/pl/tubadzin-cielo-e-terra-plytka-scienno-podlogowa-598x598-cm-biala,675488,206,i",,,
Standart,Płytki,Płytki,płytka ścienno - podłogowa,Tubądzin,"Tubądzin Cielo e Terra płytka ścienno-podłogowa 59,8x59,8 cm beżowa",,,,"138,99","113,00","113,00","https://www.lazienkaplus.pl/pl/tubadzin-cielo-e-terra-plytka-scienno-podlogowa-598x598-cm-bezowa,675758,206,i",,,
Standart,Płytki,Płytki,płytka ścienno - podłogowa,Cersanit,"Cersanit Hika terazzo mix colors lappato płytka ścienno-podłogowa 59,8x59,8 cm",,,,"116,19","94,46","94,46","https://www.lazienkaplus.pl/pl/cersanit-hika-terazzo-mix-colors-lappato-plytka-scienno-podlogowa-598x598-cm,590740,206,i",,,
Standart,Płytki,Płytki,płytka ścienno - podłogowa,Cersanit,"Cersanit Hika Terazzo Mix Colors płytka ścienno-podłogowa 119,8x59,8 cm",,,,"140,71","114,40","114,40","https://www.lazienkaplus.pl/pl/cersanit-hika-terazzo-mix-colors-plytka-scienno-podlogowa-1198x598-cm,710950,206,i",,,
Standart,Płytki,Płytki,płytka ścienno - podłogowa,Cersanit,"Cersanit Primero płytka ścienno-podłogowa 59,8x59,8 cm niebieska",,,,"110,79","90,07","90,07","https://www.lazienkaplus.pl/pl/cersanit-primero-patchwork-plytka-scienno-podlogowa-598x598-cm-niebieski,657160,206,i",,,
Standart,Płytki,Płytki,płytka ścienno - podłogowa,Marazzi,Marazzi Treverkdear Beige płytka ścienno-podłogowa 20x120 cm,,,,"158,99","129,26","129,26","https://www.lazienkaplus.pl/pl/marazzi-treverkdear-beige-plytka-scienno-podlogowa-20x120-cm,659590,206,i",,,
Standart,Płytki,Płytki,płytka ścienno - podłogowa,Marazzi,Marazzi Treverkdear Natural płytka ścienno-podłogowa 20x120 cm,,,,"158,99","129,26","129,26","https://www.lazienkaplus.pl/pl/marazzi-treverkdear-natural-plytka-scienno-podlogowa-20x120-cm,659600,206,i",,,
Standart,Płytki,Płytki,płytka ścienno - podłogowa,Marazzi,Marazzi Treverkstage Beige płytka ścienno-podłogowa 20x120 cm,,,,"150,05","121,99","121,99","https://www.lazienkaplus.pl/pl/marazzi-treverkstage-beige-plytka-scienno-podlogowa-20x120-cm,659639,206,i",,,
Standart,Płytki,Płytki,płytka ścienno - podłogowa,Marazzi,Marazzi Treverkstage Brown płytka ścienno-podłogowa 20x120 cm,,,,"150,05","121,99","121,99","https://www.lazienkaplus.pl/pl/marazzi-treverkstage-brown-plytka-scienno-podlogowa-20x120-cm,659645,206,i",,,
Standart,Płytki,Płytki,płytka ścienno - podłogowa,Cersanit,"Cersanit Beauty Forest Brown płytka ścienno-podłogowa 119,8x19,8 cm brązowa",,,,"109,00","88,62","88,62","https://www.lazienkaplus.pl/pl/cersanit-beauty-forest-brown-plytka-scienno-podlogowa-1198x198-cm-brazowa,715570,206,i",,,
Standart,Płytki,Płytki,płytka ścienno - podłogowa,Cersanit,"Cersanit Beauty Forest Cream płytka ścienno-podłogowa 119,8x19,8 cm beżowa",,,,"109,00","88,62","88,62","https://www.lazienkaplus.pl/pl/cersanit-beauty-forest-cream-plytka-scienno-podlogowa-1198x198-cm-bezowa,715566,206,i",,,
Standart,Płytki,Płytki,,Paradyż,"PARADYŻ HEARTWOOD CREMA 19,8X119,8",,,,"88,50","71,95","71,95",https://opocznoplytki.pl/2815-heartwood,,,
Standart,Płytki,Płytki,,Paradyż,"PARADYŻ HEARTWOOD LATTE 19,8X119,8",,,,"88,50","71,95","71,95",https://opocznoplytki.pl/26856--paradyz-heartwood-latte-198x1198,,,
Standart,Płytki,Płytki,,Paradyż,"PARADYŻ HEARTWOOD TOFFEE 19,8X119,8",,,,"88,50","71,95","71,95",https://opocznoplytki.pl/26852--paradyz-heartwood-toffee-198x1198,,,
Standart,Płytki,Płytki,,Paradyż,"PARADYŻ HEARTWOOD CARDAMON 19,8X119,8",,,,"88,50","71,95","71,95",https://opocznoplytki.pl/26855-paradyz-heartwood-cardamon-198x1198,,,
Standart,Płytki,Płytki,,Paradyż,"PARADYŻ HEARTWOOD HONEY 19,8X119,8",,,,"88,50","71,95","71,95",https://opocznoplytki.pl/26854-paradyz-heartwood-honey-198x1198,,,
Lux,Płytki,Płytki,płytka ścienno - podłogowa,Tubądzin,"Tubądzin Aquamarine Black Pol płytka ścienno-podłogowa 119,8X119,8",,,,"259,13","210,67","210,67","https://www.lazienkaplus.pl/pl/tubadzin-aquamarine-black-pol-plytka-scienno-podlogowa-1198x1198,655244,206,i",,,
Lux,Płytki,Płytki,płytka ścienno - podłogowa,Tubądzin,"Tubądzin Aquamarine Black Pol płytka ścienno-podłogowa 59,8x119,8 cm",,,,"194,39","158,04","158,04","https://www.lazienkaplus.pl/pl/tubadzin-aquamarine-black-pol-plytka-scienno-podlogowa-598x1198-cm,662233,206,i",,,
Lux,Płytki,Płytki,płytka ścienno - podłogowa,Tubądzin,"Tubądzin Aquamarine Grey Mat płytka ścienno-podłogowa 119,8X119,8",,,,"230,26","187,20","187,20","https://www.lazienkaplus.pl/pl/tubadzin-aquamarine-grey-mat-plytka-scienno-podlogowa-1198x1198,655247,206,i",,,
Lux,Płytki,Płytki,płytka ścienno - podłogowa,Tubądzin,"Tubądzin Aquamarine płytka ścienno-podłogowa 119,8x59,8 cm szara",,,,"194,39","158,04","158,04","https://www.lazienkaplus.pl/pl/tubadzin-aquamarine-grey-pol-plytka-scienno-podlogowa-598x1198-cm,650794,206,i",,,
Lux,Płytki,Płytki,płytka ścienno - podłogowa,Tubądzin,"Tubądzin Aquamarine Blue Pol płytka ścienno-podłogowa 119,8x119,8 cm",,,,"259,13","210,67","210,67","https://www.lazienkaplus.pl/pl/tubadzin-aquamarine-blue-pol-plytka-scienno-podlogowa-1198x1198-cm,649094,206,i",,,
Lux,Płytki,Płytki,płytka ścienno - podłogowa,Tubądzin,"Tubądzin Aquamarine Blue Pol płytka ścienno-podłogowa 59,8x119,8 cm",,,,"194,39","158,04","158,04","https://www.lazienkaplus.pl/pl/tubadzin-aquamarine-blue-pol-plytka-scienno-podlogowa-598x1198-cm,650793,206,i",,,
Lux,Płytki,Płytki,płytka ścienno - podłogowa,Tubądzin,"Tubądzin Aquamarine płytka ścienna 119,8x119,8 cm niebieska",,,,"259,13","210,67","210,67","https://www.lazienkaplus.pl/pl/tubadzin-aquamarine-plytka-scienna-1198x1198-cm-niebieska,675387,206,i",,,
Lux,Płytki,Płytki,płytka ścienno - podłogowa,Tubądzin,"Tubądzin Aquamarine płytka ścienna 119,8x59,8 cm niebieska",,,,"194,39","158,04","158,04","https://www.lazienkaplus.pl/pl/tubadzin-aquamarine-plytka-scienna-1198x598-cm-niebieska,675625,206,i",,,
Lux,Płytki,Płytki,płytka podłogowa,Tubądzin,"Tubądzin Marmo d'Oro Mat płytka podłogowa 119,8x119,8 cm",,,,"230,26","187,20","187,20","https://www.lazienkaplus.pl/pl/tubadzin-marmo-doro-mat-plytka-podlogowa-1198x1198-cm,547614,206,i/",,,
Lux,Płytki,Płytki,płytka podłogowa,Tubądzin,"Tubądzin Marmo d'Oro Pol płytka podłogowa 119,8x119,8 cm",,,,"259,13","210,67","210,67","https://www.lazienkaplus.pl/pl/tubadzin-marmo-doro-plytka-podlogowa-1198x1198-cm-bialy-poler-pp-01-245-1198-1198-1-005,557043,206,i/",,,
Lux,Płytki,Płytki,płytka podłogowa,Tubądzin,"Tubądzin Marmo d'Oro Pol płytka podłogowa 119,8x59,8 cm",,,,"201,99","164,22","164,22","https://www.lazienkaplus.pl/pl/tubadzin-marmo-doro-pol-plytka-podlogowa-1198x598-cm,633488,206,i/",,,
Lux,Płytki,Płytki,płytka podłogowa,Tubądzin,"Tubądzin Massa płytka podłogowa 119,8x119,8 cm",,,,"230,26","187,20","187,20","https://www.lazienkaplus.pl/pl/tubadzin-massa-plytka-podlogowa-1198x1198-cm-bezowy-mat-pp-01-182-1198-1198-1-007,554511,206,i/",,,
Lux,Płytki,Płytki,płytka podłogowa,Tubądzin,"Tubądzin Massa płytka podłogowa 119,8x59,8 cm beżowa",,,,"181,89","147,88","147,88","https://www.lazienkaplus.pl/pl/tubadzin-massa-plytka-podlogowa-598x1198-cm,637132,206,i/",,,
Lux,Płytki,Płytki,płytka ścienno - podłogowa,Tubądzin,"Tubądzin Onice Bianco Mat płytka ścienno-podłogowa 119,8x119,8 cm biała-szara PP-01-282-1198-1198-1-06",,,,"230,26","187,20","187,20","https://www.lazienkaplus.pl/pl/tubadzin-onice-bianco-mat-plytka-scienno-podlogowa-1198x1198-cm-biala-szara-pp-01-282-1198-1198-1-067,697759,206,i/",,,
Lux,Płytki,Płytki,płytka ścienno - podłogowa,Tubądzin,"Tubądzin Onice Bianco Pol płytka podłogowa 119,8x59,8 cm biała",,,,"245,69","199,75","199,75","https://www.lazienkaplus.pl/pl/tubadzin-onice-bianco-pol-plytka-podlogowa-1198x598-cm-biala,699927,206,i/",,,
Lux,Płytki,Płytki,płytka ścienno - podłogowa,Tubądzin,"Tubądzin Onice Rosa Pol płytka podłogowa 119,8x119,8 cm",,,,"259,13","210,67","210,67","https://www.lazienkaplus.pl/pl/tubadzin-onice-rosa-pol-plytka-podlogowa-1198x1198-cm,639332,206,i/",,,
Lux,Płytki,Płytki,płytka ścienno - podłogowa,Tubądzin,"Tubądzin Onice Rosa Pol płytka podłogowa 119,8x59,8 cm różowa",,,,"245,69","199,75","199,75","https://www.lazienkaplus.pl/pl/tubadzin-onice-rosa-pol-plytka-podlogowa-1198x598-cm-rozowa,699925,206,i/",,,
Lux,Płytki,Płytki,płytka ścienna,Tubądzin,"Tubądzin Mild Clay Leaves A dekor ścienny 119,8x59,8 cm beżowa",,,,"261,25","212,40","212,40","https://www.lazienkaplus.pl/pl/tubadzin-mild-clay-leaves-a-dekor-scienny-1198x598-cm-bezowa,712052,206,i/",,,
Lux,Płytki,Płytki,płytka ścienna,Tubądzin,"Tubądzin Mild Clay Leaves B dekor ścienny 119,8x59,8 cm beżowa",,,,"261,25","212,40","212,40","https://www.lazienkaplus.pl/pl/tubadzin-mild-clay-leaves-b-dekor-scienny-1198x598-cm-bezowa,712055,206,i/",,,
Lux,Płytki,Płytki,płytka ścienna,Tubądzin,"Tubądzin Mild Clay Leaves C dekor ścienny 119,8x59,8 cm beżowa",,,,"261,25","212,40","212,40","https://www.lazienkaplus.pl/pl/tubadzin-mild-clay-leaves-c-dekor-scienny-1198x598-cm-bezowa,713501,206,i/",,,
Lux,Płytki,Płytki,płytka ścienna,Tubądzin,"Tubądzin Mild Clay Leaves D dekor ścienny 119,8x59,8 cm beżowa",,,,"261,25","212,40","212,40","https://www.lazienkaplus.pl/pl/tubadzin-mild-clay-leaves-d-dekor-scienny-1198x598-cm-bezowa,712059,206,i/",,,
Lux,Płytki,Płytki,płytka ścienno - podłogowa,Tubądzin,"Tubądzin Teri Ivory płytka ścienno-podłogowa 119,8x59,8 cm szara",,,,"194,39","158,04","158,04","https://www.lazienkaplus.pl/pl/tubadzin-teri-ivory-plytka-scienno-podlogowa-598x598-cm-szara-pp-01-333-0598-0598-1-007,695977,206,i/",,,
Lux,Płytki,Płytki,płytka ścienno - podłogowa,Tubądzin,"Tubądzin Teri Ivory płytka ścienno-podłogowa 119,8x119,8 cm kremowa",,,,"259,13","210,67","210,67","https://www.lazienkaplus.pl/pl/tubadzin-teri-ivory-plytka-scienno-podlogowa-1198x1198-cm-kremowa,701828,206,i/",,,
Lux,Płytki,Płytki,płytka ścienna,Tubądzin,"Tubądzin Teri Soft Line dekor ścienny 119,8x59,8 cm szara",,,,"279,89","227,55","227,55","https://www.lazienkaplus.pl/pl/tubadzin-teri-soft-line-dekor-scienny-1198x598-cm-szara,696034,206,i/",,,
Lux,Płytki,Płytki,płytka ścienna,Tubądzin,"Tubądzin Teri Soft Line dekor ścienny 119,8x59,8 cm szara",,,,"279,89","227,55","227,55","https://www.lazienkaplus.pl/pl/tubadzin-teri-soft-line-dekor-scienny-1198x598-cm-szara,696033,206,i/",,,
Lux,Płytki,Płytki,płytka ścienna,Tubądzin,"Tubądzin Teri Soft Line dekor ścienny 119,8x59,8 cm szara",,,,"279,89","227,55","227,55","https://www.lazienkaplus.pl/pl/tubadzin-teri-soft-line-dekor-scienny-1198x598-cm-szara,696030,206,i/",,,
Lux,Płytki,Płytki,płytka ścienna,Tubądzin,"Tubądzin Teri Soft Line dekor ścienny 119,8x59,8 cm szara",,,,"296,68","241,20","241,20","https://www.lazienkaplus.pl/pl/tubadzin-teri-soft-line-dekor-scienny-1198x598-cm-szara,696027,206,i/",,,
Lux,Płytki,Płytki,płytka ścienna,Tubądzin,"Tubądzin Teri Soft Line dekor ścienny 119,8x59,8 cm szara",,,,"279,89","227,55","227,55","https://www.lazienkaplus.pl/pl/tubadzin-teri-soft-line-dekor-scienny-1198x598-cm-szara,696024,206,i/",,,
Lux,Płytki,Płytki,,Porcelanosa,Porcelanosa Liem Grey Nature 120x120,,,,"377,47","306,89","306,89",https://stemar.pl/pl/p/-Porcelanosa-Liem-Grey-Nature-120x120/12979,,,
Lux,Płytki,Płytki,,Porcelanosa,Porcelanosa Fiori di Bosco Nature 120x120 [mat],,,,"377,47","306,89","306,89",https://stemar.pl/pl/p/-Porcelanosa-Fiori-di-Bosco-Nature-120x120-mat-/16557,,,
Lux,Płytki,Płytki,,Porcelanosa,Porcelanosa Aria White Nature 120x120 [mat],,,,"377,47","306,89","306,89",https://stemar.pl/pl/p/-Porcelanosa-Aria-White-Nature-120x120-mat-/16644,,,
Lux,Płytki,Płytki,,Porcelanosa,Porcelanosa Astana Grey Nature 120x120 mat],,,,"377,47","306,89","306,89",https://stemar.pl/pl/p/Porcelanosa-Astana-Grey-Nature-120x120-mat/12923,,,
Lux,Płytki,Płytki,,Porcelanosa,"Porcelanosa Block Cancun Caliza 59,6X150",,,,"291,76","237,20","237,20",https://stemar.pl/pl/p/Porcelanosa-Block-Cancun-Caliza-59%2C6X150/22066,,,
Lux,Płytki,Płytki,,Porcelanosa,"Porcelanosa Block Cancun Sand 59,6x150",,,,"290,64","236,29","236,29",https://stemar.pl/pl/p/Porcelanosa-Block-Cancun-Sand-59%2C6x150/19852,,,
Lux,Płytki,Płytki,,Porcelanosa,"Porcelanosa Block Cancun Stone 59,6x15",,,,"284,44","231,25","231,25",https://stemar.pl/pl/p/Porcelanosa-Block-Cancun-Stone-59%2C6x150/22047,,,
Lux,Płytki,Płytki,,Porcelanosa,Porcelanosa Brooklyn Fontana Matt 45x120 [mat],,,,"267,81","217,73","217,73",https://stemar.pl/pl/p/Porcelanosa-Brooklyn-Fontana-Matt-45x120-mat-/11528,,,
Lux,Płytki,Płytki,,Porcelanosa,Porcelanosa Brooklyn Marquina 45x120 [mat],,,,"267,81","217,73","217,73",https://stemar.pl/pl/p/Porcelanosa-Brooklyn-Marquina-45x120-mat-/11531,,,
Lux,Płytki,Płytki,,Porcelanosa,Porcelanosa Brooklyn Matt 45x120 [mat],,,,"267,81","217,73","217,73",https://stemar.pl/pl/p/Porcelanosa-Brooklyn-Matt-45x120-mat/12900,,,
Lux,Płytki,Płytki,,Porcelanosa,"Porcelanosa Bruselas Acero Antislip 19,3x180",,,,"289,15","235,08","235,08",https://stemar.pl/pl/p/Porcelanosa-Bruselas-Acero-Antislip-19%2C3x180-/16796,,,
Lux,Płytki,Płytki,,Porcelanosa,"Porcelanosa Bruselas Fresno Antislip 19,3x180",,,,"289,15","235,08","235,08",https://stemar.pl/pl/p/Porcelanosa-Bruselas-Fresno-Antislip-19%2C3x180-/16799,,,
Lux,Płytki,Płytki,,Porcelanosa,"Porcelanosa Bruselas Walnut Antislip 19,3x180",,,,"286,68","233,07","233,07",https://stemar.pl/pl/p/Porcelanosa-Bruselas-Walnut-Antislip-19%2C3x180-/16793,,,
Lux,Płytki,Płytki,,Porcelanosa,"Porcelanosa Bruselas Roble Antislip 19,3x180",,,,"289,15","235,08","235,08",https://stemar.pl/pl/p/Porcelanosa-Bruselas-Roble-Antislip-19%2C3x180/16802,,,
Lux,Płytki,Płytki,,Porcelanosa,Porcelanosa Cambridge Arce 120x120(A),,,,"301,41","245,05","245,05",https://stemar.pl/pl/p/Porcelanosa-Cambridge-Arce-120x120A/22125,,,
Lux,Płytki,Płytki,,Porcelanosa,"Porcelanosa Gent Arrow 3D Arce 59,6x150 [mat]",,,,"297,83","242,14","242,14",https://stemar.pl/pl/p/Porcelanosa-Gent-Arrow-3D-Arce-59%2C6x150-mat/12947,,,
Lux,Płytki,Płytki,,Porcelanosa,"Porcelanosa Gent Arrow 3D Roble 59,6x150 [mat]",,,,"297,83","242,14","242,14",https://stemar.pl/pl/p/Porcelanosa-Gent-Arrow-3D-Roble-59%2C6x150-mat/12497,,,
Lux,Płytki,Płytki,,Porcelanosa,"Porcelanosa Gent Diamond 3D Arce 59,6x150 [mat]",,,,"297,83","242,14","242,14",https://stemar.pl/pl/p/Porcelanosa-Gent-Diamond-3D-Arce-59%2C6x150-mat/12948,,,
Lux,Płytki,Płytki,,Porcelanosa,"Porcelanosa Gent Diamond 3D Silver 59,6x150 [mat]",,,,"297,83","242,14","242,14",https://stemar.pl/pl/p/Porcelanosa-Gent-Diamond-3D-Silver-59%2C6x150-mat-/12502,,,
Lux,Płytki,Płytki,,Porcelanosa,"Porcelanosa Gent Stone 3D Arce 59,6x150 [mat]",,,,"297,83","242,14","242,14",https://stemar.pl/pl/p/Porcelanosa-Gent-Stone-3D-Arce-59%2C6x150-mat-/12500,,,
Lux,Płytki,Płytki,,Porcelanosa,"Porcelanosa Gent Stone 3d Roble 59,6x150 [mat]",,,,"297,83","242,14","242,14",https://stemar.pl/pl/p/Porcelanosa-Gent-Stone-3d-Roble-59%2C6x150-mat-/12501,,,
Lux,Płytki,Płytki,płytka ścienna,Porcelanosa,"Porcelanosa Oxo Deco Blanco 33,3x100",,,,"235,16","191,19","191,19",https://stemar.pl/pl/p/Porcelanosa-Oxo-Deco-Blanco-33%2C3x100/1844,,,
Lux,Płytki,Płytki,płytka ścienna,Porcelanosa,Porcelanosa Oxo Deco XL 45x120,,,,"267,81","217,73","217,73",https://stemar.pl/pl/p/Porcelanosa-Oxo-Deco-XL-45x120/1764,,,
Lux,Płytki,Płytki,płytka ścienna,Porcelanosa,"Porcelanosa Oxo Line Blanco 33,3x100",,,,"235,16","191,19","191,19",https://stemar.pl/pl/p/Porcelanosa-Oxo-Line-Blanco-33%2C3x100/1845,,,
Lux,Płytki,Płytki,płytka ścienna,Tubądzin,"Lume Black Lux 6x24, M6RP - płytka gresowa",,,,"193,00","156,91","156,91",https://www.apelazienki.pl/lume-black-lux-6x24-m6rp-plytka-gresowa,,,
Lux,Płytki,Płytki,płytka ścienna,Tubądzin,"Lume Blue Lux 6x24, M6RR - płytka gresowa",,,,"193,00","156,91","156,91",https://www.apelazienki.pl/lume-blue-lux-6x24-m6rr-plytka-gresowa,,,
Lux,Płytki,Płytki,płytka ścienna,Tubądzin,"Lume Green Lux 6x24, M6RQ - płytka gresowa",,,,"193,00","156,91","156,91",https://www.apelazienki.pl/lume-green-lux-6x24-m6rq-plytka-gresowa,,,
Lux,Płytki,Płytki,płytka ścienna,Tubądzin,"Lume Greige Lux 6x24, M6RT- płytka gresowa",,,,"193,00","156,91","156,91",https://www.apelazienki.pl/lume-greige-lux-6x24-m6rt-plytka-gresowa,,,
Lux,Płytki,Płytki,płytka ścienna,Tubądzin,"Lume Musk Lux 6x24, M6RS - płytka gresowa",,,,"193,00","156,91","156,91",https://www.apelazienki.pl/lume-musk-lux-6x24-m6rs-plytka-gresowa,,,
Lux,Płytki,Płytki,płytka ścienna,Tubądzin,"Lume White Lux 6x24, M6RN - płytka gresowa",,,,"193,00","156,91","156,91",https://www.apelazienki.pl/lume-white-lux-6x24-m6rn-plytka-gresowa,,,
Lux,Płytki,Płytki,płytka ścienna,Tubądzin,"Lume China Lux 6x24, MA9L - płytka gresowa",,,,"239,90","195,04","195,04",https://www.apelazienki.pl/lume-china-lux-6x24-ma9l-plytka-gresowa,,,
Lux,Płytki,Płytki,płytka ścienna,Tubądzin,"Lume Forest Lux 6x24, MA9M - płytka gresowa",,,,"239,90","195,04","195,04",https://www.apelazienki.pl/lume-forest-lux-6x24-ma9m-plytka-gresowa,,,
Lux,Płytki,Płytki,płytka ścienna,Tubądzin,"Lume Turquoise Lux 6x24, MA9N - płytka gresowa",,,,"209,00","169,92","169,92",https://www.apelazienki.pl/lume-turquoise-lux-6x24-ma9n-plytka-gresowa,,,
Lux,Płytki,Płytki,płytka ścienna,Tubądzin,"Lume Ocean Lux 6x24, MP8X - płytka gresowa",,,,"209,00","169,92","169,92",https://www.apelazienki.pl/lume-ocean-lux-6x24-mp8x-plytka-gresowa,,,
Lux,Płytki,Płytki,płytka ścienna,Tubądzin,"Lume Emerald Struttura 3D Swing Lux 6x24, MP9A - płytka gresowa",,,,"266,00","216,26","216,26",https://www.apelazienki.pl/lume-emerald-struttura-3d-swing-lux-6x24-mp9a-plytka-gresowa,,,
Lux,Płytki,Płytki,płytka ścienna,Tubądzin,"Lume Bone Struttura 3D Swing Lux 6x24, MP91 - płytka gresowa",,,,"266,00","216,26","216,26",https://www.apelazienki.pl/lume-bone-struttura-3d-swing-lux-6x24-mp91-plytka-gresowa,,,
Lux,Płytki,Płytki,płytka ścienna,Tubądzin,"Lume Caramel Struttura 3D Swing Lux 6x24, MP95 - płytka gresowa",,,,"266,00","216,26","216,26",https://www.apelazienki.pl/lume-caramel-struttura-3d-swing-lux-6x24-mp95-plytka-gresowa,,,
Lux,Płytki,Płytki,płytka ścienna,Tubądzin,"Lume Ocean Struttura 3D Swing Lux 6x24, MP94 - płytka gresowa",,,,"266,00","216,26","216,26",https://www.apelazienki.pl/lume-ocean-struttura-3d-swing-lux-6x24-mp94-plytka-gresowa,,,
Lux,Płytki,Płytki,płytka ścienna,Tubądzin,"Lume Turquoise Struttura 3D Swing Lux 6x24, MP98 - płytka gresowa",,,,"266,00","216,26","216,26",https://www.apelazienki.pl/lume-turquoise-struttura-3d-swing-lux-6x24-mp98-plytka-gresowa,,,
Lux,Płytki,Płytki,płytka ścienna,Tubądzin,Lume White esagona Lux 21x18.2 MFFE - płytka gresowa,,,,"231,00","187,80","187,80",https://www.apelazienki.pl/lume-white-esagona-lux-21x18-2-mffe-plytka-gresowa,,,
Lux,Płytki,Płytki,płytka ścienna,Tubądzin,Lume Blue esagona Lux 21x18.2 MFFF - płytka gresowa,,,,"231,00","187,80","187,80",https://www.apelazienki.pl/lume-blue-esagona-lux-21x18-2-mfff-plytka-gresowa,,,
Lux,Płytki,Płytki,płytka ścienna,Tubądzin,Lume Green esagona Lux 21x18.2 MFFG - płytka gresowa,,,,"231,00","187,80","187,80",https://www.apelazienki.pl/lume-green-esagona-lux-21x18-2-mffg-plytka-gresowa,,,
Lux,Płytki,Płytki,płytka ścienna,Tubądzin,Marazzi Bliss 3D Square Ocean 30x90 MP5U niebieska płytka ścienna z trójwymiarowym wzorem kwadratowych paneli strukturalna,,,,"189,00","153,66","153,66",https://sklep.terradeco.com.pl/marazzi-bliss-3d-square-ocean-30x90-mp5u-niebieska-plytka-scienna-z-trojwymiarowym-wzorem-kwadratowych-paneli-strukturalna?srsltid=AfmBOor_4YYvva2SnIERNLGzvSQU16aFN4GMFvMqgBIXijYmZ-1CMC1Y,,,
Lux,Płytki,Płytki,płytka ścienna,Tubądzin,Marazzi Bliss 3D Square Ice 30x90 MP5V biała płytka ścienna z trójwymiarowym wzorem kwadratowych paneli strukturalna,,,,"189,00","153,66","153,66",https://sklep.terradeco.com.pl/marazzi-bliss-3d-square-ice-30x90-mp5v-biala-plytka-scienna-z-trojwymiarowym-wzorem-kwadratowych-paneli-strukturalna,,,
Lux,Płytki,Płytki,płytka ścienna,Tubądzin,Marazzi Bliss 3D Square Cream 30x90 MP5X kremowa płytka ścienna z trójwymiarowym wzorem kwadratowych paneli strukturalna,,,,"189,00","153,66","153,66",https://sklep.terradeco.com.pl/marazzi-bliss-3d-square-cream-30x90-mp5x-kremowa-plytka-scienna-z-trojwymiarowym-wzorem-kwadratowych-paneli-strukturalna,,,
Lux,Płytki,Płytki,płytka ścienna,Tubądzin,Marazzi Bliss 3D Square Brick 30x90 MP5W brązowa płytka ścienna z trójwymiarowym wzorem kwadratowych paneli strukturalna,,,,"189,00","153,66","153,66",https://sklep.terradeco.com.pl/marazzi-bliss-3d-square-brick-30x90-mp5w-brazowa-plytka-scienna-z-trojwymiarowym-wzorem-kwadratowych-paneli-strukturalna,,,
Lux,Płytki,Płytki,płytka ścienna,Tubądzin,Marazzi Bliss 3D Square Forest 30x90 MP5Y zielona płytka ścienna z trójwymiarowym wzorem kwadratowych paneli strukturalna,,,,"189,00","153,66","153,66",https://sklep.terradeco.com.pl/marazzi-bliss-3d-square-forest-30x90-mp5y-zielona-plytka-scienna-z-trojwymiarowym-wzorem-kwadratowych-paneli-strukturalna,,,
Lux,Płytki,Płytki,płytka ścienna,Tubądzin,Marazzi Bliss Decoro Leafy Freddo 30x90 MP7X niebieska płytka ścienna dekoracyjna w połyskującym wykończeniu,,,,"255,00","207,32","207,32",https://sklep.terradeco.com.pl/marazzi-bliss-decoro-leafy-freddo-30x90-mp7x-niebieska-plytka-scienna-dekoracyjna-w-polyskujacym-wykonczeniu,,,
Lux,Płytki,Płytki,płytka ścienna,Tubądzin,Marazzi Bliss Decoro Leafy Caldo 30x90 MP7W beżowa płytka ścienna dekoracyjna w połyskującym wykończeniu,,,,"255,00","207,32","207,32",https://sklep.terradeco.com.pl/marazzi-bliss-decoro-leafy-caldo-30x90-mp7w-bezowa-plytka-scienna-dekoracyjna-w-polyskujacym-wykonczeniu,,,
Lux,Płytki,Płytki,płytka podłogowa,Tubądzin,"Tubądzin Cielo e Terra Beige Mat płytka podłogowa 119,8x119,8 cm",,,,"230,26","187,20","187,20","https://www.lazienkaplus.pl/pl/tubadzin-cielo-e-terra-plytka-podlogowa-1198x1198-cm-bez-mat-pp-01-195-1198-1198-1-019,545149,206,i",,,
Lux,Płytki,Płytki,płytka podłogowa,Tubądzin,"Tubądzin Cielo e Terra Blu Mat płytka podłogowa 119,8x119,8 cm",,,,"230,26","187,20","187,20","https://www.lazienkaplus.pl/pl/tubadzin-cielo-e-terra-plytka-podlogowa-1198x1198-cm-niebieski-mat-pp-01-195-1198-1198-1-064,545205,206,i",,,
Lux,Płytki,Płytki,płytka podłogowa,Tubądzin,"Tubądzin Cielo e Terra Grafite Mat płytka podłogowa 119,8x119,8 cm",,,,"230,26","187,20","187,20","https://www.lazienkaplus.pl/pl/tubadzin-cielo-e-terra-plytka-podlogowa-1198x1198-cm-grafit-mat-pp-01-195-1198-1198-1-001,545138,206,i",,,
Lux,Płytki,Płytki,płytka podłogowa,Tubądzin,"Tubądzin Cielo e Terra Marrone Mat płytka podłogowa 119,8x119,8 cm",,,,"230,26","187,20","187,20","https://www.lazienkaplus.pl/pl/tubadzin-cielo-e-terra-plytka-podlogowa-1198x1198-cm-brazowy-mat-pp-01-195-1198-1198-1-010,545146,206,i",,,
Lux,Płytki,Płytki,płytka podłogowa,Tubądzin,"Tubądzin Cielo e Terra Polvere Mat płytka podłogowa 119,8x119,8 cm",,,,"230,26","187,20","187,20","https://www.lazienkaplus.pl/pl/tubadzin-cielo-e-terra-plytka-podlogowa-1198x1198-cm-polvere-mat-pp-01-195-1198-1198-1-046,544499,206,i",,,
Lux,Płytki,Płytki,płytka podłogowa,Tubądzin,"Tubądzin Cielo e Terra płytka ścienno-podłogowa 119,8x119,8 cm biała",,,,"230,26","187,20","187,20","https://www.lazienkaplus.pl/pl/tubadzin-cielo-e-terra-plytka-scienno-podlogowa-1198x1198-cm-biala,694833,206,i",,,
Lux,Płytki,Płytki,płytka podłogowa,Tubądzin,"Tubądzin Cielo e Terra płytka ścienno-podłogowa 119,8x119,8 cm czarna",,,,"230,26","187,20","187,20","https://www.lazienkaplus.pl/pl/tubadzin-cielo-e-terra-plytka-scienno-podlogowa-1198x1198-cm-czarna,675527,206,i",,,
Lux,Płytki,Płytki,płytka podłogowa,Tubądzin,"Tubądzin Cielo e Terra Sabbia Mat płytka podłogowa 119,8x119,8 cm",,,,"230,26","187,20","187,20","https://www.lazienkaplus.pl/pl/tubadzin-cielo-e-terra-plytka-podlogowa-1198x1198-cm-bezowy-mat-pp-01-195-1198-1198-1-028,545154,206,i",,,
Lux,Płytki,Płytki,płytka podłogowa,Tubądzin,"Tubądzin Cielo e Terra Verde Mat płytka podłogowa 119,8x119,8 cm",,,,"230,26","187,20","187,20","https://www.lazienkaplus.pl/pl/tubadzin-cielo-e-terra-verde-mat-plytka-podlogowa-1198x1198-cm,661186,206,i",,,
Lux,Płytki,Płytki,płytka ścienna,Tubądzin,"Tubądzin Masovia Griggio A Gloss płytka ścienna 29,8x7,8 cm szara",,,,"93,52","76,03","76,03","https://www.lazienkaplus.pl/pl/tubadzin-masovia-griggio-a-gloss-plytka-scienna-298x78-cm-szara,675595,206,i",,,
Lux,Płytki,Płytki,płytka ścienna,Tubądzin,"Tubądzin Masovia Polvere A Gloss płytka ścienna 29,8x7,8 cm",,,,"93,52","76,03","76,03","https://www.lazienkaplus.pl/pl/tubadzin-masovia-polvere-a-gloss-plytka-scienna-298x78-cm,675580,206,i",,,
Lux,Płytki,Płytki,płytka ścienna,Tubądzin,"Tubądzin Masovia Polvere B Gloss płytka ścienna 29,8x7,8 cm",,,,"93,52","76,03","76,03","https://www.lazienkaplus.pl/pl/tubadzin-masovia-polvere-b-gloss-plytka-scienna-298x78-cm,675594,206,i",,,
Lux,Płytki,Płytki,płytka ścienna,Tubądzin,"Tubądzin Masovia płytka ścienna 29,8x7,8 cm biała",,,,"93,52","76,03","76,03","https://www.lazienkaplus.pl/pl/tubadzin-masovia-plytka-scienna-298x78-cm-biala,675602,206,i",,,
Lux,Płytki,Płytki,płytka ścienna,Tubądzin,"Tubądzin Masovia płytka ścienna 29,8x7,8 cm czarna",,,,"93,52","76,03","76,03","https://www.lazienkaplus.pl/pl/tubadzin-masovia-plytka-scienna-298x78-cm-czarna,675578,206,i",,,
Lux,Płytki,Płytki,płytka ścienna,Tubądzin,"Tubądzin Masovia Rubino A płytka ścienna 29,8x7,8 cm czerwona",,,,"93,52","76,03","76,03","https://www.lazienkaplus.pl/pl/tubadzin-masovia-rubino-a-plytka-scienna-298x78-cm-czerwona,675544,206,i",,,
Lux,Płytki,Płytki,płytka ścienna,Tubądzin,"Tubądzin Masovia Rubino B płytka ścienna 29,8x7,8 cm czerwona",,,,"93,52","76,03","76,03","https://www.lazienkaplus.pl/pl/tubadzin-masovia-rubino-b-plytka-scienna-298x78-cm-czerwona,675546,206,i",,,
Lux,Płytki,Płytki,płytka ścienna,Tubądzin,"Tubądzin Masovia Senape A płytka ścienna 29,8x7,8 cm żółta",,,,"93,52","76,03","76,03","https://www.lazienkaplus.pl/pl/tubadzin-masovia-senape-a-plytka-scienna-298x78-cm-zolta,675541,206,i",,,
Lux,Płytki,Płytki,płytka ścienna,Tubądzin,"Tubądzin Masovia Verde A płytka ścienna 29,8x7,8 cm zielona",,,,"93,52","76,03","76,03","https://www.lazienkaplus.pl/pl/tubadzin-masovia-verde-plytka-scienna-298x78-cm-zielona,675539,206,i",,,
Lux,Płytki,Płytki,płytka ścienna,Tubądzin,"Tubądzin Masovia Verde C płytka ścienna 29,8x7,8 cm zielona",,,,"93,52","76,03","76,03","https://www.lazienkaplus.pl/pl/tubadzin-masovia-verde-c-plytka-scienna-298x78-cm-zielona,675604,206,i",,,
Lux,Płytki,Płytki,płytka ścienna,Tubądzin,"Tubądzin Masovia B płytka ścienna 29,8x7,8 cm niebieska",,,,"93,52","76,03","76,03","https://www.lazienkaplus.pl/pl/tubadzin-masovia-b-plytka-scienna-298x78-cm-niebieska,675563,206,i",,,
Lux,Płytki,Płytki,płytka ścienna,Tubądzin,"Tubądzin Masovia A płytka ścienna 29,8x7,8 cm niebieska",,,,"93,52","76,03","76,03","https://www.lazienkaplus.pl/pl/tubadzin-masovia-a-plytka-scienna-298x78-cm-niebieska,675562,206,i",,,
Lux,Płytki,Płytki,,Tubądzin,"Tubądzin Masovia Cobalto płytka ścienna 29,8x7,8 cm niebieska",,,,"90,91","73,91","73,91","https://www.lazienkaplus.pl/pl/tubadzin-plytka-scienna-298x78-cm-niebieska,672445,206,i",,,
,,,,Tubądzin,"Tubądzin Masovia Senape B płytka ścienna 29,8x7,8 cm żółta",,,,"90,91","73,91","73,91","https://www.lazienkaplus.pl/pl/tubadzin-masovia-senape-b-plytka-scienna-298x78-cm-zolta,675542,206,i",,,
,,,,Tubądzin,"Tubądzin Masovia Polvere C Gloss płytka ścienna 29,8x7,8 cm",,,,"90,91","73,91","73,91","https://www.lazienkaplus.pl/pl/tubadzin-masovia-polvere-c-gloss-plytka-scienna-298x78-cm,675606,206,i",,,
Lux,,,,,,,,,,,,,,,