LP,ZAKRES,ПЕРЕЧЕНЬ РАБОТ,ILOŚĆ,JM,CENA,WARTOŚĆ,KOMENTARZ,,ZMIANA +/-,CENA DOP,JM,WARTOŚĆ,KOMENTARZ,,FINAŁ,JM,WARTOŚĆ,,Progres,%,Wart Progres,,przedp,hol,kuch,salon,biuro,master,pok1,pok2,pok3,laz1,laz2,laz3,sch1,,PAKIET START,PAKIET COMFORT,PAKIET PRESTIGE,JM,WARTOŚĆ START,WARTOŚĆ COMFORT,WARTOŚĆ PRESTIGE,,MATERIAŁ 1,NA JM,ILOŚĆ,MATERIAŁ 2,NA JM,ILOŚĆ,MATERIAŁ 3,NA JM,ILOŚĆ,MATERIAŁ 4,NA JM,ILOŚĆ,MATERIAŁ 5,NA JM,ILOŚĆ,,Zakres,Cena J,J,Umowa il,Ilość,Wykonane il,KOM,,Marż J,Koszt Umowa,Profit Umowa,Marż W Umowa,Kwota,Profit Plan,Marż W Plan,Koszt Fakt,Profit Fakt,Marż W Fakt,,Pracownik,2024-09-05,Pracownik,2024-09-12,Pracownik,2024-09-19,Pracownik,2024-09-26,Pracownik,2024-10-03,Pracownik,2024-10-10,Pracownik,2024-10-17,Pracownik,2024-10-24,Pracownik,2024-10-31,Pracownik,2024-11-07,Pracownik,2024-11-14,Pracownik,2024-11-21,Pracownik,2024-11-28,Pracownik,2024-12-05,Pracownik,2024-12-12,Pracownik,2024-12-19
1,Inwestycja: ,,,,,"0,00 zł",SUMA OFERTY NETTO,,RMS,FALSE,,"0,00 zł",SUMA FINAL,,,KWOTA FINAL,"0,00 zł",,,0%,"6 773,80 zł",,,,,,,,,,,,,,,,#N/A,#N/A,#N/A,,#N/A,#N/A,#N/A,,,,,,,,,,,,,,,,,,,,,,,,,,,"0,00 zł","0,00 zł",0%,"0,00 zł","0,00 zł",0%,"2 460,00 zł","-2 460,00 zł",0%,,1,2024-09-11,2,2024-09-18,3,2024-09-25,4,2024-10-02,5,2024-10-09,6,2024-10-16,7,2024-10-23,8,2024-10-30,9,2024-11-06,10,2024-11-13,11,2024-11-20,12,2024-11-27,13,2024-12-04,14,2024-12-11,15,2024-12-18,16,2024-12-25
1,"PRACE WSTĘPNE, DEMONTAŻE","ПОДГОТОВИТЕЛЬНЫЕ РАБОТЫ, ДЕМОНТАЖИ",,,,"0,00 zł",,,,,,"0,00zł","0,00 zł",,,,"0,00zł",,,0%,"6 773,80zł",,0 zł,0 zł,0 zł,0 zł,0 zł,0 zł,0 zł,0 zł,0 zł,0 zł,0 zł,0 zł,0 zł,,,,,,"0,00zł","0,00zł","0,00zł",,,,,,,,,,,,,,,,,,"ПОДГОТОВИТЕЛЬНЫЕ РАБОТЫ, ДЕМОНТАЖИ",,,,,,,,,"0,00zł","0,00zł",0%,"0,00zł","0,00zł",0%,"2 460,00zł","-2 460,00zł",-246000%,,,"6 773,80 zł",,"0,00 zł",,"0,00 zł",,"0,00 zł",,"0,00 zł",,"0,00 zł",,"0,00 zł",,"0,00 zł",,"0,00 zł",,"0,00 zł",,"0,00 zł",,"0,00 zł",,"0,00 zł",,"0,00 zł",,"0,00 zł",,"0,00 zł"
"1,01","Zabezpieczenie na czas prac okien, drzwi, drogi transportu","Защита во время работы (окна, двери, транспортные пути)","0,0",m2,"9,90 zł","0,00 zł",,,,"9,90 zł",m2,"0,00 zł",,,"0,0",m2,"0,00 zł",,"0,0",0%,"0,0",,,,,,,,,,,,,,,,"0,00","0,00","0,00",m2,"0,00 zł","0,00 zł","0,00 zł",,"Folia ochronna samoprzylepna 60cmx50m, szt","0,10","0,00","Tektura malarska 1x15m, szt","0,10","0,00",Taśma malarska,"0,10","0,00","Taśma tynkarska 48mmx50m, szt","0,20","0,00","Narożniki papierowe 1m, szt","0,20","0,00",,"Защита во время работы (окна, двери, транспортные пути)","3,50 zł",m2,"0,0","0,0","0,0",,,65%,"0,00 zł",0 zł,0%,"0,00 zł",0 zł,0%,"0,00 zł",0 zł,0%,,,,,,,,,,,,,,,,,,,,,,,,,,,,,,,,,
"1,02",Rozbiórki ściany murowanej,Снос кирпичной стены,"0,0",m2,"163,90 zł","0,00 zł",z wynoszeniem,,,"163,90 zł",m2,"0,00 zł",,,"0,0",m2,"0,00 zł",,"0,0",0%,"0,0",,,,,,,,,,,,,,,,,,,m2,"0,00 zł","0,00 zł","0,00 zł",,,,"0,00",,,"0,00",,,"0,00",,,"0,00",,,"0,00",,Снос кирпичной стены,"65,00 zł",m2,"0,0","0,0","0,0",,,60%,"0,00 zł",0 zł,0%,"0,00 zł",0 zł,0%,"0,00 zł",0 zł,0%,,,,,,,,,,,,,,,,,,,,,,,,,,,,,,,,,
"1,03",Naprawa posadzek i stropu po pracach wyburzeniowych,Заделка пола и потолка после демонтажных работ,"0,0",mb,"86,90 zł","0,00 zł",,,,"86,90 zł",mb,"0,00 zł",,,"0,0",mb,"0,00 zł",,"2,0",200%,"173,8",,,,,,,,,,,,,,,,,,,mb,"0,00 zł","0,00 zł","0,00 zł",,,,"0,00",,,"0,00",,,"0,00",,,"0,00",,,"0,00",,Заделка пола и потолка после демонтажных работ,"30,00 zł",mb,"0,0","0,0","2,0",,,65%,"0,00 zł",0 zł,0%,"0,00 zł",0 zł,0%,"60,00 zł",-60 zł,#DIV/0!,,,"2,0",,,,,,,,,,,,,,,,,,,,,,,,,,,,,,
"1,04",Wentylacja - relokacja otworów,Вентиляция - перенос отверстий,"0,0",kpl,"275,00 zł","0,00 zł",,,,"275,00 zł",kpl,"0,00 zł",,,"0,0",kpl,"0,00 zł",,"12,0",1200%,"3300,0",,,,,,,,,,,,,,,,,,,kpl,"0,00 zł","0,00 zł","0,00 zł",,,,"0,00",,,"0,00",,,"0,00",,,"0,00",,,"0,00",,Вентиляция - перенос отверстий,"100,00 zł",kpl,"0,0","0,0","12,0",,,64%,"0,00 zł",0 zł,0%,"0,00 zł",0 zł,0%,"1 200,00 zł",-1 200 zł,#DIV/0!,,,"12,0",,,,,,,,,,,,,,,,,,,,,,,,,,,,,,
"1,05",Wentylacja - poszerzenie otworu,Вентиляция - расширение отверстия,"0,0",kpl,"220,00 zł","0,00 zł",,,,"220,00 zł",kpl,"0,00 zł",,,"0,0",kpl,"0,00 zł",,"15,0",1500%,"3300,0",,,,,,,,,,,,,,,,,,,kpl,"0,00 zł","0,00 zł","0,00 zł",,,,"0,00",,,"0,00",,,"0,00",,,"0,00",,,"0,00",,Вентиляция - расширение отверстия,"80,00 zł",kpl,"0,0","0,0","15,0",,,64%,"0,00 zł",0 zł,0%,"0,00 zł",0 zł,0%,"1 200,00 zł",-1 200 zł,#DIV/0!,,,"15,0",,,,,,,,,,,,,,,,,,,,,,,,,,,,,,
"1,06",Wentylacja - dostosowanie (wydłużenie kanału),Вентиляция - регулировка (удлинение воздуховода),"0,0",kpl,"385,00 zł","0,00 zł",do 4 mb,,,"385,00 zł",kpl,"0,00 zł",,,"0,0",kpl,"0,00 zł",,"0,0",0%,"0,0",,,,,,,,,,,,,,,,,,,kpl,"0,00 zł","0,00 zł","0,00 zł",,,,"0,00",,,"0,00",,,"0,00",,,"0,00",,,"0,00",,Вентиляция - регулировка (удлинение воздуховода),"150,00 zł",kpl,"0,0","0,0","0,0",,,61%,"0,00 zł",0 zł,0%,"0,00 zł",0 zł,0%,"0,00 zł",0 zł,0%,,,,,,,,,,,,,,,,,,,,,,,,,,,,,,,,,
"1,07",Naprawa ścian i stropów po bruzdowania po firmie zewnętrznej,"Заделка стен и потолков после штробы, выполненной сторонней компанией","0,0",mb,"66,00 zł","0,00 zł",Dotyczy instalacji klimatyzacji,,,"66,00 zł",mb,"0,00 zł",,,"0,0",mb,"0,00 zł",,"0,0",0%,"0,0",,,,,,,,,,,,,,,,,,,mb,"0,00 zł","0,00 zł","0,00 zł",,,,"0,00",,,"0,00",,,"0,00",,,"0,00",,,"0,00",,"Заделка стен и потолков после штробы, выполненной сторонней компанией","25,00 zł",mb,"0,0","0,0","0,0",,,62%,"0,00 zł",0 zł,0%,"0,00 zł",0 zł,0%,"0,00 zł",0 zł,0%,,,,,,,,,,,,,,,,,,,,,,,,,,,,,,,,,
"1,08",Wyburzenie posadzki cementowej z wynoszeniem,Разбитие и вынос стяжки,"0,0",m2,"55,00 zł","0,00 zł",,,,"55,00 zł",m2,"0,00 zł",,,"0,0",m2,"0,00 zł",,"0,0",0%,"0,0",,,,,,,,,,,,,,,,,,,m2,"0,00 zł","0,00 zł","0,00 zł",,,,"0,00",,,"0,00",,,"0,00",,,"0,00",,,"0,00",,Разбитие и вынос стяжки,"20,00 zł",m2,"0,0","0,0","0,0",,,64%,"0,00 zł",0 zł,0%,"0,00 zł",0 zł,0%,"0,00 zł",0 zł,0%,,,,,,,,,,,,,,,,,,,,,,,,,,,,,,,,,
"1,09",Demontaże / wyburzenie płytek,Демонтаж плитки,"0,0",m2,"66,00 zł","0,00 zł",,,,"66,00 zł",m2,"0,00 zł",,,"0,0",m2,"0,00 zł",,"0,0",0%,"0,0",,,,,,,,,,,,,,,,,,,m2,"0,00 zł","0,00 zł","0,00 zł",,,,"0,00",,,"0,00",,,"0,00",,,"0,00",,,"0,00",,Демонтаж плитки,"24,00 zł",m2,"0,0","0,0","0,0",,,64%,"0,00 zł",0 zł,0%,"0,00 zł",0 zł,0%,"0,00 zł",0 zł,0%,,,,,,,,,,,,,,,,,,,,,,,,,,,,,,,,,
"1,10",Demontaże / wyburzenie paneli podłogowych ułożonych na pływająco,Демонтаж пола,"0,0",m2,"16,50 zł","0,00 zł",,,,"16,50 zł",m2,"0,00 zł",,,"0,0",m2,"0,00 zł",,"0,0",0%,"0,0",,,,,,,,,,,,,,,,,,,m2,"0,00 zł","0,00 zł","0,00 zł",,,,"0,00",,,"0,00",,,"0,00",,,"0,00",,,"0,00",,Демонтаж пола,"6,00 zł",m2,"0,0","0,0","0,0",,,64%,"0,00 zł",0 zł,0%,"0,00 zł",0 zł,0%,"0,00 zł",0 zł,0%,,,,,,,,,,,,,,,,,,,,,,,,,,,,,,,,,
"1,11","Demontaże / wyburzenie paneli, deski ułożonych na klej",Демонтаж пола на клею,"0,0",m2,"33,00 zł","0,00 zł",,,,"33,00 zł",m2,"0,00 zł",,,"0,0",m2,"0,00 zł",,"0,0",0%,"0,0",,,,,,,,,,,,,,,,,,,m2,"0,00 zł","0,00 zł","0,00 zł",,,,"0,00",,,"0,00",,,"0,00",,,"0,00",,,"0,00",,Демонтаж пола на клею,"12,00 zł",m2,"0,0","0,0","0,0",,,64%,"0,00 zł",0 zł,0%,"0,00 zł",0 zł,0%,"0,00 zł",0 zł,0%,,,,,,,,,,,,,,,,,,,,,,,,,,,,,,,,,
"1,12",Demontaże / wyburzenie listw przypodłogowych,Демонтаж плинтусов,"0,0",m2,"5,50 zł","0,00 zł",,,,"5,50 zł",m2,"0,00 zł",,,"0,0",m2,"0,00 zł",,"0,0",0%,"0,0",,,,,,,,,,,,,,,,,,,m2,"0,00 zł","0,00 zł","0,00 zł",,,,"0,00",,,"0,00",,,"0,00",,,"0,00",,,"0,00",,Демонтаж плинтусов,"2,50 zł",m2,"0,0","0,0","0,0",,,55%,"0,00 zł",0 zł,0%,"0,00 zł",0 zł,0%,"0,00 zł",0 zł,0%,,,,,,,,,,,,,,,,,,,,,,,,,,,,,,,,,
,,,,,,,,,,,,,,,,,,,,,,,,,,,,,,,,,,,,,,,,,,,,,,,,,,,,,,,,,,,,,,,,,,,,,,,,,,,,,,,,,,,,,,,,,,,,,,,,,,,,,,,,,,,,,,,
2,KONSTRUKCJE I GK,КОНСТРУКЦИИ,,,,"0,00 zł",,,,,,"0,00 zł","0,00 zł",,,,"0,00 zł",,,0%,"0,00zł",,0 zł,0 zł,0 zł,0 zł,0 zł,0 zł,0 zł,0 zł,0 zł,0 zł,0 zł,0 zł,0 zł,,,,,,"0,00zł","0,00zł","0,00zł",,,,,,,,,,,,,,,,,,КОНСТРУКЦИИ,,,,,,,,,"0,00 zł","0,00 zł",0%,"0,00 zł","0,00 zł",0%,"0,00 zł","0,00 zł",0%,,,,,,,,,,,,,,,,,,,,,,,,,,,,,,,,,
"2,01",Obniżenie wysokości otworów drzwiowych - dostosowanie do stolarki,Уменьшение высоты дверных проемов - подгонка под стандартные размеры,"0,0",kpl,"198,00 zł","0,00 zł",,,,"198,00 zł",kpl,"0,00 zł",,,"0,0",kpl,"0,00 zł",,"0,0",0%,"0,0",,,,,,,,,,,,,,,,,,,kpl,"0,00 zł","0,00 zł","0,00 zł",,,,"0,00",,,"0,00",,,"0,00",,,"0,00",,,"0,00",,Уменьшение высоты дверных проемов - подгонка под стандартные размеры,"70,00 zł",kpl,"0,0","0,0","0,0",,,65%,"0,00 zł",0 zł,0%,"0,00 zł",0 zł,0%,"0,00 zł",0 zł,0%,,,,,,,,,,,,,,,,,,,,,,,,,,,,,,,,,
"2,02",Zmniejszenie otworu (GK + wyrównanie) <3cm,"Уменьшение дверного проёма, до 3 см (зашивка ГК)","0,0",kpl,"176,00 zł","0,00 zł",,,,"176,00 zł",kpl,"0,00 zł",,,"0,0",kpl,"0,00 zł",,"0,0",0%,"0,0",,,,,,,,,,,,,,,,,,,kpl,"0,00 zł","0,00 zł","0,00 zł",,,,"0,00",,,"0,00",,,"0,00",,,"0,00",,,"0,00",,"Уменьшение дверного проёма, до 3 см (зашивка ГК)","65,00 zł",kpl,"0,0","0,0","0,0",,,63%,"0,00 zł",0 zł,0%,"0,00 zł",0 zł,0%,"0,00 zł",0 zł,0%,,,,,,,,,,,,,,,,,,,,,,,,,,,,,,,,,
"2,03",Zmniejszenie otworu (GK + wyrównanie) >3cm,"Уменьшение дверного проёма, больше 3 см (зашивка блоком и выравнивание)","0,0",kpl,"352,00 zł","0,00 zł",,,,"352,00 zł",kpl,"0,00 zł",,,"0,0",kpl,"0,00 zł",,"0,0",0%,"0,0",,,,,,,,,,,,,,,,,,,kpl,"0,00 zł","0,00 zł","0,00 zł",,,,"0,00",,,"0,00",,,"0,00",,,"0,00",,,"0,00",,"Уменьшение дверного проёма, больше 3 см (зашивка блоком и выравнивание)","130,00 zł",kpl,"0,0","0,0","0,0",,,63%,"0,00 zł",0 zł,0%,"0,00 zł",0 zł,0%,"0,00 zł",0 zł,0%,,,,,,,,,,,,,,,,,,,,,,,,,,,,,,,,,
"2,04",Poszerzenie otworu drzwiowego ściany <5 cm,"Расширение дверного проёма из ГБ / кирпича, до 5 см","0,0",kpl,"176,00 zł","0,00 zł",,,,"176,00 zł",kpl,"0,00 zł",,,"0,0",kpl,"0,00 zł",,"0,0",0%,"0,0",,,,,,,,,,,,,,,,,,,kpl,"0,00 zł","0,00 zł","0,00 zł",,,,"0,00",,,"0,00",,,"0,00",,,"0,00",,,"0,00",,"Расширение дверного проёма из ГБ / кирпича, до 5 см","65,00 zł",kpl,"0,0","0,0","0,0",,,63%,"0,00 zł",0 zł,0%,"0,00 zł",0 zł,0%,"0,00 zł",0 zł,0%,,,,,,,,,,,,,,,,,,,,,,,,,,,,,,,,,
"2,05",Poszerzenie otworu drzwiowego ściany >5 cm,"Расширение дверного проёма из ГБ / кирпича, больше 5 см","0,0",kpl,"242,00 zł","0,00 zł",,,,"242,00 zł",kpl,"0,00 zł",,,"0,0",kpl,"0,00 zł",,"0,0",0%,"0,0",,,,,,,,,,,,,,,,,,,kpl,"0,00 zł","0,00 zł","0,00 zł",,,,"0,00",,,"0,00",,,"0,00",,,"0,00",,,"0,00",,"Расширение дверного проёма из ГБ / кирпича, больше 5 см","90,00 zł",kpl,"0,0","0,0","0,0",,,63%,"0,00 zł",0 zł,0%,"0,00 zł",0 zł,0%,"0,00 zł",0 zł,0%,,,,,,,,,,,,,,,,,,,,,,,,,,,,,,,,,
"2,06",Demontaż / montaż belki poprzecznej w ścianie z bloczków,Демонтаж / монтаж балки дверного проёма,"0,0",kpl,"407,00 zł","0,00 zł",,,,"407,00 zł",kpl,"0,00 zł",,,"0,0",kpl,"0,00 zł",,"0,0",0%,"0,0",,,,,,,,,,,,,,,,,,,kpl,"0,00 zł","0,00 zł","0,00 zł",,,,"0,00",,,"0,00",,,"0,00",,,"0,00",,,"0,00",,Демонтаж / монтаж балки дверного проёма,"150,00 zł",kpl,"0,0","0,0","0,0",,,63%,"0,00 zł",0 zł,0%,"0,00 zł",0 zł,0%,"0,00 zł",0 zł,0%,,,,,,,,,,,,,,,,,,,,,,,,,,,,,,,,,
"2,07",Nowa belka poprzeczna w ścianie z bloczków,Монтаж поперечной балки в дверном проеме,"0,0",kpl,"132,00 zł","0,00 zł",,,,"132,00 zł",kpl,"0,00 zł",,,"0,0",kpl,"0,00 zł",,"0,0",0%,"0,0",,,,,,,,,,,,,,,,,,,kpl,"0,00 zł","0,00 zł","0,00 zł",,,,"0,00",,,"0,00",,,"0,00",,,"0,00",,,"0,00",,Монтаж поперечной балки в дверном проеме,"45,00 zł",kpl,"0,0","0,0","0,0",,,66%,"0,00 zł",0 zł,0%,"0,00 zł",0 zł,0%,"0,00 zł",0 zł,0%,,,,,,,,,,,,,,,,,,,,,,,,,,,,,,,,,
"2,08",Wycięcie posadzki pod nową ścianę murowaną z bloczków,Штроба в полу для установки стены,"0,0",mb,"55,00 zł","0,00 zł",,,,"55,00 zł",mb,"0,00 zł",,,"0,0",mb,"0,00 zł",,"0,0",0%,"0,0",,,,,,,,,,,,,,,,,,,mb,"0,00 zł","0,00 zł","0,00 zł",,,,"0,00",,,"0,00",,,"0,00",,,"0,00",,,"0,00",,Штроба в полу для установки стены,"20,00 zł",mb,"0,0","0,0","0,0",,,64%,"0,00 zł",0 zł,0%,"0,00 zł",0 zł,0%,"0,00 zł",0 zł,0%,,,,,,,,,,,,,,,,,,,,,,,,,,,,,,,,,
"2,09",Ściana murowana z bloczków komórkowych do 10cm gr.,Монтаж стены из газосиликатных блоков,"0,0",m2,"165,00 zł","0,00 zł",,,,"165,00 zł",m2,"0,00 zł",,,"0,0",m2,"0,00 zł",,"0,0",0%,"0,0",,,,,,,,,,,,,,,,,,,m2,"0,00 zł","0,00 zł","0,00 zł",,,,"0,00",,,"0,00",,,"0,00",,,"0,00",,,"0,00",,Монтаж стены из газосиликатных блоков,"60,00 zł",m2,"0,0","0,0","0,0",,,64%,"0,00 zł",0 zł,0%,"0,00 zł",0 zł,0%,"0,00 zł",0 zł,0%,,,,,,,,,,,,,,,,,,,,,,,,,,,,,,,,,
"2,10",Gładź startowa i tynkowanie ściany murowanej,Стартовая шпаклевка и штукатурка для новой стены из блоков,"0,0",m2,"97,90 zł","0,00 zł",jednostronne,,,"97,90 zł",m2,"0,00 zł",,,"0,0",m2,"0,00 zł",,"0,0",0%,"0,0",,"0,0","0,0","0,0","0,0","0,0","0,0","0,0","0,0","0,0","0,0","0,0","0,0","0,0",,,,,m2,"0,00 zł","0,00 zł","0,00 zł",,"Tynk, kg",,"0,00","Gładź start, kg","1,30","0,00",,,"0,00",,,"0,00",,,"0,00",,Стартовая шпаклевка и штукатурка для новой стены из блоков,"35,00 zł",m2,"0,0","0,0","0,0",,,64%,"0,00 zł",0 zł,0%,"0,00 zł",0 zł,0%,"0,00 zł",0 zł,0%,,,,,,,,,,,,,,,,,,,,,,,,,,,,,,,,,
"2,11","Ścianka GK, płytowana obustronnie podwójnie, szpachlowanie łączeń",Монтаж стены из ГК с двух сторон двухсторонняя с заделкой швов,"0,0",m2,"196,90 zł","0,00 zł",,,,"196,90 zł",m2,"0,00 zł",,,"0,0",m2,"0,00 zł",,"0,0",0%,"0,0",,,,,,,,,,,,,,,,,,,m2,"0,00 zł","0,00 zł","0,00 zł",,,,"0,00",,,"0,00",,,"0,00",,,"0,00",,,"0,00",,Монтаж стены из ГК с двух сторон двухсторонняя с заделкой швов,"70,00 zł",m2,"0,0","0,0","0,0",,,64%,"0,00 zł",0 zł,0%,"0,00 zł",0 zł,0%,"0,00 zł",0 zł,0%,,,,,,,,,,,,,,,,,,,,,,,,,,,,,,,,,
"2,12",Wypełnienie wełną akustyczną ściany gk,Заполнение стен из ГК акустической ватой,"0,0",m2,"22,00 zł","0,00 zł",,,,"22,00 zł",m2,"0,00 zł",,,"0,0",m2,"0,00 zł",,"0,0",0%,"0,0",,"0,0","0,0","0,0","0,0","0,0","0,0","0,0","0,0","0,0","0,0","0,0","0,0","0,0",,,,,m2,"0,00 zł","0,00 zł","0,00 zł",,,,"0,00",,,"0,00",,,"0,00",,,"0,00",,,"0,00",,Заполнение стен из ГК акустической ватой,"8,00 zł",m2,"0,0","0,0","0,0",,,64%,"0,00 zł",0 zł,0%,"0,00 zł",0 zł,0%,"0,00 zł",0 zł,0%,,,,,,,,,,,,,,,,,,,,,,,,,,,,,,,,,
"2,13","Przedścianka GK, płytowana jednostronnie podwójnie, szpachlowanie łączeń",Монтаж предстенка из ГК с заделкой швов,"0,0",m2,"152,90 zł","0,00 zł",,,,"152,90 zł",m2,"0,00 zł",,,"0,0",m2,"0,00 zł",,"0,0",0%,"0,0",,,,,,,,,,,,,,,,,,,m2,"0,00 zł","0,00 zł","0,00 zł",,,,"0,00",,,"0,00",,,"0,00",,,"0,00",,,"0,00",,Монтаж предстенка из ГК с заделкой швов,"55,00 zł",m2,"0,0","0,0","0,0",,,64%,"0,00 zł",0 zł,0%,"0,00 zł",0 zł,0%,"0,00 zł",0 zł,0%,,,,,,,,,,,,,,,,,,,,,,,,,,,,,,,,,
"2,14",Licowanie ścian płytą GK bez szpachlowania,Облицовка стен гипсокартоном,"0,0",m2,"68,20 zł","0,00 zł",,,,"68,20 zł",m2,"0,00 zł",,,"0,0",m2,"0,00 zł",,"0,0",0%,"0,0",,,,,,,,,,,,,,,,,,,m2,"0,00 zł","0,00 zł","0,00 zł",,,,"0,00",,,"0,00",,,"0,00",,,"0,00",,,"0,00",,Облицовка стен гипсокартоном,"25,00 zł",m2,"0,0","0,0","0,0",,,63%,"0,00 zł",0 zł,0%,"0,00 zł",0 zł,0%,"0,00 zł",0 zł,0%,,,,,,,,,,,,,,,,,,,,,,,,,,,,,,,,,
"2,15",Licowanie / przedścianka z płyty OSB,Облицовка / стена с плиты OSB,"0,0",m2,"55,00 zł","0,00 zł",,,,"55,00 zł",m2,"0,00 zł",,,"0,0",m2,"0,00 zł",,"0,0",0%,"0,0",,,,,,,,,,,,,,,,,,,m2,"0,00 zł","0,00 zł","0,00 zł",,,,"0,00",,,"0,00",,,"0,00",,,"0,00",,,"0,00",,Облицовка / стена с плиты OSB,"20,00 zł",m2,"0,0","0,0","0,0",,,64%,"0,00 zł",0 zł,0%,"0,00 zł",0 zł,0%,"0,00 zł",0 zł,0%,,,,,,,,,,,,,,,,,,,,,,,,,,,,,,,,,
"2,16",Obszycie stelażu WC płytą GK (do 120x100 cm),Обшивка туалетной рамы гипсокартоном (до 120х100 см),"0,0",kpl,"196,90 zł","0,00 zł",,,,"196,90 zł",kpl,"0,00 zł",,,"0,0",kpl,"0,00 zł",,"0,0",0%,"0,0",,,,,,,,,,,"0,0","0,0","0,0",,,0,0,0,kpl,"0,00 zł","0,00 zł","0,00 zł",,,,"0,00",,,"0,00",,,"0,00",,,"0,00",,,"0,00",,Обшивка туалетной рамы гипсокартоном (до 120х100 см),"75,00 zł",kpl,"0,0","0,0","0,0",,,62%,"0,00 zł",0 zł,0%,"0,00 zł",0 zł,0%,"0,00 zł",0 zł,0%,,,,,,,,,,,,,,,,,,,,,,,,,,,,,,,,,
"2,17",Obudowa wanny gk (1 strona),Корпус ванны из гипсокартона (1 сторона),"0,0",kpl,"295,90 zł","0,00 zł",,,,"295,90 zł",kpl,"0,00 zł",,,"0,0",kpl,"0,00 zł",,"0,0",0%,"0,0",,,,,,,,,,,,,,,,,,,kpl,"0,00 zł","0,00 zł","0,00 zł",,,,"0,00",,,"0,00",,,"0,00",,,"0,00",,,"0,00",,Корпус ванны из гипсокартона (1 сторона),"90,00 zł",kpl,"0,0","0,0","0,0",,,70%,"0,00 zł",0 zł,0%,"0,00 zł",0 zł,0%,"0,00 zł",0 zł,0%,,,,,,,,,,,,,,,,,,,,,,,,,,,,,,,,,
"2,18",Obudowa wanny gk (2/3 strona),Корпус ванны из гипсокартона (2/3 стороны),"0,0",kpl,"492,80 zł","0,00 zł",,,,"492,80 zł",kpl,"0,00 zł",,,"0,0",kpl,"0,00 zł",,"0,0",0%,"0,0",,,,,,,,,,,,,,,,,,,kpl,"0,00 zł","0,00 zł","0,00 zł",,,,"0,00",,,"0,00",,,"0,00",,,"0,00",,,"0,00",,Корпус ванны из гипсокартона (2/3 стороны),"140,00 zł",kpl,"0,0","0,0","0,0",,,72%,"0,00 zł",0 zł,0%,"0,00 zł",0 zł,0%,"0,00 zł",0 zł,0%,,,,,,,,,,,,,,,,,,,,,,,,,,,,,,,,,
"2,19",Wykonanie rewizji pod wanną,Выполнение ревизии под ванной,"0,0",kpl,"137,50 zł","0,00 zł",,,,"137,50 zł",kpl,"0,00 zł",,,"0,0",kpl,"0,00 zł",,"0,0",0%,"0,0",,,,,,,,,,,,,,,,,,,kpl,"0,00 zł","0,00 zł","0,00 zł",,,,"0,00",,,"0,00",,,"0,00",,,"0,00",,,"0,00",,Выполнение ревизии под ванной,"50,00 zł",kpl,"0,0","0,0","0,0",,,64%,"0,00 zł",0 zł,0%,"0,00 zł",0 zł,0%,"0,00 zł",0 zł,0%,,,,,,,,,,,,,,,,,,,,,,,,,,,,,,,,,
"2,20",Półka z GK do szerokości 80 cm,Полка из ГК шириной до 80 см,"0,0",kpl,"152,90 zł","0,00 zł",,,,"152,90 zł",kpl,"0,00 zł",,,"0,0",kpl,"0,00 zł",,"0,0",0%,"0,0",,,,,,,,,,,,,,,,,,,kpl,"0,00 zł","0,00 zł","0,00 zł",,,,"0,00",,,"0,00",,,"0,00",,,"0,00",,,"0,00",,Полка из ГК шириной до 80 см,"50,00 zł",kpl,"0,0","0,0","0,0",,,67%,"0,00 zł",0 zł,0%,"0,00 zł",0 zł,0%,"0,00 zł",0 zł,0%,,,,,,,,,,,,,,,,,,,,,,,,,,,,,,,,,
"2,21",Wnęka w zabudowie z GK do szerokości 80 cm,Ниша в ГК шириной до 80 см,"0,0",kpl,"273,90 zł","0,00 zł",,,,"273,90 zł",kpl,"0,00 zł",,,"0,0",kpl,"0,00 zł",,"0,0",0%,"0,0",,,,,,,,,,,,,,,,,,,kpl,"0,00 zł","0,00 zł","0,00 zł",,,,"0,00",,,"0,00",,,"0,00",,,"0,00",,,"0,00",,Ниша в ГК шириной до 80 см,"100,00 zł",kpl,"0,0","0,0","0,0",,,63%,"0,00 zł",0 zł,0%,"0,00 zł",0 zł,0%,"0,00 zł",0 zł,0%,,,,,,,,,,,,,,,,,,,,,,,,,,,,,,,,,
"2,22",Płyta betonowa (półka / blat) do wymiarów 60x90 cm,Бетонная полка до 60х90 см,"0,0",kpl,"1 089,00 zł","0,00 zł",,,,"1 089,00 zł",kpl,"0,00 zł",,,"0,0",kpl,"0,00 zł",,"0,0",0%,"0,0",,,,,,,,,,,,,,,,,,,kpl,"0,00 zł","0,00 zł","0,00 zł",,,,"0,00",,,"0,00",,,"0,00",,,"0,00",,,"0,00",,Бетонная полка до 60х90 см,"400,00 zł",kpl,"0,0","0,0","0,0",,,63%,"0,00 zł",0 zł,0%,"0,00 zł",0 zł,0%,"0,00 zł",0 zł,0%,,,,,,,,,,,,,,,,,,,,,,,,,,,,,,,,,
"2,23",Montaż narożnika aluminiowego dla konstrukcji suchej zabudowy,Монтаж алюминиевого уголка,"0,0",mb,"20,90 zł","0,00 zł",,,,"20,90 zł",mb,"0,00 zł",,,"0,0",mb,"0,00 zł",,"0,0",0%,"0,0",,,,,,,,,,,,,,,,,,,mb,"0,00 zł","0,00 zł","0,00 zł",,,,"0,00",,,"0,00",,,"0,00",,,"0,00",,,"0,00",,Монтаж алюминиевого уголка,"8,00 zł",mb,"0,0","0,0","0,0",,,62%,"0,00 zł",0 zł,0%,"0,00 zł",0 zł,0%,"0,00 zł",0 zł,0%,,,,,,,,,,,,,,,,,,,,,,,,,,,,,,,,,
"2,24",Wykończenie połączeń ścian z sufitem za pomocą narożników papierowych,Обработка стыков стен из ГК с потолком с применением бумажного уголка,"0,0",mb,"27,50 zł","0,00 zł",,,,"27,50 zł",mb,"0,00 zł",,,"0,0",mb,"0,00 zł",,"0,0",0%,"0,0",,"0,0","0,0","0,0","0,0","0,0","0,0","0,0","0,0","0,0","0,0","0,0","0,0","0,0",,,,,mb,"0,00 zł","0,00 zł","0,00 zł",,,,"0,00",,,"0,00",,,"0,00",,,"0,00",,,"0,00",,Обработка стыков стен из ГК с потолком с применением бумажного уголка,"10,00 zł",mb,"0,0","0,0","0,0",,,64%,"0,00 zł",0 zł,0%,"0,00 zł",0 zł,0%,"0,00 zł",0 zł,0%,,,,,,,,,,,,,,,,,,,,,,,,,,,,,,,,,
"2,25",Sufit podwieszany prosty wraz z obróbką łączeń,Прямой подвесной потолок с заделкой швов,"0,0",m2,"242,00 zł","0,00 zł",,,,"242,00 zł",m2,"0,00 zł",,,"0,0",m2,"0,00 zł",,"0,0",0%,"0,0",,,,,,,,,,,,,,,,,,,m2,"0,00 zł","0,00 zł","0,00 zł",,,,"0,00",,,"0,00",,,"0,00",,,"0,00",,,"0,00",,Прямой подвесной потолок с заделкой швов,"90,00 zł",m2,"0,0","0,0","0,0",,,63%,"0,00 zł",0 zł,0%,"0,00 zł",0 zł,0%,"0,00 zł",0 zł,0%,,,,,,,,,,,,,,,,,,,,,,,,,,,,,,,,,
"2,26",Uskok przy suficie podwieszany,Торец в подвесном потолке,"0,0",mb,"185,90 zł","0,00 zł",,,,"185,90 zł",mb,"0,00 zł",,,"0,0",mb,"0,00 zł",,"0,0",0%,"0,0",,,,,,,,,,,,,,,,,,,mb,"0,00 zł","0,00 zł","0,00 zł",,,,"0,00",,,"0,00",,,"0,00",,,"0,00",,,"0,00",,Торец в подвесном потолке,"70,00 zł",mb,"0,0","0,0","0,0",,,62%,"0,00 zł",0 zł,0%,"0,00 zł",0 zł,0%,"0,00 zł",0 zł,0%,,,,,,,,,,,,,,,,,,,,,,,,,,,,,,,,,
"2,27","Karnisze z GK 5 cm szerokości, z narożnikiem i szpachlowaniem",Карнизы из ГК шириной 5 см,"0,0",mb,"207,90 zł","0,00 zł",,,,"207,90 zł",mb,"0,00 zł",,,"0,0",mb,"0,00 zł",,"0,0",0%,"0,0",,,,,,,,,,,,,,,,,,,mb,"0,00 zł","0,00 zł","0,00 zł",,,,"0,00",,,"0,00",,,"0,00",,,"0,00",,,"0,00",,Карнизы из ГК шириной 5 см,"70,00 zł",mb,"0,0","0,0","0,0",,,66%,"0,00 zł",0 zł,0%,"0,00 zł",0 zł,0%,"0,00 zł",0 zł,0%,,,,,,,,,,,,,,,,,,,,,,,,,,,,,,,,,
"2,28",Wnęka w suficie GK,Ниша в потолке из ГК,"0,0",mb,"82,50 zł","0,00 zł",,,,"82,50 zł",mb,"0,00 zł",,,"0,0",mb,"0,00 zł",,"0,0",0%,"0,0",,,,,,,,,,,,,,,,,,,mb,"0,00 zł","0,00 zł","0,00 zł",,,,"0,00",,,"0,00",,,"0,00",,,"0,00",,,"0,00",,Ниша в потолке из ГК,"30,00 zł",mb,"0,0","0,0","0,0",,,64%,"0,00 zł",0 zł,0%,"0,00 zł",0 zł,0%,"0,00 zł",0 zł,0%,,,,,,,,,,,,,,,,,,,,,,,,,,,,,,,,,
,,,,,,,,,,,,,,,,,,,,,,,,,,,,,,,,,,,,,,,,,,,,,,,,,,,,,,,,,,,,,,,,,,,,,,,,,,,,,,,,,,,,,,,,,,,,,,,,,,,,,,,,,,,,,,,
3,HYDRAULIKA STAN SUROWY,САНТЕХНИКА ЧЕРНОВАЯ,,,,"0,00 zł",,,,,,"0,00 zł","0,00 zł",,,,"0,00 zł",,,0%,"0,00 zł",,0 zł,0 zł,0 zł,0 zł,0 zł,0 zł,0 zł,0 zł,0 zł,0 zł,0 zł,0 zł,0 zł,,,,,,#N/A,#N/A,#N/A,,,,,,,,,,,,,,,,,,САНТЕХНИКА ЧЕРНОВАЯ,,,,,,,,,"0,00zł","0,00zł",0%,"0,00zł","0,00zł",0%,"0,00zł","0,00zł",0%,,,,,,,,,,,,,,,,,,,,,,,,,,,,,,,,,
"3,01",Punkt wod-kan bez wkucia - nowy / relokacja,"Перенос водозаборных точек, канализации без ковки","0,0",szt,"132,00 zł","0,00 zł",,,,"132,00 zł",szt,"0,00 zł",,,"0,0",szt,"0,00 zł",,"0,0",0%,"0,0",,,,,,,,,,,,,,,,#N/A,#N/A,#N/A,szt,#N/A,#N/A,#N/A,,,,"0,00",,,"0,00",,,"0,00",,,"0,00",,,"0,00",,"Перенос водозаборных точек, канализации без ковки","45,00 zł",szt,"0,0","0,0","0,0",,,66%,"0,00 zł",0 zł,0%,"0,00 zł",0 zł,0%,"0,00 zł",0 zł,0%,,,,,,,,,,,,,,,,,,,,,,,,,,,,,,,,,
"3,02",Likwidacja (zaślepienie) punktu hydrauliki istniejącego,Ликвидация точки вод-кан,"0,0",szt,"132,00 zł","0,00 zł",,,,"132,00 zł",szt,"0,00 zł",,,"0,0",szt,"0,00 zł",,"0,0",0%,"0,0",,,,,,,,,,,,,,,,,,,szt,"0,00 zł","0,00 zł","0,00 zł",,,,"0,00",,,"0,00",,,"0,00",,,"0,00",,,"0,00",,Ликвидация точки вод-кан,"45,00 zł",szt,"0,0","0,0","0,0",,,66%,"0,00 zł",0 zł,0%,"0,00 zł",0 zł,0%,"0,00 zł",0 zł,0%,,,,,,,,,,,,,,,,,,,,,,,,,,,,,,,,,
"3,03",Likwidacja grzejników,Ликвидация радиаторов,"0,0",szt,"341,00 zł","0,00 zł",,,,"341,00 zł",szt,"0,00 zł",,,"0,0",szt,"0,00 zł",,"0,0",0%,"0,0",,,,,,,,,,,,,,,,,,,szt,"0,00 zł","0,00 zł","0,00 zł",,,,"0,00",,,"0,00",,,"0,00",,,"0,00",,,"0,00",,Ликвидация радиаторов,"125,00 zł",szt,"0,0","0,0","0,0",,,63%,"0,00 zł",0 zł,0%,"0,00 zł",0 zł,0%,"0,00 zł",0 zł,0%,,,,,,,,,,,,,,,,,,,,,,,,,,,,,,,,,
"3,04",Bruzdowanie / wkucie rur,Прокладка труб и заделка штробы,"0,0",mb,"69,00 zł","0,00 zł",,,,"69,00 zł",mb,"0,00 zł",,,"0,0",mb,"0,00 zł",,"0,0",0%,"0,0",,,,,,,,,,,,,,,,#N/A,#N/A,#N/A,mb,#N/A,#N/A,#N/A,,,,"0,00",,,"0,00",,,"0,00",,,"0,00",,,"0,00",,Прокладка труб и заделка штробы,"23,00 zł",mb,"0,0","0,0","0,0",,,67%,"0,00 zł",0 zł,0%,"0,00 zł",0 zł,0%,"0,00 zł",0 zł,0%,,,,,,,,,,,,,,,,,,,,,,,,,,,,,,,,,
"3,05",Tynkowanie bruzd,Заделка штробы,"0,0",mb,"30,00 zł","0,00 zł",,,,"30,00 zł",mb,"0,00 zł",,,"0,0",mb,"0,00 zł",,"0,0",0%,"0,0",,,,,,,,,,,,,,,,0,0,0,mb,"0,00 zł","0,00 zł","0,00 zł",,,,"0,00",,,"0,00",,,"0,00",,,"0,00",,,"0,00",,Заделка штробы,"12,00 zł",mb,"0,0","0,0","0,0",,,60%,"0,00 zł",0 zł,0%,"0,00 zł",0 zł,0%,"0,00 zł",0 zł,0%,,,,,,,,,,,,,,,,,,,,,,,,,,,,,,,,,
"3,06",Bateria umywalkowa/bidet podtynkowa dwupunktowa - montaż podtynkowy,Двухвентильный смеситель для скрытой - установка в стене,"0,0",szt,"264,00 zł","0,00 zł",,,,"264,00 zł",szt,"0,00 zł",,,"0,0",szt,"0,00 zł",,"0,0",0%,"0,0",,,,,,,,,,,,,,,,,,0,szt,"0,00 zł","0,00 zł","0,00 zł",,,,"0,00",,,"0,00",,,"0,00",,,"0,00",,,"0,00",,Двухвентильный смеситель для скрытой - установка в стене,"100,00 zł",szt,"0,0","0,0","0,0",,,62%,"0,00 zł",0 zł,0%,"0,00 zł",0 zł,0%,"0,00 zł",0 zł,0%,,,,,,,,,,,,,,,,,,,,,,,,,,,,,,,,,
"3,07","Bateria prysznicowa podtynkowa - montaż podtynkowy (kpl deszczownica, słuchawka, sterownik)",Скрытый смеситель для душа,"0,0",kpl,"693,00 zł","0,00 zł",,,,"693,00 zł",kpl,"0,00 zł",,,"0,0",kpl,"0,00 zł",,"0,0",0%,"0,0",,,,,,,,,,,,,,,,,,0,kpl,"0,00 zł","0,00 zł","0,00 zł",,,,"0,00",,,"0,00",,,"0,00",,,"0,00",,,"0,00",,Скрытый смеситель для душа,"250,00 zł",kpl,"0,0","0,0","0,0",,,64%,"0,00 zł",0 zł,0%,"0,00 zł",0 zł,0%,"0,00 zł",0 zł,0%,,,,,,,,,,,,,,,,,,,,,,,,,,,,,,,,,
"3,08",Stelaż miski WC lub bidetowej,Установка рамы туалета,"0,0",szt,"473,00 zł","0,00 zł",,,,"473,00 zł",szt,"0,00 zł",,,"0,0",szt,"0,00 zł",,"0,0",0%,"0,0",,,,,,,,,,,"0,0","0,0","0,0",,,0,0,0,szt,"0,00 zł","0,00 zł","0,00 zł",,,,"0,00",,,"0,00",,,"0,00",,,"0,00",,,"0,00",,Установка рамы туалета,"170,00 zł",szt,"0,0","0,0","0,0",,,64%,"0,00 zł",0 zł,0%,"0,00 zł",0 zł,0%,"0,00 zł",0 zł,0%,,,,,,,,,,,,,,,,,,,,,,,,,,,,,,,,,
"3,09",Odpływ liniowy - wykucie i obsadzenie,Встроенный слив - монтаж слива ,"0,0",szt,"570,00 zł","0,00 zł",,,,"570,00 zł",szt,"0,00 zł",,,"0,0",szt,"0,00 zł",,"0,0",0%,"0,0",,,,,,,,,,,,,,,,,,0,szt,"0,00 zł","0,00 zł","0,00 zł",,,,"0,00",,,"0,00",,,"0,00",,,"0,00",,,"0,00",,Встроенный слив - монтаж слива ,"195,00 zł",szt,"0,0","0,0","0,0",,,66%,"0,00 zł",0 zł,0%,"0,00 zł",0 zł,0%,"0,00 zł",0 zł,0%,,,,,,,,,,,,,,,,,,,,,,,,,,,,,,,,,
"3,10",Odpływ liniowy - wykonanie spadku,Встроенный слив - формирование уклона,"0,0",szt,"310,00 zł","0,00 zł",,,,"310,00 zł",szt,"0,00 zł",,,"0,0",szt,"0,00 zł",,"0,0",0%,"0,0",,,,,,,,,,,"0,0","0,0","0,0",,,,,0,szt,"0,00 zł","0,00 zł","0,00 zł",,,,"0,00",,,"0,00",,,"0,00",,,"0,00",,,"0,00",,Встроенный слив - формирование уклона,"105,00 zł",szt,"0,0","0,0","0,0",,,66%,"0,00 zł",0 zł,0%,"0,00 zł",0 zł,0%,"0,00 zł",0 zł,0%,,,,,,,,,,,,,,,,,,,,,,,,,,,,,,,,,
"3,11",Odpływ punktowy - montaż kompletny,Точечный слив - монтаж  ,"0,0",szt,"380,00 zł","0,00 zł",,,,"380,00 zł",szt,"0,00 zł",,,"0,0",szt,"0,00 zł",,"0,0",0%,"0,0",,,,,,,,,,,,,,,,,,0,szt,"0,00 zł","0,00 zł","0,00 zł",,,,"0,00",,,"0,00",,,"0,00",,,"0,00",,,"0,00",,Точечный слив - монтаж  ,"130,00 zł",szt,"0,0","0,0","0,0",,,66%,"0,00 zł",0 zł,0%,"0,00 zł",0 zł,0%,"0,00 zł",0 zł,0%,,,,,,,,,,,,,,,,,,,,,,,,,,,,,,,,,
,,,,,,,,,,,,,,,,,,,,,,,,,,,,,,,,,,,,,,,,,,,,,,,,,,,,,,,,,,,,,,,,,,,,,,,,,,,,,,,,,,,,,,,,,,,,,,,,,,,,,,,,,,,,,,,
4,HYDRAULIKA BIAŁY MONTAŻ,САНТЕХНИКА ЧИСТОВАЯ,,,,"0,00 zł",,,,,,"0,00 zł","0,00 zł",,,,"0,00 zł",,,0%,"0,00 zł",,0 zł,0 zł,0 zł,0 zł,0 zł,0 zł,0 zł,0 zł,0 zł,0 zł,0 zł,0 zł,0 zł,,,,,,#N/A,#N/A,#N/A,,,,,,,,,,,,,,,,,,САНТЕХНИКА ЧИСТОВАЯ,,,,,,,,,"0,00zł","0,00zł",0%,"0,00zł","0,00zł",0%,"0,00zł","0,00zł",0%,,,,,,,,,,,,,,,,,,,,,,,,,,,,,,,,,
"4,01",Zawory kątowe,Монтаж краников,"0,0",szt,"49,50 zł","0,00 zł",,,,"49,50 zł",szt,"0,00 zł",,,"0,0",szt,"0,00 zł",,"0,0",0%,"0,0",,,,,,,,,,,,,,,,#N/A,#N/A,#N/A,szt,#N/A,#N/A,#N/A,,"Zawór kątowy, szt","1,00","0,00",,,"0,00",,,"0,00",,,"0,00",,,"0,00",,Монтаж краников,"16,00 zł",szt,"0,0","0,0","0,0",,,68%,"0,00 zł",0 zł,0%,"0,00 zł",0 zł,0%,"0,00 zł",0 zł,0%,,,,,,,,,,,,,,,,,,,,,,,,,,,,,,,,,
"4,02",Przycisk WC,Монтаж кнопки инсталляции,"0,0",szt,"71,50 zł","0,00 zł",,,,"71,50 zł",szt,"0,00 zł",,,"0,0",szt,"0,00 zł",,"0,0",0%,"0,0",,,,,,,,,,,"0,0","0,0","0,0",,,0,0,0,szt,"0,00 zł","0,00 zł","0,00 zł",,,,"0,00",,,"0,00",,,"0,00",,,"0,00",,,"0,00",,Монтаж кнопки инсталляции,"25,00 zł",szt,"0,0","0,0","0,0",,,65%,"0,00 zł",0 zł,0%,"0,00 zł",0 zł,0%,"0,00 zł",0 zł,0%,,,,,,,,,,,,,,,,,,,,,,,,,,,,,,,,,
"4,03",Miska WC wisząca,Монтаж подвесного унитаза,"0,0",szt,"176,00 zł","0,00 zł",,,,"176,00 zł",szt,"0,00 zł",,,"0,0",szt,"0,00 zł",,"0,0",0%,"0,0",,,,,,,,,,,"0,0","0,0","0,0",,,0,0,0,szt,"0,00 zł","0,00 zł","0,00 zł",,,,"0,00",,,"0,00",,,"0,00",,,"0,00",,,"0,00",,Монтаж подвесного унитаза,"60,00 zł",szt,"0,0","0,0","0,0",,,66%,"0,00 zł",0 zł,0%,"0,00 zł",0 zł,0%,"0,00 zł",0 zł,0%,,,,,,,,,,,,,,,,,,,,,,,,,,,,,,,,,
"4,04",Miska WC stojąca,Монтаж напольного унитаза,"0,0",szt,"379,50 zł","0,00 zł",,,,"379,50 zł",szt,"0,00 zł",,,"0,0",szt,"0,00 zł",,"0,0",0%,"0,0",,,,,,,,,,,,,,,,,,,szt,"0,00 zł","0,00 zł","0,00 zł",,,,"0,00",,,"0,00",,,"0,00",,,"0,00",,,"0,00",,Монтаж напольного унитаза,"155,00 zł",szt,"0,0","0,0","0,0",,,59%,"0,00 zł",0 zł,0%,"0,00 zł",0 zł,0%,"0,00 zł",0 zł,0%,,,,,,,,,,,,,,,,,,,,,,,,,,,,,,,,,
"4,05",Miska bidetowa wisząca,Монтаж подвесной чаши-биде,"0,0",szt,"346,50 zł","0,00 zł",,,,"346,50 zł",szt,"0,00 zł",,,"0,0",szt,"0,00 zł",,"0,0",0%,"0,0",,,,,,,,,,,,,,,,,,,szt,"0,00 zł","0,00 zł","0,00 zł",,,,"0,00",,,"0,00",,,"0,00",,,"0,00",,,"0,00",,Монтаж подвесной чаши-биде,"125,00 zł",szt,"0,0","0,0","0,0",,,64%,"0,00 zł",0 zł,0%,"0,00 zł",0 zł,0%,"0,00 zł",0 zł,0%,,,,,,,,,,,,,,,,,,,,,,,,,,,,,,,,,
"4,06",Odpływ liniowy - montaż końcowy,Встроенный слив - чистовой монтаж,"0,0",szt,"137,50 zł","0,00 zł",,,,"137,50 zł",szt,"0,00 zł",,,"0,0",szt,"0,00 zł",,"0,0",0%,"0,0",,,,,,,,,,,"0,0","0,0","0,0",,,,,0,szt,"0,00 zł","0,00 zł","0,00 zł",,,,"0,00",,,"0,00",,,"0,00",,,"0,00",,,"0,00",,Встроенный слив - чистовой монтаж,"50,00 zł",szt,"0,0","0,0","0,0",,,64%,"0,00 zł",0 zł,0%,"0,00 zł",0 zł,0%,"0,00 zł",0 zł,0%,,,,,,,,,,,,,,,,,,,,,,,,,,,,,,,,,
"4,07",Przegroda szklana jednoskrzydłowa prysznicowa,Стеклянная перегородка душа,"0,0",szt,"385,00 zł","0,00 zł",,,,"385,00 zł",szt,"0,00 zł",,,"0,0",szt,"0,00 zł",,"0,0",0%,"0,0",,,,,,,,,,,,,,,,,,0,szt,"0,00 zł","0,00 zł","0,00 zł",,,,"0,00",,,"0,00",,,"0,00",,,"0,00",,,"0,00",,Стеклянная перегородка душа,"140,00 zł",szt,"0,0","0,0","0,0",,,64%,"0,00 zł",0 zł,0%,"0,00 zł",0 zł,0%,"0,00 zł",0 zł,0%,,,,,,,,,,,,,,,,,,,,,,,,,,,,,,,,,
"4,08",Wanna,Монтаж ванны,"0,0",szt,"440,00 zł","0,00 zł",,,,"440,00 zł",szt,"0,00 zł",,,"0,0",szt,"0,00 zł",,"0,0",0%,"0,0",,,,,,,,,,,,,,,,,,,szt,"0,00 zł","0,00 zł","0,00 zł",,,,"0,00",,,"0,00",,,"0,00",,,"0,00",,,"0,00",,Монтаж ванны,"175,00 zł",szt,"0,0","0,0","0,0",,,60%,"0,00 zł",0 zł,0%,"0,00 zł",0 zł,0%,"0,00 zł",0 zł,0%,,,,,,,,,,,,,,,,,,,,,,,,,,,,,,,,,
"4,09",Parawan nawannowy,Перегородка / стекло для ванны,"0,0",szt,"275,00 zł","0,00 zł",,,,"275,00 zł",szt,"0,00 zł",,,"0,0",szt,"0,00 zł",,"0,0",0%,"0,0",,,,,,,,,,,,,,,,,,,szt,"0,00 zł","0,00 zł","0,00 zł",,,,"0,00",,,"0,00",,,"0,00",,,"0,00",,,"0,00",,Перегородка / стекло для ванны,"90,00 zł",szt,"0,0","0,0","0,0",,,67%,"0,00 zł",0 zł,0%,"0,00 zł",0 zł,0%,"0,00 zł",0 zł,0%,,,,,,,,,,,,,,,,,,,,,,,,,,,,,,,,,
"4,10",Brodzik prysznicowy,Душевой поддон,"0,0",szt,"429,00 zł","0,00 zł",,,,"429,00 zł",szt,"0,00 zł",,,"0,0",szt,"0,00 zł",,"0,0",0%,"0,0",,,,,,,,,,,,,,,,0,0,,szt,"0,00 zł","0,00 zł","0,00 zł",,,,"0,00",,,"0,00",,,"0,00",,,"0,00",,,"0,00",,Душевой поддон,"155,00 zł",szt,"0,0","0,0","0,0",,,64%,"0,00 zł",0 zł,0%,"0,00 zł",0 zł,0%,"0,00 zł",0 zł,0%,,,,,,,,,,,,,,,,,,,,,,,,,,,,,,,,,
"4,11",Drzwiczki systemowe prysznicowe,Душевые двери,"0,0",szt,"495,00 zł","0,00 zł",,,,"495,00 zł",szt,"0,00 zł",,,"0,0",szt,"0,00 zł",,"0,0",0%,"0,0",,,,,,,,,,,,,,,,0,0,,szt,"0,00 zł","0,00 zł","0,00 zł",,,,"0,00",,,"0,00",,,"0,00",,,"0,00",,,"0,00",,Душевые двери,"180,00 zł",szt,"0,0","0,0","0,0",,,64%,"0,00 zł",0 zł,0%,"0,00 zł",0 zł,0%,"0,00 zł",0 zł,0%,,,,,,,,,,,,,,,,,,,,,,,,,,,,,,,,,
"4,12",Umywalka nablatowa,Монтаж накладного умывальника,"0,0",szt,"181,50 zł","0,00 zł",,,,"181,50 zł",szt,"0,00 zł",,,"0,0",szt,"0,00 zł",,"0,0",0%,"0,0",,,,,,,,,,,"0,0","0,0","0,0",,,0,0,0,szt,"0,00 zł","0,00 zł","0,00 zł",,,,"0,00",,,"0,00",,,"0,00",,,"0,00",,,"0,00",,Монтаж накладного умывальника,"65,00 zł",szt,"0,0","0,0","0,0",,,64%,"0,00 zł",0 zł,0%,"0,00 zł",0 zł,0%,"0,00 zł",0 zł,0%,,,,,,,,,,,,,,,,,,,,,,,,,,,,,,,,,
"4,13",Umywalka podblatowa (bez otworowania),Монтаж встраиваемого умывальника,"0,0",szt,"264,00 zł","0,00 zł",,,,"264,00 zł",szt,"0,00 zł",,,"0,0",szt,"0,00 zł",,"0,0",0%,"0,0",,,,,,,,,,,,,,,,,,,szt,"0,00 zł","0,00 zł","0,00 zł",,,,"0,00",,,"0,00",,,"0,00",,,"0,00",,,"0,00",,Монтаж встраиваемого умывальника,"95,00 zł",szt,"0,0","0,0","0,0",,,64%,"0,00 zł",0 zł,0%,"0,00 zł",0 zł,0%,"0,00 zł",0 zł,0%,,,,,,,,,,,,,,,,,,,,,,,,,,,,,,,,,
"4,14",Syfon,Монтаж сифона,"0,0",szt,"71,50 zł","0,00 zł",,,,"71,50 zł",szt,"0,00 zł",,,"0,0",szt,"0,00 zł",,"0,0",0%,"0,0",,,,,,,,,,,,,,,,0,0,0,szt,"0,00 zł","0,00 zł","0,00 zł",,"Syfon, szt","1,00","0,00",,,"0,00",,,"0,00",,,"0,00",,,"0,00",,Монтаж сифона,"25,00 zł",szt,"0,0","0,0","0,0",,,65%,"0,00 zł",0 zł,0%,"0,00 zł",0 zł,0%,"0,00 zł",0 zł,0%,,,,,,,,,,,,,,,,,,,,,,,,,,,,,,,,,
"4,15",Bateria stojąca umywalkowa,Смеситель на умывальник,"0,0",szt,"181,50 zł","0,00 zł",,,,"181,50 zł",szt,"0,00 zł",,,"0,0",szt,"0,00 zł",,"0,0",0%,"0,0",,,,,,,,,,,"0,0","0,0","0,0",,,0,0,,szt,"0,00 zł","0,00 zł","0,00 zł",,,,"0,00",,,"0,00",,,"0,00",,,"0,00",,,"0,00",,Смеситель на умывальник,"65,00 zł",szt,"0,0","0,0","0,0",,,64%,"0,00 zł",0 zł,0%,"0,00 zł",0 zł,0%,"0,00 zł",0 zł,0%,,,,,,,,,,,,,,,,,,,,,,,,,,,,,,,,,
"4,16",Bateria umywalkowa/bidet podtynkowa dwupunktowy - montaż końcowy,Двухвентильный смеситель для раковины - окончательная сборка,"0,0",szt,"110,00 zł","0,00 zł",,,,"110,00 zł",szt,"0,00 zł",,,"0,0",szt,"0,00 zł",,"0,0",0%,"0,0",,,,,,,,,,,,,,,,,,0,szt,"0,00 zł","0,00 zł","0,00 zł",,,,"0,00",,,"0,00",,,"0,00",,,"0,00",,,"0,00",,Двухвентильный смеситель для раковины - окончательная сборка,"40,00 zł",szt,"0,0","0,0","0,0",,,64%,"0,00 zł",0 zł,0%,"0,00 zł",0 zł,0%,"0,00 zł",0 zł,0%,,,,,,,,,,,,,,,,,,,,,,,,,,,,,,,,,
"4,17",Bateria stojąca wannowa,Смеситель для ванны вертикальный,"0,0",szt,"181,50 zł","0,00 zł",,,,"181,50 zł",szt,"0,00 zł",,,"0,0",szt,"0,00 zł",,"0,0",0%,"0,0",,,,,,,,,,,,,,,,,0,,szt,"0,00 zł","0,00 zł","0,00 zł",,,,"0,00",,,"0,00",,,"0,00",,,"0,00",,,"0,00",,Смеситель для ванны вертикальный,"65,00 zł",szt,"0,0","0,0","0,0",,,64%,"0,00 zł",0 zł,0%,"0,00 zł",0 zł,0%,"0,00 zł",0 zł,0%,,,,,,,,,,,,,,,,,,,,,,,,,,,,,,,,,
"4,18",Bateria natynkowa prysznicowa,Стандартный смеситель для душа,"0,0",szt,"181,50 zł","0,00 zł",,,,"181,50 zł",szt,"0,00 zł",,,"0,0",szt,"0,00 zł",,"0,0",0%,"0,0",,,,,,,,,,,,,,,,0,,,szt,"0,00 zł","0,00 zł","0,00 zł",,,,"0,00",,,"0,00",,,"0,00",,,"0,00",,,"0,00",,Стандартный смеситель для душа,"65,00 zł",szt,"0,0","0,0","0,0",,,64%,"0,00 zł",0 zł,0%,"0,00 zł",0 zł,0%,"0,00 zł",0 zł,0%,,,,,,,,,,,,,,,,,,,,,,,,,,,,,,,,,
"4,19","Bateria prysznicowa podtynkowa - montaż końcowy (kpl deszczownica, słuchawka, sterownik)","Скрытый смеситель для душа - чистовой монтаж (комплект: дождик, регулятор, душ)","0,0",kpl,"214,50 zł","0,00 zł",,,,"214,50 zł",kpl,"0,00 zł",,,"0,0",kpl,"0,00 zł",,"0,0",0%,"0,0",,,,,,,,,,,,,,,,,,0,kpl,"0,00 zł","0,00 zł","0,00 zł",,,,"0,00",,,"0,00",,,"0,00",,,"0,00",,,"0,00",,"Скрытый смеситель для душа - чистовой монтаж (комплект: дождик, регулятор, душ)","80,00 zł",kpl,"0,0","0,0","0,0",,,63%,"0,00 zł",0 zł,0%,"0,00 zł",0 zł,0%,"0,00 zł",0 zł,0%,,,,,,,,,,,,,,,,,,,,,,,,,,,,,,,,,
"4,20",Drążek (uchwyt) natryskowy z deszczownicą,Душевая штанга с тропическим душем,"0,0",szt,"132,00 zł","0,00 zł",,,,"132,00 zł",szt,"0,00 zł",,,"0,0",szt,"0,00 zł",,"0,0",0%,"0,0",,,,,,,,,,,,,,,,,,,szt,"0,00 zł","0,00 zł","0,00 zł",,,,"0,00",,,"0,00",,,"0,00",,,"0,00",,,"0,00",,Душевая штанга с тропическим душем,"45,00 zł",szt,"0,0","0,0","0,0",,,66%,"0,00 zł",0 zł,0%,"0,00 zł",0 zł,0%,"0,00 zł",0 zł,0%,,,,,,,,,,,,,,,,,,,,,,,,,,,,,,,,,
"4,21","Istniejący grzejnik łazienkowy (demontaż, zabezpieczenie na czas prac, montaż)",Существующий радиатор в ванной комнате (демонтаж/монтаж),"0,0",szt,"143,00 zł","0,00 zł",,,,"143,00 zł",szt,"0,00 zł",,,"0,0",szt,"0,00 zł",,"0,0",0%,"0,0",,,,,,,,,,,"0,0","0,0","0,0",,,0,0,,szt,"0,00 zł","0,00 zł","0,00 zł",,,,"0,00",,,"0,00",,,"0,00",,,"0,00",,,"0,00",,Существующий радиатор в ванной комнате (демонтаж/монтаж),"50,00 zł",szt,"0,0","0,0","0,0",,,65%,"0,00 zł",0 zł,0%,"0,00 zł",0 zł,0%,"0,00 zł",0 zł,0%,,,,,,,,,,,,,,,,,,,,,,,,,,,,,,,,,
"4,22","Istniejący grzejnik pokojowy (demontaż, zabezpieczenie na czas prac, montaż)",Существующий комнатный обогреватель (демонтаж/монтаж),"0,0",szt,"203,50 zł","0,00 zł",,,,"203,50 zł",szt,"0,00 zł",,,"0,0",szt,"0,00 zł",,"0,0",0%,"0,0",,,,,,,,,,,,,,,,0,0,0,szt,"0,00 zł","0,00 zł","0,00 zł",,,,"0,00",,,"0,00",,,"0,00",,,"0,00",,,"0,00",,Существующий комнатный обогреватель (демонтаж/монтаж),"75,00 zł",szt,"0,0","0,0","0,0",,,63%,"0,00 zł",0 zł,0%,"0,00 zł",0 zł,0%,"0,00 zł",0 zł,0%,,,,,,,,,,,,,,,,,,,,,,,,,,,,,,,,,
"4,23",Nowy grzejnik - podłączenia i instalacja,Новый радиатор,"0,0",szt,"544,50 zł","0,00 zł",,,,"544,50 zł",szt,"0,00 zł",,,"0,0",szt,"0,00 zł",,"0,0",0%,"0,0",,,,,,,,,,,,,,,,,,,szt,"0,00 zł","0,00 zł","0,00 zł",,,,"0,00",,,"0,00",,,"0,00",,,"0,00",,,"0,00",,Новый радиатор,"200,00 zł",szt,"0,0","0,0","0,0",,,63%,"0,00 zł",0 zł,0%,"0,00 zł",0 zł,0%,"0,00 zł",0 zł,0%,,,,,,,,,,,,,,,,,,,,,,,,,,,,,,,,,
"4,24",Instalacja przycisku pneumatycznego wc,Установка пневматического кнопочного унитаза,"0,0",szt,"565,95 zł","0,00 zł",,,,"565,95 zł",szt,"0,00 zł",,,"0,0",szt,"0,00 zł",,"0,0",0%,"0,0",,,,,,,,,,,,,,,,,,,szt,"0,00 zł","0,00 zł","0,00 zł",,,,"0,00",,,"0,00",,,"0,00",,,"0,00",,,"0,00",,Установка пневматического кнопочного унитаза,"231,53 zł",szt,"0,0","0,0","0,0",,,59%,"0,00 zł",0 zł,0%,"0,00 zł",0 zł,0%,"0,00 zł",0 zł,0%,,,,,,,,,,,,,,,,,,,,,,,,,,,,,,,,,
,,,,,,,,,,,,,,,,,,,,,,,,,,,,,,,,,,,,,,,,,,,,,,,,,,,,,,,,,,,,,,,,,,,,,,,,,,,,,,,,,,,,,,,,,,,,,,,,,,,,,,,,,,,,,,,
5,ELEKTRYKA STAN SUROWY,ЭЛЕТКРОМОНТАЖ ЧЕРНОВОЙ,,,,"0,00 zł",,,,,,"0,00 zł","0,00 zł",,,,"0,00 zł",,,0%,"0,00 zł",,0 zł,0 zł,0 zł,0 zł,0 zł,0 zł,0 zł,0 zł,0 zł,0 zł,0 zł,0 zł,0 zł,,,,,,"0,00 zł","0,00 zł","0,00 zł",,,,,,,,,,,,,,,,,,ЭЛЕТКРОМОНТАЖ ЧЕРНОВОЙ,,,,,,,,,"0,00zł","0,00zł",0%,"0,00zł","0,00zł",0%,"0,00zł","0,00zł",0%,,,,,,,,,,,,,,,,,,,,,,,,,,,,,,,,,
"5,01","Relokacja skrzynki TS (demontaż starej, wnęka w ścianie na nową, montaż skrzynki nowej)","Перемещение  телетехнического щитка (демонтаж старого, ниша в стене под новый, монтаж коробки щитка)","0,0",kpl,"412,50 zł","0,00 zł",,,,"412,50 zł",kpl,"0,00 zł",,,"0,0",kpl,"0,00 zł",,"0,0",0%,"0,0",,,,,,,,,,,,,,,,,,,kpl,"0,00 zł","0,00 zł","0,00 zł",,,,"0,00",,,"0,00",,,"0,00",,,"0,00",,,"0,00",,"Перемещение  телетехнического щитка (демонтаж старого, ниша в стене под новый, монтаж коробки щитка)","150,00 zł",kpl,"0,0","0,0","0,0",,,64%,"0,00 zł",0 zł,0%,"0,00 zł",0 zł,0%,"0,00 zł",0 zł,0%,,,,,,,,,,,,,,,,,,,,,,,,,,,,,,,,,
"5,02",Relokacja skrzynki TS (przełączanie),Перемещение электрощитка (коммутация),"0,0",kpl,"962,50 zł","0,00 zł",,,,"962,50 zł",kpl,"0,00 zł",,,"0,0",kpl,"0,00 zł",,"0,0",0%,"0,0",,,,,,,,,,,,,,,,,,,kpl,"0,00 zł","0,00 zł","0,00 zł",,,,"0,00",,,"0,00",,,"0,00",,,"0,00",,,"0,00",,Перемещение электрощитка (коммутация),"350,00 zł",kpl,"0,0","0,0","0,0",,,64%,"0,00 zł",0 zł,0%,"0,00 zł",0 zł,0%,"0,00 zł",0 zł,0%,,,,,,,,,,,,,,,,,,,,,,,,,,,,,,,,,
"5,03",Kanał podtynkowy kablowy w ścianie z bloczków,Канал скрытого монтажа под кабеля в стене с блочков,"0,0",mb,"385,00 zł","0,00 zł",,,,"385,00 zł",mb,"0,00 zł",,,"0,0",mb,"0,00 zł",,"0,0",0%,"0,0",,,,,,,,,,,,,,,,,,,mb,"0,00 zł","0,00 zł","0,00 zł",,,,"0,00",,,"0,00",,,"0,00",,,"0,00",,,"0,00",,Канал скрытого монтажа под кабеля в стене с блочков,"140,00 zł",mb,"0,0","0,0","0,0",,,64%,"0,00 zł",0 zł,0%,"0,00 zł",0 zł,0%,"0,00 zł",0 zł,0%,,,,,,,,,,,,,,,,,,,,,,,,,,,,,,,,,
"5,04",Kanał podtynkowy kablowy w ścianie z żelbetu,Канал скрытого монтажа под кабеля в стене с ж/б,"0,0",mb,"605,00 zł","0,00 zł",,,,"605,00 zł",mb,"0,00 zł",,,"0,0",mb,"0,00 zł",,"0,0",0%,"0,0",,,,,,,,,,,,,,,,,,,mb,"0,00 zł","0,00 zł","0,00 zł",,,,"0,00",,,"0,00",,,"0,00",,,"0,00",,,"0,00",,Канал скрытого монтажа под кабеля в стене с ж/б,"210,00 zł",mb,"0,0","0,0","0,0",,,65%,"0,00 zł",0 zł,0%,"0,00 zł",0 zł,0%,"0,00 zł",0 zł,0%,,,,,,,,,,,,,,,,,,,,,,,,,,,,,,,,,
"5,05",Demontaż ramek istniejącego osprzętu elektrycznego,Демонтаж пластиков с розеток и выключателей (с упаковкой в пленку),"0,0",szt,"7,70 zł","0,00 zł",w tym zabezpieczenie,,,"7,70 zł",szt,"0,00 zł",,,"0,0",szt,"0,00 zł",,"0,0",0%,"0,0",,,,,,,,,,,,,,,,0,0,0,szt,"0,00 zł","0,00 zł","0,00 zł",,,,"0,00",,,"0,00",,,"0,00",,,"0,00",,,"0,00",,Демонтаж пластиков с розеток и выключателей (с упаковкой в пленку),"3,00 zł",szt,"0,0","0,0","0,0",,,61%,"0,00 zł",0 zł,0%,"0,00 zł",0 zł,0%,"0,00 zł",0 zł,0%,,,,,,,,,,,,,,,,,,,,,,,,,,,,,,,,,
"5,06",Demontaż osprzętu elektrycznego (gniazdo),Демонтаж электрофурнитуры (только гнездо),"0,0",szt,"13,20 zł","0,00 zł",,,,"13,20 zł",szt,"0,00 zł",,,"0,0",szt,"0,00 zł",,"0,0",0%,"0,0",,,,,,,,,,,,,,,,,,,szt,"0,00 zł","0,00 zł","0,00 zł",,,,"0,00",,,"0,00",,,"0,00",,,"0,00",,,"0,00",,Демонтаж электрофурнитуры (только гнездо),"5,00 zł",szt,"0,0","0,0","0,0",,,62%,"0,00 zł",0 zł,0%,"0,00 zł",0 zł,0%,"0,00 zł",0 zł,0%,,,,,,,,,,,,,,,,,,,,,,,,,,,,,,,,,
"5,07",Montaż ramek elektrycznego z demontażu,Монтаж пластиков розеток и выключателей,"0,0",szt,"7,70 zł","0,00 zł",,,,"7,70 zł",szt,"0,00 zł",,,"0,0",szt,"0,00 zł",,"0,0",0%,"0,0",,,,,,,,,,,,,,,,0,0,0,szt,"0,00 zł","0,00 zł","0,00 zł",,,,"0,00",,,"0,00",,,"0,00",,,"0,00",,,"0,00",,Монтаж пластиков розеток и выключателей,"3,00 zł",szt,"0,0","0,0","0,0",,,61%,"0,00 zł",0 zł,0%,"0,00 zł",0 zł,0%,"0,00 zł",0 zł,0%,,,,,,,,,,,,,,,,,,,,,,,,,,,,,,,,,
"5,08",Montaż maty grzewczej elektrycznej na podłogę,Установка теплого пола,"0,0",m2,"198,00 zł","0,00 zł",считать шлифовку пола,,,"198,00 zł",m2,"0,00 zł",,,"0,0",m2,"0,00 zł",,"0,0",0%,"0,0",,,,,,,,,,,,,,,,,,,m2,"0,00 zł","0,00 zł","0,00 zł",,,,"0,00",,,"0,00",,,"0,00",,,"0,00",,,"0,00",,Установка теплого пола,"165,00 zł",m2,"0,0","0,0","0,0",,,17%,"0,00 zł",0 zł,0%,"0,00 zł",0 zł,0%,"0,00 zł",0 zł,0%,,,,,,,,,,,,,,,,,,,,,,,,,,,,,,,,,
"5,09",Montaż maty grzewczej elektrycznej do ściany,Установка теплой стены,"0,0",m2,"330,00 zł","0,00 zł",считать шлифовку стены,,,"330,00 zł",m2,"0,00 zł",,,"0,0",m2,"0,00 zł",,"0,0",0%,"0,0",,,,,,,,,,,,,,,,,,,m2,"0,00 zł","0,00 zł","0,00 zł",,,,"0,00",,,"0,00",,,"0,00",,,"0,00",,,"0,00",,Установка теплой стены,"150,00 zł",m2,"0,0","0,0","0,0",,,55%,"0,00 zł",0 zł,0%,"0,00 zł",0 zł,0%,"0,00 zł",0 zł,0%,,,,,,,,,,,,,,,,,,,,,,,,,,,,,,,,,
"5,10",Montaż sterownika maty oraz doprowadzenie zasilania,Установка пульта управления теплым полом с подводкой питания,"0,0",kpl,"165,00 zł","0,00 zł",,,,"165,00 zł",kpl,"0,00 zł",,,"0,0",kpl,"0,00 zł",,"0,0",0%,"0,0",,,,,,,,,,,,,,,,,,,kpl,"0,00 zł","0,00 zł","0,00 zł",,,,"0,00",,,"0,00",,,"0,00",,,"0,00",,,"0,00",,Установка пульта управления теплым полом с подводкой питания,"75,00 zł",kpl,"0,0","0,0","0,0",,,55%,"0,00 zł",0 zł,0%,"0,00 zł",0 zł,0%,"0,00 zł",0 zł,0%,,,,,,,,,,,,,,,,,,,,,,,,,,,,,,,,,
"5,11",Likwidacja punktu elektrycznego,"Ликвидация пункта электрики (обрезка кабеля, изоляция, защита изоляционным материалом)","0,0",kpl,"77,00 zł","0,00 zł",,,,"77,00 zł",kpl,"0,00 zł",,,"0,0",kpl,"0,00 zł",,"0,0",0%,"0,0",,,,,,,,,,,,,,,,,,,kpl,"0,00 zł","0,00 zł","0,00 zł",,,,"0,00",,,"0,00",,,"0,00",,,"0,00",,,"0,00",,"Ликвидация пункта электрики (обрезка кабеля, изоляция, защита изоляционным материалом)","28,00 zł",kpl,"0,0","0,0","0,0",,,64%,"0,00 zł",0 zł,0%,"0,00 zł",0 zł,0%,"0,00 zł",0 zł,0%,,,,,,,,,,,,,,,,,,,,,,,,,,,,,,,,,
"5,12",Gniazdo 220v - nowe lub relokacja w ścianie z bloczków lub GK,Перенос или новая розетка 220 В в стене с блочков,"0,0",kpl,"115,50 zł","0,00 zł",,,,"115,50 zł",kpl,"0,00 zł",,,"0,0",kpl,"0,00 zł",,"0,0",0%,"0,0",,,,,,,,,,,,,,,,,,,kpl,"0,00 zł","0,00 zł","0,00 zł",,"Puszka elektryczna, szt","1,00","0,00",,,"0,00",,,"0,00",,,"0,00",,,"0,00",,Перенос или новая розетка 220 В в стене с блочков,"45,00 zł",kpl,"0,0","0,0","0,0",,,61%,"0,00 zł",0 zł,0%,"0,00 zł",0 zł,0%,"0,00 zł",0 zł,0%,,,,,,,,,,,,,,,,,,,,,,,,,,,,,,,,,
"5,13",Gniazdo 220v - nowe lub relokacja w ścianie z żelbetu,Перенос или новая розетка 220 В в стене ж/б,"0,0",kpl,"154,00 zł","0,00 zł",,,,"154,00 zł",kpl,"0,00 zł",,,"0,0",kpl,"0,00 zł",,"0,0",0%,"0,0",,,,,,,,,,,,,,,,,,,kpl,"0,00 zł","0,00 zł","0,00 zł",,"Puszka elektryczna, szt","1,00","0,00",,,"0,00",,,"0,00",,,"0,00",,,"0,00",,Перенос или новая розетка 220 В в стене ж/б,"60,00 zł",kpl,"0,0","0,0","0,0",,,61%,"0,00 zł",0 zł,0%,"0,00 zł",0 zł,0%,"0,00 zł",0 zł,0%,,,,,,,,,,,,,,,,,,,,,,,,,,,,,,,,,
"5,14",Łącznik pojedynczy - nowe lub relokacja w ścianie z bloczków lub GK,Одинарный  переключатель в стене с блочков,"0,0",kpl,"115,50 zł","0,00 zł",,,,"115,50 zł",kpl,"0,00 zł",,,"0,0",kpl,"0,00 zł",,"0,0",0%,"0,0",,,,,,,,,,,,,,,,,,,kpl,"0,00 zł","0,00 zł","0,00 zł",,"Puszka elektryczna, szt","1,00","0,00",,,"0,00",,,"0,00",,,"0,00",,,"0,00",,Одинарный  переключатель в стене с блочков,"45,00 zł",kpl,"0,0","0,0","0,0",,,61%,"0,00 zł",0 zł,0%,"0,00 zł",0 zł,0%,"0,00 zł",0 zł,0%,,,,,,,,,,,,,,,,,,,,,,,,,,,,,,,,,
"5,15",Łącznik pojedynczy - nowe lub relokacja w ścianie z żelbetu,Одинарный  переключательв стене ж/б,"0,0",kpl,"154,00 zł","0,00 zł",,,,"154,00 zł",kpl,"0,00 zł",,,"0,0",kpl,"0,00 zł",,"0,0",0%,"0,0",,,,,,,,,,,,,,,,,,,kpl,"0,00 zł","0,00 zł","0,00 zł",,"Puszka elektryczna, szt","1,00","0,00",,,"0,00",,,"0,00",,,"0,00",,,"0,00",,Одинарный  переключательв стене ж/б,"60,00 zł",kpl,"0,0","0,0","0,0",,,61%,"0,00 zł",0 zł,0%,"0,00 zł",0 zł,0%,"0,00 zł",0 zł,0%,,,,,,,,,,,,,,,,,,,,,,,,,,,,,,,,,
"5,16",Łącznik schodowy lub krzyżowy - nowe lub relokacja,Односторонний или перекрестный переключатель,"0,0",kpl,"115,50 zł","0,00 zł",,,,"115,50 zł",kpl,"0,00 zł",,,"0,0",kpl,"0,00 zł",,"0,0",0%,"0,0",,,,,,,,,,,,,,,,,,,kpl,"0,00 zł","0,00 zł","0,00 zł",,"Puszka elektryczna, szt","1,00","0,00",,,"0,00",,,"0,00",,,"0,00",,,"0,00",,Односторонний или перекрестный переключатель,"45,00 zł",kpl,"0,0","0,0","0,0",,,61%,"0,00 zł",0 zł,0%,"0,00 zł",0 zł,0%,"0,00 zł",0 zł,0%,,,,,,,,,,,,,,,,,,,,,,,,,,,,,,,,,
"5,17",Łącznik Master - nowe lub relokacja,Главный выключатель,"0,0",kpl,"264,00 zł","0,00 zł",,,,"264,00 zł",kpl,"0,00 zł",,,"0,0",kpl,"0,00 zł",,"0,0",0%,"0,0",,,,,,,,,,,,,,,,,,,kpl,"0,00 zł","0,00 zł","0,00 zł",,"Puszka elektryczna, szt","1,00","0,00",,,"0,00",,,"0,00",,,"0,00",,,"0,00",,Главный выключатель,"90,00 zł",kpl,"0,0","0,0","0,0",,,66%,"0,00 zł",0 zł,0%,"0,00 zł",0 zł,0%,"0,00 zł",0 zł,0%,,,,,,,,,,,,,,,,,,,,,,,,,,,,,,,,,
"5,18",Czujnik lub sterownik - nowe lub relokacja,Датчик или контроллер,"0,0",kpl,"165,00 zł","0,00 zł",,,,"165,00 zł",kpl,"0,00 zł",,,"0,0",kpl,"0,00 zł",,"0,0",0%,"0,0",,,,,,,,,,,,,,,,,,,kpl,"0,00 zł","0,00 zł","0,00 zł",,"Puszka elektryczna, szt","1,00","0,00",,,"0,00",,,"0,00",,,"0,00",,,"0,00",,Датчик или контроллер,"60,00 zł",kpl,"0,0","0,0","0,0",,,64%,"0,00 zł",0 zł,0%,"0,00 zł",0 zł,0%,"0,00 zł",0 zł,0%,,,,,,,,,,,,,,,,,,,,,,,,,,,,,,,,,
"5,19",Wypusty - nowe wyprowadzenie lub relokacja kabla zasilającego istniejącego,Перенос или новый вывод кабеля под освещение,"0,0",kpl,"108,90 zł","0,00 zł",,,,"108,90 zł",kpl,"0,00 zł",,,"0,0",kpl,"0,00 zł",,"0,0",0%,"0,0",,,,,,,,,,,,,,,,,,,kpl,"0,00 zł","0,00 zł","0,00 zł",,,,"0,00",,,"0,00",,,"0,00",,,"0,00",,,"0,00",,Перенос или новый вывод кабеля под освещение,"40,00 zł",kpl,"0,0","0,0","0,0",,,63%,"0,00 zł",0 zł,0%,"0,00 zł",0 zł,0%,"0,00 zł",0 zł,0%,,,,,,,,,,,,,,,,,,,,,,,,,,,,,,,,,
"5,20",Gniazdo sieciowe / tv / multimedialne - nowe lub relokacja,Сетевая / телевизионная / мультимедийная розетка от щитка,"0,0",kpl,"385,00 zł","0,00 zł",,,,"385,00 zł",kpl,"0,00 zł",,,"0,0",kpl,"0,00 zł",,"0,0",0%,"0,0",,,,,,,,,,,,,,,,,,,kpl,"0,00 zł","0,00 zł","0,00 zł",,"Puszka elektryczna, szt","1,00","0,00",,,"0,00",,,"0,00",,,"0,00",,,"0,00",,Сетевая / телевизионная / мультимедийная розетка от щитка,"140,00 zł",kpl,"0,0","0,0","0,0",,,64%,"0,00 zł",0 zł,0%,"0,00 zł",0 zł,0%,"0,00 zł",0 zł,0%,,,,,,,,,,,,,,,,,,,,,,,,,,,,,,,,,
"5,21",Gniazdo siłowe do kuchenki - nowe lub relokacja,Розетка для плиты - перенос или новая,"0,0",kpl,"319,00 zł","0,00 zł",,,,"319,00 zł",kpl,"0,00 zł",,,"0,0",kpl,"0,00 zł",,"0,0",0%,"0,0",,,,,,,,,,,,,,,,,,,kpl,"0,00 zł","0,00 zł","0,00 zł",,"Puszka elektryczna, szt","1,00","0,00",,,"0,00",,,"0,00",,,"0,00",,,"0,00",,Розетка для плиты - перенос или новая,"66,15 zł",kpl,"0,0","0,0","0,0",,,79%,"0,00 zł",0 zł,0%,"0,00 zł",0 zł,0%,"0,00 zł",0 zł,0%,,,,,,,,,,,,,,,,,,,,,,,,,,,,,,,,,
"5,22",Bruzdowanie i układanie kabli elektrycznych w tynku,Штробление и прокладка провода в штукатурке,"0,0",szt,"29,70 zł","0,00 zł",,,,"29,70 zł",szt,"0,00 zł",,,"0,0",szt,"0,00 zł",,"0,0",0%,"0,0",,"0,0","0,0","0,0","0,0","0,0","0,0","0,0","0,0","0,0","0,0","0,0","0,0","0,0",,,,,szt,"0,00 zł","0,00 zł","0,00 zł",,,,"0,00",,,"0,00",,,"0,00",,,"0,00",,,"0,00",,Штробление и прокладка провода в штукатурке,"11,00 zł",szt,"0,0","0,0","0,0",,,63%,"0,00 zł",0 zł,0%,"0,00 zł",0 zł,0%,"0,00 zł",0 zł,0%,,,,,,,,,,,,,,,,,,,,,,,,,,,,,,,,,
"5,23",Bruzdowanie i układanie kabli elektrycznych w ścianie z żelbetu,Штробление и прокладка провода в железобетонной стене,"0,0",szt,"38,50 zł","0,00 zł",,,,"38,50 zł",szt,"0,00 zł",,,"0,0",szt,"0,00 zł",,"0,0",0%,"0,0",,,,,,,,,,,,,,,,,,,szt,"0,00 zł","0,00 zł","0,00 zł",,,,"0,00",,,"0,00",,,"0,00",,,"0,00",,,"0,00",,Штробление и прокладка провода в железобетонной стене,"14,00 zł",szt,"0,0","0,0","0,0",,,64%,"0,00 zł",0 zł,0%,"0,00 zł",0 zł,0%,"0,00 zł",0 zł,0%,,,,,,,,,,,,,,,,,,,,,,,,,,,,,,,,,
"5,24",Łatanie po kablach elektrycznych,Заделка швов после прокладки провода (штукатурка + унифлот),"0,0",szt,"38,50 zł","0,00 zł",,,,"38,50 zł",szt,"0,00 zł",,,"0,0",szt,"0,00 zł",,"0,0",0%,"0,0",,"0,0","0,0","0,0","0,0","0,0","0,0","0,0","0,0","0,0","0,0","0,0","0,0","0,0",,,,,szt,"0,00 zł","0,00 zł","0,00 zł",,,,"0,00",,,"0,00",,,"0,00",,,"0,00",,,"0,00",,Заделка швов после прокладки провода (штукатурка + унифлот),"14,00 zł",szt,"0,0","0,0","0,0",,,64%,"0,00 zł",0 zł,0%,"0,00 zł",0 zł,0%,"0,00 zł",0 zł,0%,,,,,,,,,,,,,,,,,,,,,,,,,,,,,,,,,
"5,25",Doprowadzenie zasilania i przygotowanie wypustu do taśmy LED w podstopnicy,Вывод кабеля под LED на ступеньках,"0,0",kpl,"55,00 zł","0,00 zł",,,,"55,00 zł",kpl,"0,00 zł",,,"0,0",kpl,"0,00 zł",,"0,0",0%,"0,0",,,,,,,,,,,,,,,,,,,kpl,"0,00 zł","0,00 zł","0,00 zł",,,,"0,00",,,"0,00",,,"0,00",,,"0,00",,,"0,00",,Вывод кабеля под LED на ступеньках,"20,00 zł",kpl,"0,0","0,0","0,0",,,64%,"0,00 zł",0 zł,0%,"0,00 zł",0 zł,0%,"0,00 zł",0 zł,0%,,,,,,,,,,,,,,,,,,,,,,,,,,,,,,,,,
,,,,,,,,,,,,,,,,,,,,,,,,,,,,,,,,,,,,,,,,,,,,,,,,,,,,,,,,,,,,,,,,,,,,,,,,,,,,,,,,,,,,,,,,,,,,,,,,,,,,,,,,,,,,,,,
6,ELEKTRYKA BIAŁY MONTAŻ,ЭЛЕТКРОМОНТАЖ ЧИСТОВОЙ,,,,"0,00 zł",,,,,,"0,00 zł","0,00 zł",,,,"0,00 zł",,,0%,"0,00 zł",,0 zł,0 zł,0 zł,0 zł,0 zł,0 zł,0 zł,0 zł,0 zł,0 zł,0 zł,0 zł,0 zł,,,,,,"0,00 zł","0,00 zł","0,00 zł",,,,,,,,,,,,,,,,,,ЭЛЕТКРОМОНТАЖ ЧИСТОВОЙ,,,,,,,,,"0,00zł","0,00zł",0%,"0,00zł","0,00zł",0%,"0,00zł","0,00zł",0%,,,,,,,,,,,,,,,,,,,,,,,,,,,,,,,,,
"6,01",Transformator do taśmy led,Трансформатор для LED ленты,"0,0",szt,"82,50 zł","0,00 zł",,,,"82,50 zł",szt,"0,00 zł",,,"0,0",szt,"0,00 zł",,"0,0",0%,"0,0",,,,,,,,,,,,,,,,,,,szt,"0,00 zł","0,00 zł","0,00 zł",,,,"0,00",,,"0,00",,,"0,00",,,"0,00",,,"0,00",,Трансформатор для LED ленты,"30,00 zł",szt,"0,0","0,0","0,0",,,64%,"0,00 zł",0 zł,0%,"0,00 zł",0 zł,0%,"0,00 zł",0 zł,0%,,,,,,,,,,,,,,,,,,,,,,,,,,,,,,,,,
"6,02",Taśma LED,Монтаж LED ленты,"0,0",mb,"41,80 zł","0,00 zł","максимум 5 метров на один вывод, если больше то еще один пункт питания",,,"41,80 zł",mb,"0,00 zł",,,"0,0",mb,"0,00 zł",,"0,0",0%,"0,0",,,,,,,,,,,,,,,,,,,mb,"0,00 zł","0,00 zł","0,00 zł",,,,"0,00",,,"0,00",,,"0,00",,,"0,00",,,"0,00",,Монтаж LED ленты,"15,00 zł",mb,"0,0","0,0","0,0",,,64%,"0,00 zł",0 zł,0%,"0,00 zł",0 zł,0%,"0,00 zł",0 zł,0%,,,,,,,,,,,,,,,,,,,,,,,,,,,,,,,,,
"6,03",Profil podtynkowy do taśmy LED,Врезка профиля для LED ленты,"0,0",mb,"77,00 zł","0,00 zł",,,,"77,00 zł",mb,"0,00 zł",,,"0,0",mb,"0,00 zł",,"0,0",0%,"0,0",,,,,,,,,,,,,,,,,,,mb,"0,00 zł","0,00 zł","0,00 zł",,,,"0,00",,,"0,00",,,"0,00",,,"0,00",,,"0,00",,Врезка профиля для LED ленты,"28,00 zł",mb,"0,0","0,0","0,0",,,64%,"0,00 zł",0 zł,0%,"0,00 zł",0 zł,0%,"0,00 zł",0 zł,0%,,,,,,,,,,,,,,,,,,,,,,,,,,,,,,,,,
"6,04",Wklejenie i lutowanie taśmy LED w podstopnicy w przygotowany profil,Вклейка и пайка LED ленты в ступеньку в готовый профиль,"0,0",szt,"66,00 zł","0,00 zł",,,,"66,00 zł",szt,"0,00 zł",,,"0,0",szt,"0,00 zł",,"0,0",0%,"0,0",,,,,,,,,,,,,,,,,,,szt,"0,00 zł","0,00 zł","0,00 zł",,,,"0,00",,,"0,00",,,"0,00",,,"0,00",,,"0,00",,Вклейка и пайка LED ленты в ступеньку в готовый профиль,"24,00 zł",mb,"0,0","0,0","0,0",,,64%,"0,00 zł",0 zł,0%,"0,00 zł",0 zł,0%,"0,00 zł",0 zł,0%,,,,,,,,,,,,,,,,,,,,,,,,,,,,,,,,,
"6,05",Oprawy sufitowe lub klinkiety jednopunktowe,Потолочные светильники или одноточечные клинкеры,"0,0",szt,"82,50 zł","0,00 zł",,,,"82,50 zł",szt,"0,00 zł",,,"0,0",szt,"0,00 zł",,"0,0",0%,"0,0",,,,,,,,,,,,,,,,0,0,0,szt,"0,00 zł","0,00 zł","0,00 zł",,,,"0,00",,,"0,00",,,"0,00",,,"0,00",,,"0,00",,Потолочные светильники или одноточечные клинкеры,"30,00 zł",szt,"0,0","0,0","0,0",,,64%,"0,00 zł",0 zł,0%,"0,00 zł",0 zł,0%,"0,00 zł",0 zł,0%,,,,,,,,,,,,,,,,,,,,,,,,,,,,,,,,,
"6,06","Oprawy sufitowe złożone, wielopunktowe, od","Люстры /  многоточечные потолочные светильники, от","0,0",szt,"165,00 zł","0,00 zł",,,,"165,00 zł",szt,"0,00 zł",,,"0,0",szt,"0,00 zł",,"0,0",0%,"0,0",,,,,,,,,,,,,,,,,,,szt,"0,00 zł","0,00 zł","0,00 zł",,,,"0,00",,,"0,00",,,"0,00",,,"0,00",,,"0,00",,"Люстры /  многоточечные потолочные светильники, от","40,00 zł",szt,"0,0","0,0","0,0",,,76%,"0,00 zł",0 zł,0%,"0,00 zł",0 zł,0%,"0,00 zł",0 zł,0%,,,,,,,,,,,,,,,,,,,,,,,,,,,,,,,,,
"6,07",Szynoprzewód + 2 reflektory,Трек / Шинопровод + 2 светильника,"0,0",mb,"115,50 zł","0,00 zł",,,,"115,50 zł",mb,"0,00 zł",,,"0,0",mb,"0,00 zł",,"0,0",0%,"0,0",,,,,,,,,,,,,,,,,,,mb,"0,00 zł","0,00 zł","0,00 zł",,,,"0,00",,,"0,00",,,"0,00",,,"0,00",,,"0,00",,Трек / Шинопровод + 2 светильника,"43,00 zł",mb,"0,0","0,0","0,0",,,63%,"0,00 zł",0 zł,0%,"0,00 zł",0 zł,0%,"0,00 zł",0 zł,0%,,,,,,,,,,,,,,,,,,,,,,,,,,,,,,,,,
"6,08","Montaż osprzętu elektrycznego wraz z ramką (gniazda, włączniki, sterowniki)","Монтаж электрофурнитуры с рамкой (розетки, выключатели, элементы управления)","0,0",kpl,"38,50 zł","0,00 zł",zakładanie nowych,,,"38,50 zł",kpl,"0,00 zł",,,"0,0",kpl,"0,00 zł",,"0,0",0%,"0,0",,"0,0","0,0","0,0","0,0","0,0","0,0","0,0","0,0","0,0","0,0","0,0","0,0","0,0",,,,,kpl,"0,00 zł","0,00 zł","0,00 zł",,,,"0,00",,,"0,00",,,"0,00",,,"0,00",,,"0,00",,"Монтаж электрофурнитуры с рамкой (розетки, выключатели, элементы управления)","14,00 zł",kpl,"0,0","0,0","0,0",,,64%,"0,00 zł",0 zł,0%,"0,00 zł",0 zł,0%,"0,00 zł",0 zł,0%,,,,,,,,,,,,,,,,,,,,,,,,,,,,,,,,,
"6,09",Grzejnik Elektryczny,Электрический обогреватель,"0,0",kpl,"165,00 zł","0,00 zł",,,,"165,00 zł",kpl,"0,00 zł",,,"0,0",kpl,"0,00 zł",,"0,0",0%,"0,0",,,,,,,,,,,,,,,,,,,kpl,"0,00 zł","0,00 zł","0,00 zł",,,,"0,00",,,"0,00",,,"0,00",,,"0,00",,,"0,00",,Электрический обогреватель,"60,00 zł",kpl,"0,0","0,0","0,0",,,64%,"0,00 zł",0 zł,0%,"0,00 zł",0 zł,0%,"0,00 zł",0 zł,0%,,,,,,,,,,,,,,,,,,,,,,,,,,,,,,,,,
"6,10",Elektrozawór wodny,Электромагнитный клапан воды,"0,0",kpl,"165,00 zł","0,00 zł",,,,"165,00 zł",kpl,"0,00 zł",,,"0,0",kpl,"0,00 zł",,"0,0",0%,"0,0",,,,,,,,,,,,,,,,,,,kpl,"0,00 zł","0,00 zł","0,00 zł",,,,"0,00",,,"0,00",,,"0,00",,,"0,00",,,"0,00",,Электромагнитный клапан воды,"60,00 zł",kpl,"0,0","0,0","0,0",,,64%,"0,00 zł",0 zł,0%,"0,00 zł",0 zł,0%,"0,00 zł",0 zł,0%,,,,,,,,,,,,,,,,,,,,,,,,,,,,,,,,,
,,,,,,,,,,,,,,,,,,,,,,,,,,,,,,,,,,,,,,,,,,,,,,,,,,,,,,,,,,,,,,,,,,,,,,,,,,,,,,,,,,,,,,,,,,,,,,,,,,,,,,,,,,,,,,,
7,PRACE GLAZURNICZE,ПЛИТКА И НАСТЕННЫЕ ПОКРЫТИЯ,,,,"0,00 zł",,,,,,"0,00 zł","0,00 zł",,,,"0,00 zł",,,0%,"0,00zł",,0 zł,0 zł,0 zł,0 zł,0 zł,0 zł,0 zł,0 zł,0 zł,0 zł,0 zł,0 zł,0 zł,,,,,,"1 469,60zł","3 726,80zł","7 453,60zł",,,,,,,,,,,,,,,,,,ПЛИТКА И НАСТЕННЫЕ ПОКРЫТИЯ,,,,,,,,,"0,00zł","0,00zł",0%,"0,00zł","0,00zł",0%,"0,00zł","0,00zł",0%,,,,,,,,,,,,,,,,,,,,,,,,,,,,,,,,,
"7,01",Hydroizolacja podłogi,Гидроизоляция пола,"0,0",m2,"41,80 zł","0,00 zł",на кухне считаем  автоматом,,,"41,80 zł",m2,"0,00 zł",,,"0,0",m2,"0,00 zł",,"0,0",0%,"0,0",,,,,,,,,,,,,,,,"0,00","0,00","0,00",m2,"0,00 zł","0,00 zł","0,00 zł",,"Folia w płynie, kg","1,50","0,00",,,"0,00",,,"0,00",,,"0,00",,,"0,00",,Гидроизоляция пола,"21,00 zł",m2,"0,0","0,0","0,0",,,50%,"0,00 zł",0 zł,0%,"0,00 zł",0 zł,0%,"0,00 zł",0 zł,0%,,,,,,,,,,,,,,,,,,,,,,,,,,,,,,,,,
"7,02",Hydroizolacja ścian do pełnej wysokości,Гидроизоляция стен,"0,0",m2,"41,80 zł","0,00 zł",,,,"41,80 zł",m2,"0,00 zł",,,"0,0",m2,"0,00 zł",,"0,0",0%,"0,0",,,,,,,,,,,"0,0","0,0","0,0",,,"0,00","0,00","0,00",m2,"0,00 zł","0,00 zł","0,00 zł",,"Folia w płynie, kg","1,50","0,00",,,"0,00",,,"0,00",,,"0,00",,,"0,00",,Гидроизоляция стен,"20,00 zł",m2,"0,0","0,0","0,0",,,52%,"0,00 zł",0 zł,0%,"0,00 zł",0 zł,0%,"0,00 zł",0 zł,0%,,,,,,,,,,,,,,,,,,,,,,,,,,,,,,,,,
"7,03",Gruntowanie gruntem podkładowym pod płytki,Грунтовка под плитку,"0,0",m2,"8,80 zł","0,00 zł",,,,"8,80 zł",m2,"0,00 zł",,,"0,0",m2,"0,00 zł",,"0,0",0%,"0,0",,,,,,,,,,,"0,0","0,0","0,0",,,,,,m2,"0,00 zł","0,00 zł","0,00 zł",,"Grunt CT17, l","0,15","0,00",,,"0,00",,,"0,00",,,"0,00",,,"0,00",,Грунтовка под плитку,"2,00 zł",m2,"0,0","0,0","0,0",,,77%,"0,00 zł",0 zł,0%,"0,00 zł",0 zł,0%,"0,00 zł",0 zł,0%,,,,,,,,,,,,,,,,,,,,,,,,,,,,,,,,,
"7,04","Brodzik prysznicowy - docinka płytek, obsadzenie, obróbka",Душевой поддон - резка и укладка плитки,"0,0",kpl,"275,00 zł","0,00 zł",,,,"275,00 zł",kpl,"0,00 zł",,,"0,0",kpl,"0,00 zł",,"0,0",0%,"0,0",,,,,,,,,,,"0,0","0,0","0,0",,,,,0,kpl,"0,00 zł","0,00 zł","0,00 zł",,,,"0,00",,,"0,00",,,"0,00",,,"0,00",,,"0,00",,Душевой поддон - резка и укладка плитки,"100,00 zł",kpl,"0,0","0,0","0,0",,,64%,"0,00 zł",0 zł,0%,"0,00 zł",0 zł,0%,"0,00 zł",0 zł,0%,,,,,,,,,,,,,,,,,,,,,,,,,,,,,,,,,
"7,05","Odpływ liniowy - docinka płytek, obsadzenie, obróbka",Встроенный слив - резка и укладка плитки,"0,0",kpl,"275,00 zł","0,00 zł",,,,"275,00 zł",kpl,"0,00 zł",,,"0,0",kpl,"0,00 zł",,"0,0",0%,"0,0",,,,,,,,,,,"0,0","0,0","0,0",,,,,0,kpl,"0,00 zł","0,00 zł","0,00 zł",,,,"0,00",,,"0,00",,,"0,00",,,"0,00",,,"0,00",,Встроенный слив - резка и укладка плитки,"100,00 zł",kpl,"0,0","0,0","0,0",,,64%,"0,00 zł",0 zł,0%,"0,00 zł",0 zł,0%,"0,00 zł",0 zł,0%,,,,,,,,,,,,,,,,,,,,,,,,,,,,,,,,,
"7,06",Podłoga - gres format mozaika,Пол - мозаика,"0,0",m2,"352,00 zł","0,00 zł",,,,"352,00 zł",m2,"0,00 zł",,,"0,0",m2,"0,00 zł",,"0,0",0%,"0,0",,,,,,,,,,,,,,,,,,"0,00",m2,"0,00 zł","0,00 zł","0,00 zł",,"Klej H 40, kg","2,50","0,00",,,"0,00",,,"0,00",,,"0,00",,,"0,00",,Пол - мозаика,"125,00 zł",m2,"0,0","0,0","0,0",,,64%,"0,00 zł",0 zł,0%,"0,00 zł",0 zł,0%,"0,00 zł",0 zł,0%,,,,,,,,,,,,,,,,,,,,,,,,,,,,,,,,,
"7,07",Podłoga - gres format mały 6x6 - 25x25,"Пол - мелкий керамогранит 6х6, 25х25","0,0",m2,"286,00 zł","0,00 zł",,,,"286,00 zł",m2,"0,00 zł",,,"0,0",m2,"0,00 zł",,"0,0",0%,"0,0",,,,,,,,,,,,,,,,,,,m2,"0,00 zł","0,00 zł","0,00 zł",,"Klej H 40, kg","3,50","0,00",,,"0,00",,,"0,00",,,"0,00",,,"0,00",,"Пол - мелкий керамогранит 6х6, 25х25","105,00 zł",m2,"0,0","0,0","0,0",,,63%,"0,00 zł",0 zł,0%,"0,00 zł",0 zł,0%,"0,00 zł",0 zł,0%,,,,,,,,,,,,,,,,,,,,,,,,,,,,,,,,,
"7,08",Podłoga - gres format średni 30x30 - 60x60,"Пол - керамогранит, средний формат 30х30, 60х60","0,0",m2,"214,50 zł","0,00 zł",,,,"214,50 zł",m2,"0,00 zł",,,"0,0",m2,"0,00 zł",,"0,0",0%,"0,0",,,,,,,,,,,,,,,,"0,00",,,m2,"0,00 zł","0,00 zł","0,00 zł",,"Klej H 40, kg","5,00","0,00",,,"0,00",,,"0,00",,,"0,00",,,"0,00",,"Пол - керамогранит, средний формат 30х30, 60х60","78,00 zł",m2,"0,0","0,0","0,0",,,64%,"0,00 zł",0 zł,0%,"0,00 zł",0 zł,0%,"0,00 zł",0 zł,0%,,,,,,,,,,,,,,,,,,,,,,,,,,,,,,,,,
"7,09",Podłoga - gres format duży 60x60 - 120x120,"Пол - крупноформатный керамогранит 60x120, 120x120","0,0",m2,"247,50 zł","0,00 zł",,,,"247,50 zł",m2,"0,00 zł",,,"0,0",m2,"0,00 zł",,"0,0",0%,"0,0",,,,,,,,,,,,,,,,,"0,00",,m2,"0,00 zł","0,00 zł","0,00 zł",,"Klej H 40, kg","5,00","0,00",,,"0,00",,,"0,00",,,"0,00",,,"0,00",,"Пол - крупноформатный керамогранит 60x120, 120x120","90,00 zł",m2,"0,0","0,0","0,0",,,64%,"0,00 zł",0 zł,0%,"0,00 zł",0 zł,0%,"0,00 zł",0 zł,0%,,,,,,,,,,,,,,,,,,,,,,,,,,,,,,,,,
"7,10",Podłoga - gres format bardzo duży 120x240 - 100x300,"Пол - керамогранит очень большого формата 120x240, 100x300","0,0",m2,"528,00 zł","0,00 zł",,,,"528,00 zł",m2,"0,00 zł",,,"0,0",m2,"0,00 zł",,"0,0",0%,"0,0",,,,,,,,,,,,,,,,,,,m2,"0,00 zł","0,00 zł","0,00 zł",,"Klej H 40, kg","5,00","0,00",,,"0,00",,,"0,00",,,"0,00",,,"0,00",,"Пол - керамогранит очень большого формата 120x240, 100x300","190,00 zł",m2,"0,0","0,0","0,0",,,64%,"0,00 zł",0 zł,0%,"0,00 zł",0 zł,0%,"0,00 zł",0 zł,0%,,,,,,,,,,,,,,,,,,,,,,,,,,,,,,,,,
"7,11",Ściany - glazura format mozaika,Стены - мозаика,"0,0",m2,"352,00 zł","0,00 zł",,,,"352,00 zł",m2,"0,00 zł",,,"0,0",m2,"0,00 zł",,"0,0",0%,"0,0",,,,,,,,,,,"0,0","0,0","0,0",,,,,,m2,"0,00 zł","0,00 zł","0,00 zł",,"Klej H 40, kg","2,50","0,00",,,"0,00",,,"0,00",,,"0,00",,,"0,00",,Стены - мозаика,"125,00 zł",m2,"0,0","0,0","0,0",,,64%,"0,00 zł",0 zł,0%,"0,00 zł",0 zł,0%,"0,00 zł",0 zł,0%,,,,,,,,,,,,,,,,,,,,,,,,,,,,,,,,,
"7,12",Ściany - glazura format mały 6x6 - 25x25,"Стены - мелкая плитка 6х6, 25х25","0,0",m2,"286,00 zł","0,00 zł",,,,"286,00 zł",m2,"0,00 zł",,,"0,0",m2,"0,00 zł",,"0,0",0%,"0,0",,,,,,,,,,,"0,0","0,0","0,0",,,,,,m2,"0,00 zł","0,00 zł","0,00 zł",,"Klej H 40, kg","3,50","0,00",,,"0,00",,,"0,00",,,"0,00",,,"0,00",,"Стены - мелкая плитка 6х6, 25х25","105,00 zł",m2,"0,0","0,0","0,0",,,63%,"0,00 zł",0 zł,0%,"0,00 zł",0 zł,0%,"0,00 zł",0 zł,0%,,,,,,,,,,,,,,,,,,,,,,,,,,,,,,,,,
"7,13",Ściany - glazura format średni 30x30 - 60x60,"Стены - плитка, средний формат 30x30, 60x60","0,0",m2,"214,50 zł","0,00 zł",,,,"214,50 zł",m2,"0,00 zł",,,"0,0",m2,"0,00 zł",,"0,0",0%,"0,0",,,,,,,,,,,"0,0","0,0","0,0",,,"0,00",,,m2,"0,00 zł","0,00 zł","0,00 zł",,"Klej H 40, kg","5,00","0,00",,,"0,00",,,"0,00",,,"0,00",,,"0,00",,"Стены - плитка, средний формат 30x30, 60x60","78,00 zł",m2,"0,0","0,0","0,0",,,64%,"0,00 zł",0 zł,0%,"0,00 zł",0 zł,0%,"0,00 zł",0 zł,0%,,,,,,,,,,,,,,,,,,,,,,,,,,,,,,,,,
"7,14",Ściany - glazura format duży 60x60 - 120x120,"Стены - крупноформатная плитка 60x120, 120x120","0,0",m2,"247,50 zł","0,00 zł",,,,"247,50 zł",m2,"0,00 zł",,,"0,0",m2,"0,00 zł",,"0,0",0%,"0,0",,,,,,,,,,,"0,0","0,0","0,0",,,,"0,00","0,00",m2,"0,00 zł","0,00 zł","0,00 zł",,"Klej H 40, kg","5,00","0,00",,,"0,00",,,"0,00",,,"0,00",,,"0,00",,"Стены - крупноформатная плитка 60x120, 120x120","90,00 zł",m2,"0,0","0,0","0,0",,,64%,"0,00 zł",0 zł,0%,"0,00 zł",0 zł,0%,"0,00 zł",0 zł,0%,,,,,,,,,,,,,,,,,,,,,,,,,,,,,,,,,
"7,15",Ściany - glazura format bardzo duży 120x240 - 100x300,"Стены - плитка очень большого формата, например, 120x240, 100x300","0,0",m2,"528,00 zł","0,00 zł",,,,"528,00 zł",m2,"0,00 zł",,,"0,0",m2,"0,00 zł",,"0,0",0%,"0,0",,,,,,,,,,,"0,0","0,0","0,0",,,,,,m2,"0,00 zł","0,00 zł","0,00 zł",,"Klej H 40, kg","5,00","0,00",,,"0,00",,,"0,00",,,"0,00",,,"0,00",,"Стены - плитка очень большого формата, например, 120x240, 100x300","190,00 zł",m2,"0,0","0,0","0,0",,,64%,"0,00 zł",0 zł,0%,"0,00 zł",0 zł,0%,"0,00 zł",0 zł,0%,,,,,,,,,,,,,,,,,,,,,,,,,,,,,,,,,
"7,16",Wąskie pasy płytek (szer. <1m) format do 25cm,"Плитка по мп. (плинтус, полка, углубление) мелкий формат до 25cm","0,0",mb,"242,00 zł","0,00 zł",,,,"242,00 zł",mb,"0,00 zł",,,"0,0",mb,"0,00 zł",,"0,0",0%,"0,0",,,,,,,,,,,,,,,,,,,mb,"0,00 zł","0,00 zł","0,00 zł",,"Klej H 40, kg","3,50","0,00",,,"0,00",,,"0,00",,,"0,00",,,"0,00",,"Плитка по мп. (плинтус, полка, углубление) мелкий формат до 25cm","85,00 zł",mb,"0,0","0,0","0,0",,,65%,"0,00 zł",0 zł,0%,"0,00 zł",0 zł,0%,"0,00 zł",0 zł,0%,,,,,,,,,,,,,,,,,,,,,,,,,,,,,,,,,
"7,17",Wąskie pasy płytek (szer. <1m) format 30 - 90cm,Плитка по мп. ср. формат 30-90cm,"0,0",mb,"214,50 zł","0,00 zł",,,,"214,50 zł",mb,"0,00 zł",,,"0,0",mb,"0,00 zł",,"0,0",0%,"0,0",,,,,,,,,,,,,,,,4,,,mb,"858,00 zł","0,00 zł","0,00 zł",,"Klej H 40, kg","5,00","0,00",,,"0,00",,,"0,00",,,"0,00",,,"0,00",,Плитка по мп. ср. формат 30-90cm,"78,00 zł",mb,"0,0","0,0","0,0",,,64%,"0,00 zł",0 zł,0%,"0,00 zł",0 zł,0%,"0,00 zł",0 zł,0%,,,,,,,,,,,,,,,,,,,,,,,,,,,,,,,,,
"7,18",Wąskie pasy płytek (szer. <1m) format >90,Плитка по мп. крупн. формат >90,"0,0",mb,"247,50 zł","0,00 zł",,,,"247,50 zł",mb,"0,00 zł",,,"0,0",mb,"0,00 zł",,"0,0",0%,"0,0",,,,,,,,,,,,,,,,,8,16,mb,"0,00 zł","1 980,00 zł","3 960,00 zł",,"Klej H 40, kg","5,00","0,00",,,"0,00",,,"0,00",,,"0,00",,,"0,00",,Плитка по мп. крупн. формат >90,"90,00 zł",mb,"0,0","0,0","0,0",,,64%,"0,00 zł",0 zł,0%,"0,00 zł",0 zł,0%,"0,00 zł",0 zł,0%,,,,,,,,,,,,,,,,,,,,,,,,,,,,,,,,,
"7,19",Fugowanie płytek - format >30 cm (spoina cementowa),Затирка швов для плитки - формат от 30х30 (цементный шов) ,"0,0",m2,"22,00 zł","0,00 zł",,,,"22,00 zł",m2,"0,00 zł",,,"0,0",m2,"0,00 zł",,"0,0",0%,"0,0",,"0,0","0,0","0,0","0,0","0,0","0,0","0,0","0,0","0,0","0,0","0,0","0,0",,,4,8,"16,00",m2,"88,00 zł","176,00 zł","352,00 zł",,,,"0,00",,,"0,00",,,"0,00",,,"0,00",,,"0,00",,Затирка швов для плитки - формат от 30х30 (цементный шов) ,"8,00 zł",m2,"0,0","0,0","0,0",,,64%,"0,00 zł",0 zł,0%,"0,00 zł",0 zł,0%,"0,00 zł",0 zł,0%,,,,,,,,,,,,,,,,,,,,,,,,,,,,,,,,,
"7,20",Fugowanie płytek - format >30 cm (spoina epoksydowa),Затирка швов для плитки - формат от 30х30 (эпоксидный шов),"0,0",m2,"38,50 zł","0,00 zł",,,,"38,50 zł",m2,"0,00 zł",,,"0,0",m2,"0,00 zł",,"0,0",0%,"0,0",,,,,,,,,,,,,,,,,,,m2,"0,00 zł","0,00 zł","0,00 zł",,,,"0,00",,,"0,00",,,"0,00",,,"0,00",,,"0,00",,Затирка швов для плитки - формат от 30х30 (эпоксидный шов),"15,00 zł",m2,"0,0","0,0","0,0",,,61%,"0,00 zł",0 zł,0%,"0,00 zł",0 zł,0%,"0,00 zł",0 zł,0%,,,,,,,,,,,,,,,,,,,,,,,,,,,,,,,,,
"7,21",Fugowanie płytek - format <30 cm (spoina cementowa),Затирка швов для плитки - формат до 30х30 (цементный шов),"0,0",m2,"27,50 zł","0,00 zł",,,,"27,50 zł",m2,"0,00 zł",,,"0,0",m2,"0,00 zł",,"0,0",0%,"0,0",,"0,0","0,0","0,0","0,0","0,0","0,0","0,0","0,0","0,0","0,0","0,0","0,0",,,,,,m2,"0,00 zł","0,00 zł","0,00 zł",,,,"0,00",,,"0,00",,,"0,00",,,"0,00",,,"0,00",,Затирка швов для плитки - формат до 30х30 (цементный шов),"10,00 zł",m2,"0,0","0,0","0,0",,,64%,"0,00 zł",0 zł,0%,"0,00 zł",0 zł,0%,"0,00 zł",0 zł,0%,,,,,,,,,,,,,,,,,,,,,,,,,,,,,,,,,
"7,22",Fugowanie płytek - format <30 cm (spoina epoksydowa),Затирка швов для плитки - формат до 30х30 (эпоксидный шов),"0,0",m2,"49,50 zł","0,00 zł",,,,"49,50 zł",m2,"0,00 zł",,,"0,0",m2,"0,00 zł",,"0,0",0%,"0,0",,"0,0","0,0","0,0","0,0","0,0","0,0","0,0","0,0","0,0","0,0","0,0","0,0",,,,,,m2,"0,00 zł","0,00 zł","0,00 zł",,,,"0,00",,,"0,00",,,"0,00",,,"0,00",,,"0,00",,Затирка швов для плитки - формат до 30х30 (эпоксидный шов),"19,00 zł",m2,"0,0","0,0","0,0",,,62%,"0,00 zł",0 zł,0%,"0,00 zł",0 zł,0%,"0,00 zł",0 zł,0%,,,,,,,,,,,,,,,,,,,,,,,,,,,,,,,,,
"7,23", Fugowanie narożników fugą epoksydową,Затирка наружных углов эпоксидной затиркой,"0,0",mb,"40,00 zł","0,00 zł",,,,"40,00 zł",mb,"0,00 zł",,,"0,0",mb,"0,00 zł",,"0,0",0%,"0,0",,"0,0","0,0","0,0","0,0","0,0","0,0","0,0","0,0","0,0","0,0","0,0","0,0",,,,,,mb,"0,00 zł","0,00 zł","0,00 zł",,,,"0,00",,,"0,00",,,"0,00",,,"0,00",,,"0,00",,Затирка наружных углов эпоксидной затиркой,"15,00 zł",mb,"0,0","0,0","0,0",,,63%,"0,00 zł",0 zł,0%,"0,00 zł",0 zł,0%,"0,00 zł",0 zł,0%,,,,,,,,,,,,,,,,,,,,,,,,,,,,,,,,,
"7,24",Szlifowanie płytek na 45st. w narożnikach format >30 cm,Шлифовка плитки под 45° формат до 30,"0,0",mb,"163,50 zł","0,00 zł",,,,"163,50 zł",mb,"0,00 zł",,,"0,0",mb,"0,00 zł",,"0,0",0%,"0,0",,,,,,,,,,,,,,,,,,,mb,"0,00 zł","0,00 zł","0,00 zł",,,,"0,00",,,"0,00",,,"0,00",,,"0,00",,,"0,00",,Шлифовка плитки под 45° формат до 30,"68,00 zł",mb,"0,0","0,0","0,0",,,58%,"0,00 zł",0 zł,0%,"0,00 zł",0 zł,0%,"0,00 zł",0 zł,0%,,,,,,,,,,,,,,,,,,,,,,,,,,,,,,,,,
"7,25",Szlifowanie płytek na 45st. w narożnikach,Шлифовка плитки под 45° формат от 30,"0,0",mb,"130,90 zł","0,00 zł",,,,"130,90 zł",mb,"0,00 zł",,,"0,0",mb,"0,00 zł",,"0,0",0%,"0,0",,,,,,,,,,,,,,,,4,8,16,mb,"523,60 zł","1 047,20 zł","2 094,40 zł",,,,"0,00",,,"0,00",,,"0,00",,,"0,00",,,"0,00",,Шлифовка плитки под 45° формат от 30,"55,00 zł",mb,"0,0","0,0","0,0",,,58%,"0,00 zł",0 zł,0%,"0,00 zł",0 zł,0%,"0,00 zł",0 zł,0%,,,,,,,,,,,,,,,,,,,,,,,,,,,,,,,,,
"7,26",Odcięcie i szlifowanie (zakończenie jak fabryczne) przy łączeniach płytka-płytka,Фабричный рез,"0,0",mb,"130,90 zł","0,00 zł",do ustaleniu na etapie realizacji,,,"130,90 zł",mb,"0,00 zł",,,"0,0",mb,"0,00 zł",,"0,0",0%,"0,0",,,,,,,,,,,,,,,,,4,8,mb,"0,00 zł","523,60 zł","1 047,20 zł",,,,"0,00",,,"0,00",,,"0,00",,,"0,00",,,"0,00",,Фабричный рез,"55,00 zł",mb,"0,0","0,0","0,0",,,58%,"0,00 zł",0 zł,0%,"0,00 zł",0 zł,0%,"0,00 zł",0 zł,0%,,,,,,,,,,,,,,,,,,,,,,,,,,,,,,,,,
"7,27",Otworowanie w płytkach śr. powyżej 15mm,Сверление отверстия в плитках диаметром свыше 15 мм,"0,0",kpl,"55,00 zł","0,00 zł",,,,"55,00 zł",kpl,"0,00 zł",,,"0,0",kpl,"0,00 zł",,"0,0",0%,"0,0",,,,,,,,,,,,,,,,0,0,0,kpl,"0,00 zł","0,00 zł","0,00 zł",,,,"0,00",,,"0,00",,,"0,00",,,"0,00",,,"0,00",,Сверление отверстия в плитках диаметром свыше 15 мм,"20,00 zł",kpl,"0,0","0,0","0,0",,,64%,"0,00 zł",0 zł,0%,"0,00 zł",0 zł,0%,"0,00 zł",0 zł,0%,,,,,,,,,,,,,,,,,,,,,,,,,,,,,,,,,
"7,28",Silikonowanie narożników,Нанесение силикона,"0,0",mb,"22,00 zł","0,00 zł",,,,"22,00 zł",mb,"0,00 zł",,,"0,0",mb,"0,00 zł",,"0,0",0%,"0,0",,,,,,,,,,,"0,0","0,0","0,0",,,"0,00","0,00","0,00",mb,"0,00 zł","0,00 zł","0,00 zł",,,,"0,00",,,"0,00",,,"0,00",,,"0,00",,,"0,00",,Нанесение силикона,"8,00 zł",mb,"0,0","0,0","0,0",,,64%,"0,00 zł",0 zł,0%,"0,00 zł",0 zł,0%,"0,00 zł",0 zł,0%,,,,,,,,,,,,,,,,,,,,,,,,,,,,,,,,,
,,,,,,,,,,,,,,,,,,,,,,,,,,,,,,,,,,,,,,,,,,,,,,,,,,,,,,,,,,,,,,,,,,,,,,,,,,,,,,,,,,,,,,,,,,,,,,,,,,,,,,,,,,,,,,,
8,"GŁADZIE, PRZYGOTOWANIE PODŁOŻA",ШПАКЛЕВКА,,,,"0,00 zł",,,,,,"0,00 zł","0,00 zł",,,,"0,00 zł",,,0%,"0,00 zł",,0 zł,0 zł,0 zł,0 zł,0 zł,0 zł,0 zł,0 zł,0 zł,0 zł,0 zł,0 zł,0 zł,,,,,,"0,00 zł","0,00 zł","0,00 zł",,,,,,,,,,,,,,,,,,ШПАКЛЕВКА,,,,,,,,,"0,00zł","0,00zł",0%,"0,00zł","0,00zł",0%,"0,00zł","0,00zł",0%,,,,,,,,,,,,,,,,,,,,,,,,,,,,,,,,,
"8,01",Gruntowanie gruntem podkładowym x2 - glify okienne lub wnęki,Грунтовка потолков - откосы,"0,0",mb,"17,60 zł","0,00 zł",,,,"17,60 zł",mb,"0,00 zł",,,"0,0",mb,"0,00 zł",,"0,0",0%,"0,0",,"0,0","0,0","0,0","0,0","0,0","0,0","0,0","0,0","0,0","0,0","0,0","0,0","0,0",,"0,00","0,00","0,00",mb,"0,00 zł","0,00 zł","0,00 zł",,"Grunt CT17, l","0,15","0,00",,,"0,00",,,"0,00",,,"0,00",,,"0,00",,Грунтовка потолков - откосы,"4,00 zł",mb,"0,0","0,0","0,0",считать 2 раза,,77%,"0,00 zł",0 zł,0%,"0,00 zł",0 zł,0%,"0,00 zł",0 zł,0%,,,,,,,,,,,,,,,,,,,,,,,,,,,,,,,,,
"8,02",Gruntowanie gruntem podkładowym x2 - sufity,Грунтовка потолков,"0,0",m2,"17,60 zł","0,00 zł",,,,"17,60 zł",m2,"0,00 zł",,,"0,0",m2,"0,00 zł",,"0,0",0%,"0,0",,,,,,,,,,,,,,,,"0,00","0,00","0,00",m2,"0,00 zł","0,00 zł","0,00 zł",,"Grunt CT17, l","0,15","0,00",,,"0,00",,,"0,00",,,"0,00",,,"0,00",,Грунтовка потолков,"4,50 zł",m2,"0,0","0,0","0,0",считать 2 раза,,74%,"0,00 zł",0 zł,0%,"0,00 zł",0 zł,0%,"0,00 zł",0 zł,0%,,,,,,,,,,,,,,,,,,,,,,,,,,,,,,,,,
"8,03",Gruntowanie gruntem podkładowym x2 - ściany,Грунтовка стен,"0,0",m2,"17,60 zł","0,00 zł",,,,"17,60 zł",m2,"0,00 zł",,,"0,0",m2,"0,00 zł",,"0,0",0%,"0,0",,"0,0","0,0","0,0","0,0","0,0","0,0","0,0","0,0","0,0","0,0","0,0","0,0","0,0",,"0,00","0,00","0,00",m2,"0,00 zł","0,00 zł","0,00 zł",,"Grunt CT17, l","0,15","0,00",,,"0,00",,,"0,00",,,"0,00",,,"0,00",,Грунтовка стен,"4,00 zł",m2,"0,0","0,0","0,0",считать 2 раза,,77%,"0,00 zł",0 zł,0%,"0,00 zł",0 zł,0%,"0,00 zł",0 zł,0%,,,,,,,,,,,,,,,,,,,,,,,,,,,,,,,,,
"8,04",Szlifowanie tynku - glify okienne lub wnęki,Шлифовка штукатурки - Откосы,"0,0",mb,"11,00 zł","0,00 zł",,,,"11,00 zł",mb,"0,00 zł",,,"0,0",mb,"0,00 zł",,"0,0",0%,"0,0",,"0,0","0,0","0,0","0,0","0,0","0,0","0,0","0,0","0,0","0,0","0,0","0,0","0,0",,,,,mb,"0,00 zł","0,00 zł","0,00 zł",,"Gładź start, kg","1,00","0,00","Gładź finish, kg","0,40","0,00",,,"0,00",,,"0,00",,,"0,00",,Шлифовка штукатурки - Откосы,"4,00 zł",mb,"0,0","0,0","0,0",,,64%,"0,00 zł",0 zł,0%,"0,00 zł",0 zł,0%,"0,00 zł",0 zł,0%,,,,,,,,,,,,,,,,,,,,,,,,,,,,,,,,,
"8,05",Szlifowanie tynku - sufit,Шлифовка штукатурки - Потолок,"0,0",m2,"11,00 zł","0,00 zł",,,,"11,00 zł",m2,"0,00 zł",,,"0,0",m2,"0,00 zł",,"0,0",0%,"0,0",,,,,,,,,,,,,,,,,,,m2,"0,00 zł","0,00 zł","0,00 zł",,"Gładź start, kg","1,00","0,00","Gładź finish, kg","0,40","0,00",,,"0,00",,,"0,00",,,"0,00",,Шлифовка штукатурки - Потолок,"4,00 zł",m2,"0,0","0,0","0,0",,,64%,"0,00 zł",0 zł,0%,"0,00 zł",0 zł,0%,"0,00 zł",0 zł,0%,,,,,,,,,,,,,,,,,,,,,,,,,,,,,,,,,
"8,06",Szlifowanie tynku - ściany,Шлифовка штукатурки - Стены,"0,0",m2,"11,00 zł","0,00 zł",,,,"11,00 zł",m2,"0,00 zł",,,"0,0",m2,"0,00 zł",,"0,0",0%,"0,0",,"0,0","0,0","0,0","0,0","0,0","0,0","0,0","0,0","0,0","0,0","0,0","0,0","0,0",,,,,m2,"0,00 zł","0,00 zł","0,00 zł",,"Gładź start, kg","1,00","0,00","Gładź finish, kg","0,40","0,00",,,"0,00",,,"0,00",,,"0,00",,Шлифовка штукатурки - Стены,"4,00 zł",m2,"0,0","0,0","0,0",,,64%,"0,00 zł",0 zł,0%,"0,00 zł",0 zł,0%,"0,00 zł",0 zł,0%,,,,,,,,,,,,,,,,,,,,,,,,,,,,,,,,,
"8,07",Gładzie x1 - glify okienne lub wnęki,Шпатлевка х1 - Откосы,"0,0",mb,"34,10 zł","0,00 zł",,,,"34,10 zł",mb,"0,00 zł",,,"0,0",mb,"0,00 zł",,"0,0",0%,"0,0",,"0,0","0,0","0,0","0,0","0,0","0,0","0,0","0,0","0,0","0,0","0,0","0,0","0,0",,,,,mb,"0,00 zł","0,00 zł","0,00 zł",,"Gładź start, kg","1,00","0,00","Gładź finish, kg","0,40","0,00",,,"0,00",,,"0,00",,,"0,00",,Шпатлевка х1 - Откосы,"12,00 zł",mb,"0,0","0,0","0,0",,,65%,"0,00 zł",0 zł,0%,"0,00 zł",0 zł,0%,"0,00 zł",0 zł,0%,,,,,,,,,,,,,,,,,,,,,,,,,,,,,,,,,
"8,08",Gładzie x1 - sufit,Шпатлевка х1 - Потолок,"0,0",m2,"35,75 zł","0,00 zł",,,,"35,75 zł",m2,"0,00 zł",,,"0,0",m2,"0,00 zł",,"0,0",0%,"0,0",,,,,,,,,,,,,,,,,,,m2,"0,00 zł","0,00 zł","0,00 zł",,"Gładź start, kg","1,00","0,00","Gładź finish, kg","0,40","0,00",,,"0,00",,,"0,00",,,"0,00",,Шпатлевка х1 - Потолок,"13,00 zł",m2,"0,0","0,0","0,0",,,64%,"0,00 zł",0 zł,0%,"0,00 zł",0 zł,0%,"0,00 zł",0 zł,0%,,,,,,,,,,,,,,,,,,,,,,,,,,,,,,,,,
"8,09",Gładzie x1 - ściany,Шпатлевка х1 - Стены,"0,0",m2,"34,10 zł","0,00 zł",,,,"34,10 zł",m2,"0,00 zł",,,"0,0",m2,"0,00 zł",,"0,0",0%,"0,0",,"0,0","0,0","0,0","0,0","0,0","0,0","0,0","0,0","0,0","0,0","0,0","0,0","0,0",,,,,m2,"0,00 zł","0,00 zł","0,00 zł",,"Gładź start, kg","1,00","0,00","Gładź finish, kg","0,40","0,00",,,"0,00",,,"0,00",,,"0,00",,Шпатлевка х1 - Стены,"12,00 zł",m2,"0,0","0,0","0,0",,,65%,"0,00 zł",0 zł,0%,"0,00 zł",0 zł,0%,"0,00 zł",0 zł,0%,,,,,,,,,,,,,,,,,,,,,,,,,,,,,,,,,
"8,10",Gładzie x2 - glify okienne lub wnęki (odp. Q3),Шпатлевка х2 - Откосы (Q3),"0,0",mb,"68,20 zł","0,00 zł",,,,"68,20 zł",mb,"0,00 zł",,,"0,0",mb,"0,00 zł",,"0,0",0%,"0,0",,"0,0","0,0","0,0","0,0","0,0","0,0","0,0","0,0","0,0","0,0","0,0","0,0","0,0",,,,,mb,"0,00 zł","0,00 zł","0,00 zł",,"Gładź start, kg","1,00","0,00","Gładź finish, kg","0,40","0,00",,,"0,00",,,"0,00",,,"0,00",,Шпатлевка х2 - Откосы (Q3),"25,00 zł",mb,"0,0","0,0","0,0",,,63%,"0,00 zł",0 zł,0%,"0,00 zł",0 zł,0%,"0,00 zł",0 zł,0%,,,,,,,,,,,,,,,,,,,,,,,,,,,,,,,,,
"8,11",Gładzie x2 - sufit (odp. Q3),Шпатлевка х2 - Потолок (Q3),"0,0",m2,"71,20 zł","0,00 zł",,,,"71,20 zł",m2,"0,00 zł",,,"0,0",m2,"0,00 zł",,"0,0",0%,"0,0",,,,,,,,,,,,,,,,,,,m2,"0,00 zł","0,00 zł","0,00 zł",,"Gładź start, kg","1,30","0,00","Gładź finish, kg","0,70","0,00",,,"0,00",,,"0,00",,,"0,00",,Шпатлевка х2 - Потолок (Q3),"27,00 zł",m2,"0,0","0,0","0,0",,,62%,"0,00 zł",0 zł,0%,"0,00 zł",0 zł,0%,"0,00 zł",0 zł,0%,,,,,,,,,,,,,,,,,,,,,,,,,,,,,,,,,
"8,12",Gładzie x2 - ściany (odp. Q3),Шпатлевка х2 - Стены (Q3),"0,0",m2,"68,20 zł","0,00 zł",,,,"68,20 zł",m2,"0,00 zł",,,"0,0",m2,"0,00 zł",,"0,0",0%,"0,0",,"0,0","0,0","0,0","0,0","0,0","0,0","0,0","0,0","0,0","0,0","0,0","0,0","0,0",,,,,m2,"0,00 zł","0,00 zł","0,00 zł",,"Gładź start, kg","1,30","0,00","Gładź finish, kg","0,70","0,00",,,"0,00",,,"0,00",,,"0,00",,Шпатлевка х2 - Стены (Q3),"25,00 zł",m2,"0,0","0,0","0,0",,,63%,"0,00 zł",0 zł,0%,"0,00 zł",0 zł,0%,"0,00 zł",0 zł,0%,,,,,,,,,,,,,,,,,,,,,,,,,,,,,,,,,
"8,13",Gładzie x3+ - glify okienne lub wnęki (odp. Q4),Шпатлевка х3 - Откосы (Q4),"0,0",mb,"115,50 zł","0,00 zł",,,,"115,50 zł",mb,"0,00 zł",,,"0,0",mb,"0,00 zł",,"0,0",0%,"0,0",,"0,0","0,0","0,0","0,0","0,0","0,0","0,0","0,0","0,0","0,0","0,0","0,0","0,0",,,,,mb,"0,00 zł","0,00 zł","0,00 zł",,"Gładź start, kg","1,00","0,00","Gładź finish, kg","0,40","0,00",,,"0,00",,,"0,00",,,"0,00",,Шпатлевка х3 - Откосы (Q4),"42,00 zł",mb,"0,0","0,0","0,0",,,64%,"0,00 zł",0 zł,0%,"0,00 zł",0 zł,0%,"0,00 zł",0 zł,0%,,,,,,,,,,,,,,,,,,,,,,,,,,,,,,,,,
"8,14",Gładzie x3+ - sufit (odp. Q4),Шпатлевка х3 - Потолок (Q4),"0,0",m2,"121,00 zł","0,00 zł",,,,"121,00 zł",m2,"0,00 zł",,,"0,0",m2,"0,00 zł",,"0,0",0%,"0,0",,,,,,,,,,,,,,,,,,,m2,"0,00 zł","0,00 zł","0,00 zł",,"Gładź start, kg","1,30","0,00","Gładź finish, kg","0,70","0,00",,,"0,00",,,"0,00",,,"0,00",,Шпатлевка х3 - Потолок (Q4),"44,00 zł",m2,"0,0","0,0","0,0",,,64%,"0,00 zł",0 zł,0%,"0,00 zł",0 zł,0%,"0,00 zł",0 zł,0%,,,,,,,,,,,,,,,,,,,,,,,,,,,,,,,,,
"8,15",Gładzie x3+ - ściany (odp. Q4),Шпатлевка х3 - Стены (Q4),"0,0",m2,"115,50 zł","0,00 zł",,,,"115,50 zł",m2,"0,00 zł",,,"0,0",m2,"0,00 zł",,"0,0",0%,"0,0",,"0,0","0,0","0,0","0,0","0,0","0,0","0,0","0,0","0,0","0,0","0,0","0,0","0,0",,,,,m2,"0,00 zł","0,00 zł","0,00 zł",,"Gładź start, kg","1,30","0,00","Gładź finish, kg","0,70","0,00",,,"0,00",,,"0,00",,,"0,00",,Шпатлевка х3 - Стены (Q4),"42,00 zł",m2,"0,0","0,0","0,0",,,64%,"0,00 zł",0 zł,0%,"0,00 zł",0 zł,0%,"0,00 zł",0 zł,0%,,,,,,,,,,,,,,,,,,,,,,,,,,,,,,,,,
"8,16",Szpachlowanie po kablach elektrycznych,Шпатлевка после прокладки провода,"0,0",szt,"68,20 zł","0,00 zł",,,,"68,20 zł",szt,"0,00 zł",,,"0,0",szt,"0,00 zł",,"0,0",0%,"0,0",,,,,,,,,,,,,,,,,,,szt,"0,00 zł","0,00 zł","0,00 zł",,,,"0,00",,,"0,00",,,"0,00",,,"0,00",,,"0,00",,Шпатлевка после прокладки провода,"25,00 zł",szt,"0,0","0,0","0,0",,,63%,"0,00 zł",0 zł,0%,"0,00 zł",0 zł,0%,"0,00 zł",0 zł,0%,,,,,,,,,,,,,,,,,,,,,,,,,,,,,,,,,
,,,,,,,,,,,,,,,,,,,,,,,,,,,,,,,,,,,,,,,,,,,,,,,,,,,,,,,,,,,,,,,,,,,,,,,,,,,,,,,,,,,,,,,,,,,,,,,,,,,,,,,,,,,,,,,
9,"PRACE MALARSKIE, SZTUKATERIA, DEKOR",МАЛЯРНЫЕ РАБОТЫ,,,,"0,00 zł",,,,,,"0,00 zł","0,00 zł",,,,"0,00 zł",,,0%,"0,00 zł",,0 zł,0 zł,0 zł,0 zł,0 zł,0 zł,0 zł,0 zł,0 zł,0 zł,0 zł,0 zł,0 zł,,,,,,"0,00 zł","2 200,00 zł","4 400,00 zł",,,,,,,,,,,,,,,,,,МАЛЯРНЫЕ РАБОТЫ,,,,,,,,,"0,00zł","0,00zł",0%,"0,00zł","0,00zł",0%,"0,00zł","0,00zł",0%,,,,,,,,,,,,,,,,,,,,,,,,,,,,,,,,,
"9,01",Prace malarskie na wysokości. Zastosowanie rusztowań,Малярные работы на высоте. Использование лесов,"0,0",szt,"825,00 zł","0,00 zł",,,,"825,00 zł",szt,"0,00 zł",,,"0,0",szt,"0,00 zł",,"0,0",0%,"0,0",,,,,,,,,,,,,,,,,,,szt,"0,00 zł","0,00 zł","0,00 zł",,,,"0,00",,,"0,00",,,"0,00",,,"0,00",,,"0,00",,Малярные работы на высоте. Использование лесов,"300,00 zł",szt,"0,0","0,0","0,0",,,64%,"0,00 zł",0 zł,0%,"0,00 zł",0 zł,0%,"0,00 zł",0 zł,0%,,,,,,,,,,,,,,,,,,,,,,,,,,,,,,,,,
"9,02",Malowanie wałkiem na biało - glify okienne lub wnęki,Покраска в белый цвет - откосы,"0,0",mb,"27,50 zł","0,00 zł",,,,"27,50 zł",mb,"0,00 zł",,,"0,0",mb,"0,00 zł",,"0,0",0%,"0,0",,"0,0","0,0","0,0","0,0","0,0","0,0","0,0","0,0","0,0","0,0","0,0","0,0","0,0",,"0,00",,,mb,"0,00 zł","0,00 zł","0,00 zł",,,,"0,00",,,"0,00",,,"0,00",,,"0,00",,,"0,00",,Покраска в белый цвет - откосы,"12,00 zł",mb,"0,0","0,0","0,0",,,56%,"0,00 zł",0 zł,0%,"0,00 zł",0 zł,0%,"0,00 zł",0 zł,0%,,,,,,,,,,,,,,,,,,,,,,,,,,,,,,,,,
"9,03",Malowanie wałkiem na biało - sufity i blendy,Покраска в белый цвет - потолок,"0,0",m2,"29,15 zł","0,00 zł",,,,"29,15 zł",m2,"0,00 zł",,,"0,0",m2,"0,00 zł",,"0,0",0%,"0,0",,,,,,,,,,,,,,,,"0,00",,,m2,"0,00 zł","0,00 zł","0,00 zł",,,,"0,00",,,"0,00",,,"0,00",,,"0,00",,,"0,00",,Покраска в белый цвет - потолок,"12,50 zł",m2,"0,0","0,0","0,0",,,57%,"0,00 zł",0 zł,0%,"0,00 zł",0 zł,0%,"0,00 zł",0 zł,0%,,,,,,,,,,,,,,,,,,,,,,,,,,,,,,,,,
"9,04",Malowanie wałkiem na biało - ściany,Покраска в белый или один светлый цвет - стены,"0,0",m2,"27,50 zł","0,00 zł",,,,"27,50 zł",m2,"0,00 zł",,,"0,0",m2,"0,00 zł",,"0,0",0%,"0,0",,"0,0","0,0","0,0","0,0","0,0","0,0","0,0","0,0","0,0","0,0","0,0","0,0","0,0",,"0,00",,,m2,"0,00 zł","0,00 zł","0,00 zł",,,,"0,00",,,"0,00",,,"0,00",,,"0,00",,,"0,00",,Покраска в белый или один светлый цвет - стены,"12,00 zł",m2,"0,0","0,0","0,0",,,56%,"0,00 zł",0 zł,0%,"0,00 zł",0 zł,0%,"0,00 zł",0 zł,0%,,,,,,,,,,,,,,,,,,,,,,,,,,,,,,,,,
"9,05",Malowanie wałkiem w kolorze - glify okienne lub wnęki,Покраска в цвет - откосы,"0,0",mb,"32,45 zł","0,00 zł",,,,"32,45 zł",mb,"0,00 zł",,,"0,0",mb,"0,00 zł",,"0,0",0%,"0,0",,"0,0","0,0","0,0","0,0","0,0","0,0","0,0","0,0","0,0","0,0","0,0","0,0","0,0",,,"0,00","0,00",mb,"0,00 zł","0,00 zł","0,00 zł",,,,"0,00",,,"0,00",,,"0,00",,,"0,00",,,"0,00",,Покраска в цвет - откосы,"14,00 zł",mb,"0,0","0,0","0,0",,,57%,"0,00 zł",0 zł,0%,"0,00 zł",0 zł,0%,"0,00 zł",0 zł,0%,,,,,,,,,,,,,,,,,,,,,,,,,,,,,,,,,
"9,06",Malowanie wałkiem w kolorze - sufity i blendy,Покраска в цвет - потолок,"0,0",m2,"34,10 zł","0,00 zł",,,,"34,10 zł",m2,"0,00 zł",,,"0,0",m2,"0,00 zł",,"0,0",0%,"0,0",,,,,,,,,,,,,,,,,"0,00","0,00",m2,"0,00 zł","0,00 zł","0,00 zł",,,,"0,00",,,"0,00",,,"0,00",,,"0,00",,,"0,00",,Покраска в цвет - потолок,"14,50 zł",m2,"0,0","0,0","0,0",,,57%,"0,00 zł",0 zł,0%,"0,00 zł",0 zł,0%,"0,00 zł",0 zł,0%,,,,,,,,,,,,,,,,,,,,,,,,,,,,,,,,,
"9,07",Malowanie wałkiem w kolorze - ściany,Покраска в цвет - стены,"0,0",m2,"32,45 zł","0,00 zł",,,,"32,45 zł",m2,"0,00 zł",,,"0,0",m2,"0,00 zł",,"0,0",0%,"0,0",,"0,0","0,0","0,0","0,0","0,0","0,0","0,0","0,0","0,0","0,0","0,0","0,0","0,0",,,"0,00","0,00",m2,"0,00 zł","0,00 zł","0,00 zł",,,,"0,00",,,"0,00",,,"0,00",,,"0,00",,,"0,00",,Покраска в цвет - стены,"14,00 zł",m2,"0,0","0,0","0,0",,,57%,"0,00 zł",0 zł,0%,"0,00 zł",0 zł,0%,"0,00 zł",0 zł,0%,,,,,,,,,,,,,,,,,,,,,,,,,,,,,,,,,
"9,08",Dopłata za więcej niż jeden kolor na 1 ścianie (etapowanie robót i dodatkowe zabezpieczenie),Покраска более одного цвета в комнате (разбивка работ на этапы и дополнительная оклейка),"0,0",kpl,"220,00 zł","0,00 zł",,,,"220,00 zł",kpl,"0,00 zł",,,"0,0",kpl,"0,00 zł",,"0,0",0%,"0,0",,,,,,,,,,,,,,,,,,,kpl,"0,00 zł","0,00 zł","0,00 zł",,,,"0,00",,,"0,00",,,"0,00",,,"0,00",,,"0,00",,Покраска более одного цвета в комнате (разбивка работ на этапы и дополнительная оклейка),"80,00 zł",kpl,"0,0","0,0","0,0",,,64%,"0,00 zł",0 zł,0%,"0,00 zł",0 zł,0%,"0,00 zł",0 zł,0%,,,,,,,,,,,,,,,,,,,,,,,,,,,,,,,,,
"9,09","Wykończenie końca schodów (zabiezpeczenie, tynkowanie, gruntowanie, gładzie, malowanie)","Отделка торца лестницы (обклейка, штукатурка, грунтовка, шпаклевка, покраска)","0,0",mb,"170,50 zł","0,00 zł",,,,"170,50 zł",mb,"0,00 zł",,,"0,0",mb,"0,00 zł",,"0,0",0%,"0,0",,,,,,,,,,,,,,,,,,,mb,"0,00 zł","0,00 zł","0,00 zł",,,,"0,00",,,"0,00",,,"0,00",,,"0,00",,,"0,00",,"Отделка торца лестницы (обклейка, штукатурка, грунтовка, шпаклевка, покраска)","62,00 zł",mb,"0,0","0,0","0,0",,,64%,"0,00 zł",0 zł,0%,"0,00 zł",0 zł,0%,"0,00 zł",0 zł,0%,,,,,,,,,,,,,,,,,,,,,,,,,,,,,,,,,
"9,10",Akrylowanie narożników,Нанесение акрила в углах,"0,0",mb,"11,00 zł","0,00 zł",,,,"11,00 zł",mb,"0,00 zł",,,"0,0",mb,"0,00 zł",,"0,0",0%,"0,0",,"0,0","0,0","0,0","0,0","0,0","0,0","0,0","0,0","0,0","0,0","0,0","0,0","0,0",,,,,mb,"0,00 zł","0,00 zł","0,00 zł",,"Akryl, ml","20,00","0,00",,,"0,00",,,"0,00",,,"0,00",,,"0,00",,Нанесение акрила в углах,"4,00 zł",mb,"0,0","0,0","0,0",,,64%,"0,00 zł",0 zł,0%,"0,00 zł",0 zł,0%,"0,00 zł",0 zł,0%,,,,,,,,,,,,,,,,,,,,,,,,,,,,,,,,,
"9,11",Tynk dekoracyjny,Декоративная штукатурка,"0,0",m2,"148,50 zł","0,00 zł",,,,"148,50 zł",m2,"0,00 zł",,,"0,0",m2,"0,00 zł",,"0,0",0%,"0,0",,,,,,,,,,,,,,,,,,,m2,"0,00 zł","0,00 zł","0,00 zł",,,,"0,00",,,"0,00",,,"0,00",,,"0,00",,,"0,00",,Декоративная штукатурка,"50,00 zł",m2,"0,0","0,0","0,0",,,66%,"0,00 zł",0 zł,0%,"0,00 zł",0 zł,0%,"0,00 zł",0 zł,0%,,,,,,,,,,,,,,,,,,,,,,,,,,,,,,,,,
"9,12","Tapeta flizelinowa, od",Флизелиновые обои,"0,0",m2,"82,50 zł","0,00 zł",,,,"82,50 zł",m2,"0,00 zł",,,"0,0",m2,"0,00 zł",,"0,0",0%,"0,0",,,,,,,,,,,,,,,,,,,m2,"0,00 zł","0,00 zł","0,00 zł",,"Klej, kg","0,25","0,00",,,"0,00",,,"0,00",,,"0,00",,,"0,00",,Флизелиновые обои,"30,00 zł",m2,"0,0","0,0","0,0",,,64%,"0,00 zł",0 zł,0%,"0,00 zł",0 zł,0%,"0,00 zł",0 zł,0%,,,,,,,,,,,,,,,,,,,,,,,,,,,,,,,,,
"9,13","Tapeta winylowa, od",Виниловые обои,"0,0",m2,"137,50 zł","0,00 zł",,,,"137,50 zł",m2,"0,00 zł",,,"0,0",m2,"0,00 zł",,"0,0",0%,"0,0",,,,,,,,,,,,,,,,,10,20,m2,"0,00 zł","1 375,00 zł","2 750,00 zł",,"Klej, kg","0,35","0,00",,,"0,00",,,"0,00",,,"0,00",,,"0,00",,Виниловые обои,"45,00 zł",m2,"0,0","0,0","0,0",,,67%,"0,00 zł",0 zł,0%,"0,00 zł",0 zł,0%,"0,00 zł",0 zł,0%,,,,,,,,,,,,,,,,,,,,,,,,,,,,,,,,,
"9,14",Filc ścienny,Настенный войлок,"0,0",m2,"93,50 zł","0,00 zł",,,,"93,50 zł",m2,"0,00 zł",,,"0,0",m2,"0,00 zł",,"0,0",0%,"0,0",,,,,,,,,,,,,,,,,,,m2,"0,00 zł","0,00 zł","0,00 zł",,,,"0,00",,,"0,00",,,"0,00",,,"0,00",,,"0,00",,Настенный войлок,"32,00 zł",m2,"0,0","0,0","0,0",,,66%,"0,00 zł",0 zł,0%,"0,00 zł",0 zł,0%,"0,00 zł",0 zł,0%,,,,,,,,,,,,,,,,,,,,,,,,,,,,,,,,,
"9,15",Sztukateria ścienna wraz z akrylowaniem i malowaniem,Молдинги стеновые с акрилом и покраской,"0,0",mb,"55,00 zł","0,00 zł",,,,"55,00 zł",mb,"0,00 zł",,,"0,0",mb,"0,00 zł",,"0,0",0%,"0,0",,,,,,,,,,,,,,,,,15,30,mb,"0,00 zł","825,00 zł","1 650,00 zł",,"Klej, ml","30,00","0,00","Akryl, ml","20,00","0,00",,,"0,00",,,"0,00",,,"0,00",,Молдинги стеновые с акрилом и покраской,"20,00 zł",mb,"0,0","0,0","0,0",,,64%,"0,00 zł",0 zł,0%,"0,00 zł",0 zł,0%,"0,00 zł",0 zł,0%,,,,,,,,,,,,,,,,,,,,,,,,,,,,,,,,,
"9,16",Sztukateria przysufitowa wraz z akrylowaniem i malowaniem,Молдинги потолочные с акрилом и покраской,"0,0",mb,"93,50 zł","0,00 zł",,,,"93,50 zł",mb,"0,00 zł",,,"0,0",mb,"0,00 zł",,"0,0",0%,"0,0",,,,,,,,,,,,,,,,,,,mb,"0,00 zł","0,00 zł","0,00 zł",,"Klej, ml","30,00","0,00","Akryl, ml","20,00","0,00",,,"0,00",,,"0,00",,,"0,00",,Молдинги потолочные с акрилом и покраской,"34,00 zł",mb,"0,0","0,0","0,0",,,64%,"0,00 zł",0 zł,0%,"0,00 zł",0 zł,0%,"0,00 zł",0 zł,0%,,,,,,,,,,,,,,,,,,,,,,,,,,,,,,,,,
"9,17","Lamele na podkładzie / panele ścienne, m2",Настенные планки на подложке,"0,0",m2,"60,50 zł","0,00 zł",,,,"60,50 zł",m2,"0,00 zł",,,"0,0",m2,"0,00 zł",,"0,0",0%,"0,0",,,,,,,,,,,,,,,,,,,m2,"0,00 zł","0,00 zł","0,00 zł",,"Klej mamut, kg","0,50","0,00",,,"0,00",,,"0,00",,,"0,00",,,"0,00",,Настенные планки на подложке,"35,00 zł",m2,"0,0","0,0","0,0",,,42%,"0,00 zł",0 zł,0%,"0,00 zł",0 zł,0%,"0,00 zł",0 zł,0%,,,,,,,,,,,,,,,,,,,,,,,,,,,,,,,,,
"9,18","Lamele ścienne, mb",Настенные планки,"0,0",mb,"11,00 zł","0,00 zł",,,,"11,00 zł",mb,"0,00 zł",,,"0,0",mb,"0,00 zł",,"0,0",0%,"0,0",,,,,,,,,,,,,,,,,,,mb,"0,00 zł","0,00 zł","0,00 zł",,"Klej mamut, kg","0,10","0,00",,,"0,00",,,"0,00",,,"0,00",,,"0,00",,Настенные планки,"13,00 zł",mb,"0,0","0,0","0,0",,,-18%,"0,00 zł",0 zł,0%,"0,00 zł",0 zł,0%,"0,00 zł",0 zł,0%,,,,,,,,,,,,,,,,,,,,,,,,,,,,,,,,,
,,,,,,,,,,,,,,,,,,,,,,,,,,,,,,,,,,,,,,,,,,,,,,,,,,,,,,,,,,,,,,,,,,,,,,,,,,,,,,,,,,,,,,,,,,,,,,,,,,,,,,,,,,,,,,,
10,POSADZKI,ПОЛЫ  И ПЛИНТУСА,,,,"0,00 zł",,,,,,"0,00 zł","0,00 zł",,,,"0,00 zł",,,0%,"0,00zł",,0 zł,0 zł,0 zł,0 zł,0 zł,0 zł,0 zł,0 zł,0 zł,0 zł,0 zł,0 zł,0 zł,,,,,,"0,00zł","0,00zł","0,00zł",,,,,,,,,,,,,,,,,,ПОЛЫ  И ПЛИНТУСА,,,,,,,,,"0,00zł","0,00zł",0%,"0,00zł","0,00zł",0%,"0,00zł","0,00zł",0%,,,,,,,,,,,,,,,,,,,,,,,,,,,,,,,,,
"10,01",Posadzka cementowa,Стяжка цементная,"0,0",m2,"88,00 zł","0,00 zł",,,,"88,00 zł",m2,"0,00 zł",,,"0,0",m2,"0,00 zł",,"0,0",0%,"0,0",,,,,,,,,,,,,,,,,,,m2,"0,00 zł","0,00 zł","0,00 zł",,"Weber floor, kg (na grubość 10 mm)","20,00","0,00",,,"0,00",,,"0,00",,,"0,00",,,"0,00",,Стяжка цементная,"31,00 zł",m2,"0,0","0,0","0,0",,,65%,"0,00 zł",0 zł,0%,"0,00 zł",0 zł,0%,"0,00 zł",0 zł,0%,,,,,,,,,,,,,,,,,,,,,,,,,,,,,,,,,
"10,02",Wylewka wyrównująca samopoziomująca,Стяжка самовыравнивающая ,"0,0",m2,"66,00 zł","0,00 zł",,,,"66,00 zł",m2,"0,00 zł",,,"0,0",m2,"0,00 zł",,"0,0",0%,"0,0",,"0,0","0,0","0,0","0,0","0,0","0,0","0,0","0,0","0,0","0,0","0,0","0,0","0,0",,,,,m2,"0,00 zł","0,00 zł","0,00 zł",,"Wylewka wyrównująca, kg (na 1 mm grubość)","1,70","0,00",,,"0,00",,,"0,00",,,"0,00",,,"0,00",,Стяжка самовыравнивающая ,"24,00 zł",m2,"0,0","0,0","0,0",,,64%,"0,00 zł",0 zł,0%,"0,00 zł",0 zł,0%,"0,00 zł",0 zł,0%,,,,,,,,,,,,,,,,,,,,,,,,,,,,,,,,,
"10,03","Obniżenie poziomu posadzek, szlifowanie. Do 5mm","Шлифовка пола для понижения уровня, до 5 мм","0,0",m2,"88,00 zł","0,00 zł",,,,"88,00 zł",m2,"0,00 zł",,,"0,0",m2,"0,00 zł",,"0,0",0%,"0,0",,,,,,,,,,,,,,,,,,,m2,"0,00 zł","0,00 zł","0,00 zł",,,,"0,00",,,"0,00",,,"0,00",,,"0,00",,,"0,00",,"Шлифовка пола для понижения уровня, до 5 мм","31,00 zł",m2,"0,0","0,0","0,0",,,65%,"0,00 zł",0 zł,0%,"0,00 zł",0 zł,0%,"0,00 zł",0 zł,0%,,,,,,,,,,,,,,,,,,,,,,,,,,,,,,,,,
"10,04","Szlifowanie posadzek, przygotowanie do klejania podłogi",Шлифовка пола для поклейки,"0,0",m2,"22,00 zł","0,00 zł",,,,"22,00 zł",m2,"0,00 zł",,,"0,0",m2,"0,00 zł",,"0,0",0%,"0,0",,,,,,,,,,,,,,,,,,,m2,"0,00 zł","0,00 zł","0,00 zł",,,,"0,00",,,"0,00",,,"0,00",,,"0,00",,,"0,00",,Шлифовка пола для поклейки,"8,00 zł",m2,"0,0","0,0","0,0",,,64%,"0,00 zł",0 zł,0%,"0,00 zł",0 zł,0%,"0,00 zł",0 zł,0%,,,,,,,,,,,,,,,,,,,,,,,,,,,,,,,,,
"10,05",Gruntowanie gruntem podkładowym,Грунтовка полов,"0,0",m2,"8,80 zł","0,00 zł",,,,"8,80 zł",m2,"0,00 zł",,,"0,0",m2,"0,00 zł",,"0,0",0%,"0,0",,,,,,,,,,,,,,,,,"0,00","0,00",m2,"0,00 zł","0,00 zł","0,00 zł",,"Grunt CT17, l","0,15","0,00",,,"0,00",,,"0,00",,,"0,00",,,"0,00",,Грунтовка полов,"2,00 zł",m2,"0,0","0,0","0,0",,,77%,"0,00 zł",0 zł,0%,"0,00 zł",0 zł,0%,"0,00 zł",0 zł,0%,,,,,,,,,,,,,,,,,,,,,,,,,,,,,,,,,
"10,06","Panele podłogowe/winylowe (wraz podkładem i folią)
Układ - prosty, technologia - na pływająco",Ламинат / винил с подложкой и пленкой - плавающий,"0,0",m2,"44,00 zł","0,00 zł",,,,"44,00 zł",m2,"0,00 zł",,,"0,0",m2,"0,00 zł",,"0,0",0%,"0,0",,,,,,,,,,,,,,,,"0,00",,,m2,"0,00 zł","0,00 zł","0,00 zł",,,,"0,00",,,"0,00",,,"0,00",,,"0,00",,,"0,00",,Ламинат / винил с подложкой и пленкой - плавающий,"16,00 zł",m2,"0,0","0,0","0,0",,,64%,"0,00 zł",0 zł,0%,"0,00 zł",0 zł,0%,"0,00 zł",0 zł,0%,,,,,,,,,,,,,,,,,,,,,,,,,,,,,,,,,
"10,07","Panele podłogowe/winylowe (wraz podkładem i folią)
Układ - jodełka, technologia - na pływająco",Ламинат / винил с подложкой и пленкой - плавающий. Укладка елочкой,"0,0",m2,"60,50 zł","0,00 zł",,,,"60,50 zł",m2,"0,00 zł",,,"0,0",m2,"0,00 zł",,"0,0",0%,"0,0",,,,,,,,,,,,,,,,,,,m2,"0,00 zł","0,00 zł","0,00 zł",,,,"0,00",,,"0,00",,,"0,00",,,"0,00",,,"0,00",,Ламинат / винил с подложкой и пленкой - плавающий. Укладка елочкой,"22,00 zł",m2,"0,0","0,0","0,0",,,64%,"0,00 zł",0 zł,0%,"0,00 zł",0 zł,0%,"0,00 zł",0 zł,0%,,,,,,,,,,,,,,,,,,,,,,,,,,,,,,,,,
"10,08","Panele winylowe - na klej 
Układ - prosty, technologia - na klej",Кварц-винил на клей,"0,0",m2,"60,50 zł","0,00 zł",,,,"60,50 zł",m2,"0,00 zł",,,"0,0",m2,"0,00 zł",,"0,0",0%,"0,0",,,,,,,,,,,,,,,,,"0,00",,m2,"0,00 zł","0,00 zł","0,00 zł",,,,"0,00",,,"0,00",,,"0,00",,,"0,00",,,"0,00",,Кварц-винил на клей,"22,00 zł",m2,"0,0","0,0","0,0",,,64%,"0,00 zł",0 zł,0%,"0,00 zł",0 zł,0%,"0,00 zł",0 zł,0%,,,,,,,,,,,,,,,,,,,,,,,,,,,,,,,,,
"10,09","Panele winylowe - na klej 
Układ - jodełka, technologia - na klej",Кварц-винил на клей. Укладка елочкой,"0,0",m2,"82,50 zł","0,00 zł",,,,"82,50 zł",m2,"0,00 zł",,,"0,0",m2,"0,00 zł",,"0,0",0%,"0,0",,,,,,,,,,,,,,,,,,,m2,"0,00 zł","0,00 zł","0,00 zł",,,,"0,00",,,"0,00",,,"0,00",,,"0,00",,,"0,00",,Кварц-винил на клей. Укладка елочкой,"30,00 zł",m2,"0,0","0,0","0,0",,,64%,"0,00 zł",0 zł,0%,"0,00 zł",0 zł,0%,"0,00 zł",0 zł,0%,,,,,,,,,,,,,,,,,,,,,,,,,,,,,,,,,
"10,10","Deska warstwowa - na klej
Układ - prosty, na klej","Паркет, слоистая инженерная доска – на клей","0,0",m2,"108,90 zł","0,00 zł",,,,"108,90 zł",m2,"0,00 zł",,,"0,0",m2,"0,00 zł",,"0,0",0%,"0,0",,,,,,,,,,,,,,,,,,,m2,"0,00 zł","0,00 zł","0,00 zł",,,,"0,00",,,"0,00",,,"0,00",,,"0,00",,,"0,00",,"Паркет, слоистая инженерная доска – на клей","40,00 zł",m2,"0,0","0,0","0,0",,,63%,"0,00 zł",0 zł,0%,"0,00 zł",0 zł,0%,"0,00 zł",0 zł,0%,,,,,,,,,,,,,,,,,,,,,,,,,,,,,,,,,
"10,11","Deska warstwowa - na klej
Układ -  jodełka, na klej","Паркет, слоистая инженерная доска – на клей. Укладка елочкой","0,0",m2,"148,50 zł","0,00 zł",,,,"148,50 zł",m2,"0,00 zł",,,"0,0",m2,"0,00 zł",,"0,0",0%,"0,0",,,,,,,,,,,,,,,,,,"0,00",m2,"0,00 zł","0,00 zł","0,00 zł",,,,"0,00",,,"0,00",,,"0,00",,,"0,00",,,"0,00",,"Паркет, слоистая инженерная доска – на клей. Укладка елочкой","54,00 zł",m2,"0,0","0,0","0,0",,,64%,"0,00 zł",0 zł,0%,"0,00 zł",0 zł,0%,"0,00 zł",0 zł,0%,,,,,,,,,,,,,,,,,,,,,,,,,,,,,,,,,
"10,12",Zabezpieczenie zainstalowanej podłogi na czas prac,Защита уложенного пола на время работ,"0,0",m2,"7,70 zł","0,00 zł",,,,"7,70 zł",m2,"0,00 zł",,,"0,0",m2,"0,00 zł",,"0,0",0%,"0,0",,,,,,,,,,,,,,,,"0,00","0,00","0,00",m2,"0,00 zł","0,00 zł","0,00 zł",,,,"0,00",,,"0,00",,,"0,00",,,"0,00",,,"0,00",,Защита уложенного пола на время работ,"2,50 zł",m2,"0,0","0,0","0,0",,,68%,"0,00 zł",0 zł,0%,"0,00 zł",0 zł,0%,"0,00 zł",0 zł,0%,,,,,,,,,,,,,,,,,,,,,,,,,,,,,,,,,
"10,13","Listwa dylatacyjna aluminiowa przy łączeniu posadzek / akrylowanie, szt. do 1 mb",Алюминиевый порожек / нанесение акрила на стыках полов,"0,0",mb,"44,00 zł","0,00 zł",,,,"44,00 zł",mb,"0,00 zł",,,"0,0",mb,"0,00 zł",,"0,0",0%,"0,0",,,,,,,,,,,,,,,,0,0,0,mb,"0,00 zł","0,00 zł","0,00 zł",,"Akryl, ml","20,00","0,00",,,"0,00",,,"0,00",,,"0,00",,,"0,00",,Алюминиевый порожек / нанесение акрила на стыках полов,"15,00 zł",mb,"0,0","0,0","0,0",,,66%,"0,00 zł",0 zł,0%,"0,00 zł",0 zł,0%,"0,00 zł",0 zł,0%,,,,,,,,,,,,,,,,,,,,,,,,,,,,,,,,,
"10,14",Listwa dylatacyjna przy wejściu do lokalu z docięciem,Порожек на входе в помещение,"0,0",szt,"68,20 zł","0,00 zł",,,,"68,20 zł",szt,"0,00 zł",,,"0,0",szt,"0,00 zł",,"0,0",0%,"0,0",,,,,,,,,,,,,,,,,,,szt,"0,00 zł","0,00 zł","0,00 zł",,,,"0,00",,,"0,00",,,"0,00",,,"0,00",,,"0,00",,Порожек на входе в помещение,"25,00 zł",szt,"0,0","0,0","0,0",,,63%,"0,00 zł",0 zł,0%,"0,00 zł",0 zł,0%,"0,00 zł",0 zł,0%,,,,,,,,,,,,,,,,,,,,,,,,,,,,,,,,,
"10,15",Listwa przypodłogowa MDF / styrodur / PCV na klej,Плинтус МДФ / пенополистирол на клей,"0,0",mb,"38,50 zł","0,00 zł",,,,"38,50 zł",mb,"0,00 zł",,,"0,0",mb,"0,00 zł",,"0,0",0%,"0,0",,"0,0","0,0","0,0","0,0","0,0","0,0","0,0","0,0","0,0",,,,,,"0,00","0,00","0,00",mb,"0,00 zł","0,00 zł","0,00 zł",,"Klej, ml","50,00","0,00","Akryl, ml","20,00","0,00",,,"0,00",,,"0,00",,,"0,00",,Плинтус МДФ / пенополистирол на клей,"13,00 zł",mb,"0,0","0,0","0,0",,,66%,"0,00 zł",0 zł,0%,"0,00 zł",0 zł,0%,"0,00 zł",0 zł,0%,,,,,,,,,,,,,,,,,,,,,,,,,,,,,,,,,
"10,16",Listwa przypodłogowa ukryta z podcięciem ściany na grubość listwy,Скрытый плинтус с подрезом стены,"0,0",mb,"209,00 zł","0,00 zł",,,,"209,00 zł",mb,"0,00 zł",,,"0,0",mb,"0,00 zł",,"0,0",0%,"0,0",,,,,,,,,,,,,,,,,,,mb,"0,00 zł","0,00 zł","0,00 zł",,,,"0,00",,,"0,00",,,"0,00",,,"0,00",,,"0,00",,Скрытый плинтус с подрезом стены,"75,00 zł",mb,"0,0","0,0","0,0",,,64%,"0,00 zł",0 zł,0%,"0,00 zł",0 zł,0%,"0,00 zł",0 zł,0%,,,,,,,,,,,,,,,,,,,,,,,,,,,,,,,,,
,,,,,,,,,,,,,,,,,,,,,,,,,,,,,,,,,,,,,,,,,,,,,,,,,,,,,,,,,,,,,,,,,,,,,,,,,,,,,,,,,,,,,,,,,,,,,,,,,,,,,,,,,,,,,,,
11,STOLARKA,ДВЕРИ,,,,"0,00 zł",,,,,,"0,00 zł","0,00 zł",,,,"0,00 zł",,,0%,"0,00 zł",,0 zł,0 zł,0 zł,0 zł,0 zł,0 zł,0 zł,0 zł,0 zł,0 zł,0 zł,0 zł,0 zł,,,,,,"0,00 zł","0,00 zł","0,00 zł",,,,,,,,,,,,,,,,,,ДВЕРИ,,,,,,,,,"0,00zł","0,00zł",0%,"0,00zł","0,00zł",0%,"0,00zł","0,00zł",0%,,,,,,,,,,,,,,,,,,,,,,,,,,,,,,,,,
"11,01",Przycięcie skrzydła drzwi (1 strona),Подрезка дверного полотна (1 сторона),"0,0",szt,"55,00 zł","0,00 zł",,,,"55,00 zł",szt,"0,00 zł",,,"0,0",szt,"0,00 zł",,"0,0",0%,"0,0",,,,,,,,,,,,,,,,,,,szt,"0,00 zł","0,00 zł","0,00 zł",,,,"0,00",,,"0,00",,,"0,00",,,"0,00",,,"0,00",,Подрезка дверного полотна (1 сторона),"20,00 zł",szt,"0,0","0,0","0,0",,,64%,"0,00 zł",0 zł,0%,"0,00 zł",0 zł,0%,"0,00 zł",0 zł,0%,,,,,,,,,,,,,,,,,,,,,,,,,,,,,,,,,
"11,02","Drzwi ukryte - montaż ościeżnicy i skrzydła (do 2 m, powyżej 2 m +10% za 10 cm)","Монтаж встроенной дверной коробки и двери (дo 2 м, выше 2 м +10% зa 10 см)","0,0",kpl,"605,00 zł","0,00 zł",,,,"605,00 zł",kpl,"0,00 zł",,,"0,0",kpl,"0,00 zł",,"0,0",0%,"0,0",,,,,,,,,,,,,,,,,0,0,kpl,"0,00 zł","0,00 zł","0,00 zł",,,,"0,00",,,"0,00",,,"0,00",,,"0,00",,,"0,00",,"Монтаж встроенной дверной коробки и двери (дo 2 м, выше 2 м +10% зa 10 см)","225,00 zł",kpl,"0,0","0,0","0,0",,,63%,"0,00 zł",0 zł,0%,"0,00 zł",0 zł,0%,"0,00 zł",0 zł,0%,,,,,,,,,,,,,,,,,,,,,,,,,,,,,,,,,
"11,03","Drzwi ukryte - obróbka otworu (do 2 m, powyżej 2 m +10% za 10 cm)","Отделка дверной коробки встроенных дверей (дo 2 м, выше 2 м +10% зa 10 см)","0,0",kpl,"638,00 zł","0,00 zł",,,,"638,00 zł",kpl,"0,00 zł",,,"0,0",kpl,"0,00 zł",,"0,0",0%,"0,0",,,,,,,,,,,,,,,,,0,0,kpl,"0,00 zł","0,00 zł","0,00 zł",,,,"0,00",,,"0,00",,,"0,00",,,"0,00",,,"0,00",,"Отделка дверной коробки встроенных дверей (дo 2 м, выше 2 м +10% зa 10 см)","240,00 zł",kpl,"0,0","0,0","0,0",,,62%,"0,00 zł",0 zł,0%,"0,00 zł",0 zł,0%,"0,00 zł",0 zł,0%,,,,,,,,,,,,,,,,,,,,,,,,,,,,,,,,,
"11,04","Drzwi ukryte - malowanie skrzydła (do 2 m, powyżej 2 m +10% za 10 cm)","Покраска полотна скрытых дверей (дo 2 м, выше 2 м +10% зa 10 см)","0,0",kpl,"275,00 zł","0,00 zł",,,,"275,00 zł",kpl,"0,00 zł",,,"0,0",kpl,"0,00 zł",,"0,0",0%,"0,0",,,,,,,,,,,,,,,,,0,0,kpl,"0,00 zł","0,00 zł","0,00 zł",,,,"0,00",,,"0,00",,,"0,00",,,"0,00",,,"0,00",,"Покраска полотна скрытых дверей (дo 2 м, выше 2 м +10% зa 10 см)","100,00 zł",kpl,"0,0","0,0","0,0",,,64%,"0,00 zł",0 zł,0%,"0,00 zł",0 zł,0%,"0,00 zł",0 zł,0%,,,,,,,,,,,,,,,,,,,,,,,,,,,,,,,,,
"11,05",Drzwi z widoczną ościeżnicą bez docięć - montaż,Монтаж межкомнатных дверей,"0,0",kpl,"341,00 zł","0,00 zł",,,,"341,00 zł",kpl,"0,00 zł",,,"0,0",kpl,"0,00 zł",,"0,0",0%,"0,0",,,,,,,,,,,,,,,,0,,,kpl,"0,00 zł","0,00 zł","0,00 zł",,,,"0,00",,,"0,00",,,"0,00",,,"0,00",,,"0,00",,Монтаж межкомнатных дверей,"120,00 zł",kpl,"0,0","0,0","0,0",,,65%,"0,00 zł",0 zł,0%,"0,00 zł",0 zł,0%,"0,00 zł",0 zł,0%,,,,,,,,,,,,,,,,,,,,,,,,,,,,,,,,,
"11,06",Klamka z zamkiem lub bez - montaż ,Монтаж дверной ручки и замка,"0,0",kpl,"68,20 zł","0,00 zł",,,,"68,20 zł",kpl,"0,00 zł",,,"0,0",kpl,"0,00 zł",,"0,0",0%,"0,0",,,,,,,,,,,,,,,,0,0,0,kpl,"0,00 zł","0,00 zł","0,00 zł",,,,"0,00",,,"0,00",,,"0,00",,,"0,00",,,"0,00",,Монтаж дверной ручки и замка,"25,00 zł",kpl,"0,0","0,0","0,0",,,63%,"0,00 zł",0 zł,0%,"0,00 zł",0 zł,0%,"0,00 zł",0 zł,0%,,,,,,,,,,,,,,,,,,,,,,,,,,,,,,,,,
"11,07",Składanie szafki umywalkowej,Сборка шкафчика под умывальник,"0,0",kpl,"181,50 zł","0,00 zł",,,,"181,50 zł",kpl,"0,00 zł",,,"0,0",kpl,"0,00 zł",,"0,0",0%,"0,0",,,,,,,,,,,,,,,,,,,kpl,"0,00 zł","0,00 zł","0,00 zł",,,,"0,00",,,"0,00",,,"0,00",,,"0,00",,,"0,00",,Сборка шкафчика под умывальник,"65,00 zł",kpl,"0,0","0,0","0,0",,,64%,"0,00 zł",0 zł,0%,"0,00 zł",0 zł,0%,"0,00 zł",0 zł,0%,,,,,,,,,,,,,,,,,,,,,,,,,,,,,,,,,
"11,08",Montaż szafki umywalkowej,Монтаж шкафчика под умывальник,"0,0",kpl,"176,00 zł","0,00 zł",,,,"176,00 zł",kpl,"0,00 zł",,,"0,0",kpl,"0,00 zł",,"0,0",0%,"0,0",,,,,,,,,,,,,,,,,,,kpl,"0,00 zł","0,00 zł","0,00 zł",,,,"0,00",,,"0,00",,,"0,00",,,"0,00",,,"0,00",,Монтаж шкафчика под умывальник,"60,00 zł",kpl,"0,0","0,0","0,0",,,66%,"0,00 zł",0 zł,0%,"0,00 zł",0 zł,0%,"0,00 zł",0 zł,0%,,,,,,,,,,,,,,,,,,,,,,,,,,,,,,,,,
,,,,,,,,,,,,,,,,,,,,,,,,,,,,,,,,,,,,,,,,,,,,,,,,,,,,,,,,,,,,,,,,,,,,,,,,,,,,,,,,,,,,,,,,,,,,,,,,,,,,,,,,,,,,,,,
12,DODATKI,ДОПОЛНИТЕЛЬНЫЕ,,,,"0,00 zł",,,,,,"0,00 zł","0,00 zł",,,,"0,00 zł",,,0%,"0,00 zł",,0 zł,0 zł,0 zł,0 zł,0 zł,0 zł,0 zł,0 zł,0 zł,0 zł,0 zł,0 zł,0 zł,,,,,,"165,00 zł","220,00 zł","275,00 zł",,,,,,,,,,,,,,,,,,ДОПОЛНИТЕЛЬНЫЕ,,,,,,,,,"0,00zł","0,00zł",0%,"0,00zł","0,00zł",0%,"0,00zł","0,00zł",0%,,,,,,,,,,,,,,,,,,,,,,,,,,,,,,,,,
"12,01",Parapet bez bocznego wkucia szerokość do 150cm,"Подоконник без боковой вковки, ширина до 150 см","0,0",szt,"247,50 zł","0,00 zł",,,,"247,50 zł",szt,"0,00 zł",,,"0,0",szt,"0,00 zł",,"0,0",0%,"0,0",,,,,,,,,,,,,,,,,,,szt,"0,00 zł","0,00 zł","0,00 zł",,,,"0,00",,,"0,00",,,"0,00",,,"0,00",,,"0,00",,"Подоконник без боковой вковки, ширина до 150 см","90,00 zł",szt,"0,0","0,0","0,0",,,64%,"0,00 zł",0 zł,0%,"0,00 zł",0 zł,0%,"0,00 zł",0 zł,0%,,,,,,,,,,,,,,,,,,,,,,,,,,,,,,,,,
"12,02",Parapet bez bocznego wkucia szerokość od 150 cm,"Подоконник без боковой вковки, ширина от 150 см","0,0",mb,"165,00 zł","0,00 zł",,,,"165,00 zł",mb,"0,00 zł",,,"0,0",mb,"0,00 zł",,"0,0",0%,"0,0",,,,,,,,,,,,,,,,,,,mb,"0,00 zł","0,00 zł","0,00 zł",,,,"0,00",,,"0,00",,,"0,00",,,"0,00",,,"0,00",,"Подоконник без боковой вковки, ширина от 150 см","60,00 zł",mb,"0,0","0,0","0,0",,,64%,"0,00 zł",0 zł,0%,"0,00 zł",0 zł,0%,"0,00 zł",0 zł,0%,,,,,,,,,,,,,,,,,,,,,,,,,,,,,,,,,
"12,03",Listwy przysufitowe maskownice karnisza (blendy) wraz z akrylowaniem i malowaniem,Монтаж фальш карниза,"0,0",mb,"88,00 zł","0,00 zł",,,,"88,00 zł",mb,"0,00 zł",,,"0,0",mb,"0,00 zł",,"0,0",0%,"0,0",,,,,,,,,,,,,,,,,0,0,mb,"0,00 zł","0,00 zł","0,00 zł",,"Klej, ml","30,00","0,00","Akryl, ml","20,00","0,00",,,"0,00",,,"0,00",,,"0,00",,Монтаж фальш карниза,"30,00 zł",szt,"0,0","0,0","0,0",,,66%,"0,00 zł",0 zł,0%,"0,00 zł",0 zł,0%,"0,00 zł",0 zł,0%,,,,,,,,,,,,,,,,,,,,,,,,,,,,,,,,,
"12,04",Montaż karnisza,Монтаж карниза,"0,0",mb,"55,00 zł","0,00 zł",,,,"55,00 zł",mb,"0,00 zł",,,"0,0",mb,"0,00 zł",,"0,0",0%,"0,0",,,,,,,,,,,,,,,,0,0,0,mb,"0,00 zł","0,00 zł","0,00 zł",,,,"0,00",,,"0,00",,,"0,00",,,"0,00",,,"0,00",,Монтаж карниза,"20,00 zł",mb,"0,0","0,0","0,0",,,64%,"0,00 zł",0 zł,0%,"0,00 zł",0 zł,0%,"0,00 zł",0 zł,0%,,,,,,,,,,,,,,,,,,,,,,,,,,,,,,,,,
"12,05",Montaż lustra łazienkowego,Установка зеркала,"0,0",szt,"99,00 zł","0,00 zł",,,,"99,00 zł",szt,"0,00 zł",,,"0,0",szt,"0,00 zł",,"0,0",0%,"0,0",,,,,,,,,,,,,,,,0,,,szt,"0,00 zł","0,00 zł","0,00 zł",,,,"0,00",,,"0,00",,,"0,00",,,"0,00",,,"0,00",,Установка зеркала,"35,00 zł",szt,"0,0","0,0","0,0",,,65%,"0,00 zł",0 zł,0%,"0,00 zł",0 zł,0%,"0,00 zł",0 zł,0%,,,,,,,,,,,,,,,,,,,,,,,,,,,,,,,,,
"12,06",Montaż lustra łazienkowego z podświetleniem,Установка зеркала с подсветкой,"0,0",szt,"132,00 zł","0,00 zł",,,,"132,00 zł",szt,"0,00 zł",,,"0,0",szt,"0,00 zł",,"0,0",0%,"0,0",,,,,,,,,,,,,,,,,0,0,szt,"0,00 zł","0,00 zł","0,00 zł",,,,"0,00",,,"0,00",,,"0,00",,,"0,00",,,"0,00",,Установка зеркала с подсветкой,"48,00 zł",szt,"0,0","0,0","0,0",,,64%,"0,00 zł",0 zł,0%,"0,00 zł",0 zł,0%,"0,00 zł",0 zł,0%,,,,,,,,,,,,,,,,,,,,,,,,,,,,,,,,,
"12,07","Montaż lustra / szkla, m2/mb",Установка зеркала / стекла по м2,"0,0",m2,"165,00 zł","0,00 zł",,,,"165,00 zł",m2,"0,00 zł",,,"0,0",m2,"0,00 zł",,"0,0",0%,"0,0",,,,,,,,,,,,,,,,,,,m2,"0,00 zł","0,00 zł","0,00 zł",,,,"0,00",,,"0,00",,,"0,00",,,"0,00",,,"0,00",,Установка зеркала / стекла по м2,"60,00 zł",m2,"0,0","0,0","0,0",,,64%,"0,00 zł",0 zł,0%,"0,00 zł",0 zł,0%,"0,00 zł",0 zł,0%,,,,,,,,,,,,,,,,,,,,,,,,,,,,,,,,,
"12,08",Wentylacja - montaż wentylatora,Вентиляция - монтаж вентиллятора,"0,0",kpl,"104,50 zł","0,00 zł",do 4 mb,,,"104,50 zł",kpl,"0,00 zł",,,"0,0",kpl,"0,00 zł",,"0,0",0%,"0,0",,,,,,,,,,,,,,,,,,,kpl,"0,00 zł","0,00 zł","0,00 zł",,,,"0,00",,,"0,00",,,"0,00",,,"0,00",,,"0,00",,Вентиляция - монтаж вентиллятора,"38,00 zł",kpl,"0,0","0,0","0,0",,,64%,"0,00 zł",0 zł,0%,"0,00 zł",0 zł,0%,"0,00 zł",0 zł,0%,,,,,,,,,,,,,,,,,,,,,,,,,,,,,,,,,
"12,09",Wentylacja - montaż kratki wentylacyjnej,Вентиляция - монтаж кратки,"0,0",kpl,"8,80 zł","0,00 zł",do 4 mb,,,"8,80 zł",kpl,"0,00 zł",,,"0,0",kpl,"0,00 zł",,"0,0",0%,"0,0",,,,,,,,,,,,,,,,,,,kpl,"0,00 zł","0,00 zł","0,00 zł",,,,"0,00",,,"0,00",,,"0,00",,,"0,00",,,"0,00",,Вентиляция - монтаж кратки,"3,00 zł",kpl,"0,0","0,0","0,0",,,66%,"0,00 zł",0 zł,0%,"0,00 zł",0 zł,0%,"0,00 zł",0 zł,0%,,,,,,,,,,,,,,,,,,,,,,,,,,,,,,,,,
"12,10",Montaż akcesoriów,Монтаж аксессуаров,"0,0",szt,"55,00 zł","0,00 zł",,,,"55,00 zł",szt,"0,00 zł",,,"0,0",szt,"0,00 zł",,"0,0",0%,"0,0",,,,,,,,,,,,,,,,3,4,5,szt,"165,00 zł","220,00 zł","275,00 zł",,,,"0,00",,,"0,00",,,"0,00",,,"0,00",,,"0,00",,Монтаж аксессуаров,"20,00 zł",szt,"0,0","0,0","0,0",,,64%,"0,00 zł",0 zł,0%,"0,00 zł",0 zł,0%,"0,00 zł",0 zł,0%,,,,,,,,,,,,,,,,,,,,,,,,,,,,,,,,,
"12,11","Instalacja sprzętu AGD, od","Установка бытовой техники, от","0,0",kpl,"110,00 zł","0,00 zł",,,,"110,00 zł",kpl,"0,00 zł",,,"0,0",kpl,"0,00 zł",,"0,0",0%,"0,0",,,,,,,,,,,,,,,,,,,kpl,"0,00 zł","0,00 zł","0,00 zł",,,,"0,00",,,"0,00",,,"0,00",,,"0,00",,,"0,00",,"Установка бытовой техники, от","40,00 zł",kpl,"0,0","0,0","0,0",,,64%,"0,00 zł",0 zł,0%,"0,00 zł",0 zł,0%,"0,00 zł",0 zł,0%,,,,,,,,,,,,,,,,,,,,,,,,,,,,,,,,,
,,,,,,,,,,,,,,,,,,,,,,,,,,,,,,,,,,,,,,,,,,,,,,,,,,,,,,,,,,,,,,,,,,,,,,,,,,,,,,,,,,,,,,,,,,,,,,,,,,,,,,,,,,,,,,,
13,INNE /  KOORDYNACJA / NIESTANDARDOWE,ДРУГОЕ / НЕСТАНДАРТНЫЕ,,,,"0,00 zł",,,,,,"0,00 zł","0,00 zł",,,,"0,00 zł",,,0%,"0,00zł",,0 zł,0 zł,0 zł,0 zł,0 zł,0 zł,0 zł,0 zł,0 zł,0 zł,0 zł,0 zł,0 zł,,,,,,"0,00zł","0,00zł","0,00zł",,,,,,,,,,,,,,,,,,ДРУГОЕ / НЕСТАНДАРТНЫЕ,,,,,,,,,"0,00zł","0,00zł",0%,"0,00zł","0,00zł",0%,"0,00zł","0,00zł",0%,,,,,,,,,,,,,,,,,,,,,,,,,,,,,,,,,
"13,01",Koordynacja zakupów i dostaw chemii budowlanej z wniesieniem,Координация закупок и доставок с внесением материалов,"0,0%",%,"0,00 zł","0,00 zł",,,,"0,00 zł",%,"0,00 zł",,,"0,0%",%,"0,00 zł",,"0,0",2%,"0,0","2,0%","0,00%","0,00%","0,00%","0,00%","0,00%","0,00%","0,00%","0,00%","0,00%","0,00%","0,00%","0,00%","0,00%",,,,,%,"0,00 zł","0,00 zł","0,00 zł",,,,"0,00",,,"0,00",,,"0,00",,,"0,00",,,"0,00",,,"0,00 zł",%,"0,0","0,0","0,0",,,#DIV/0!,"0,00 zł",0 zł,0%,"0,00 zł",0 zł,0%,"0,00 zł",0 zł,0%,,Датчик протечки ,2%,,,,,,,,,,,,,,,,,,,,,,,,,,,,,,
"13,02","Utrzymanie czystości podczas prac, odkurzanie, stosowanie dywaników, sprzątanie podstawowe. Nie obejmuje czyszczenia detali ani usług profesjonalnego sprzątania (cleaningu)",Поддержание чистоты во время работы и уборка после ее завершения,"0,0",m2,"18,59 zł","0,00 zł",,,,"18,59 zł",m2,"0,00 zł",,,"0,0",m2,"0,00 zł",,"0,0",0%,"0,0",,,,,,,,,,,,,,,,"0,00","0,00","0,00",m2,"0,00 zł","0,00 zł","0,00 zł",,,,"0,00",,,"0,00",,,"0,00",,,"0,00",,,"0,00",,,"0,00 zł",m2,"0,0","0,0","0,0",,,100%,"0,00 zł",0 zł,0%,"0,00 zł",0 zł,0%,"0,00 zł",0 zł,0%,,,,,,,,,,,,,,,,,,,,,,,,,,,,,,,,,
"13,03","Uwzględnienie lokalizacji / specyfiki projektu (np. lokalizacja, terminowość, piętro)","Учет местоположения (работа за городом), от","0,0",szt,"0,00 zł","0,00 zł",,,,"0,00 zł",szt,"0,00 zł",,,"0,0",szt,"0,00 zł",,"0,0",0%,"0,0",,,,,,,,,,,,,,,,,,,szt,"0,00 zł","0,00 zł","0,00 zł",,,,"0,00",,,"0,00",,,"0,00",,,"0,00",,,"0,00",,,"0,00 zł",szt,"0,0","0,0","0,0",,,#DIV/0!,"0,00 zł",0 zł,0%,"0,00 zł",0 zł,0%,"0,00 zł",0 zł,0%,,,,,,,,,,,,,,,,,,,,,,,,,,,,,,,,,
"13,04","Odbiór, rozładowanie, wniesienie dostaw zewnętrznych","Принятие, разгрузка и занос доставок внешних","0,0",godz,"137,50 zł","0,00 zł",na prośbę klienta,,,"137,50 zł",godz,"0,00 zł",,,"0,0",godz,"0,00 zł",,"0,0",0%,"0,0","0,0",,,,,,,,,,,,,,,,,,godz,"0,00 zł","0,00 zł","0,00 zł",,,,"0,00",,,"0,00",,,"0,00",,,"0,00",,,"0,00",,"Принятие, разгрузка и занос доставок внешних","50,00 zł",godz,"0,0","0,0","0,0",,,64%,"0,00 zł",0 zł,0%,"0,00 zł",0 zł,0%,"0,00 zł",0 zł,0%,,,,,,,,,,,,,,,,,,,,,,,,,,,,,,,,,
"13,05",,,"0,0",,,"0,00 zł",,,,"0,0",,0,,,"0,0",,"0,00 zł",,"0,0",0%,"0,0",,,,,,,,,,,,,,,,,,,,"0,00 zł","0,00 zł","0,00 zł",,,,"0,00",,,"0,00",,,"0,00",,,"0,00",,,"0,00",,,,,"0,0","0,0","0,0",,,#DIV/0!,"0,00 zł",0 zł,0%,"0,00 zł",0 zł,0%,"0,00 zł",0 zł,0%,,,,,,,,,,,,,,,,,,,,,,,,,,,,,,,,,
"13,06",,,"0,0",,,"0,00 zł",,,,"0,0",,0,,,"0,0",,"0,00 zł",,"0,0",0%,"0,0",,,,,,,,,,,,,,,,,,,,"0,00 zł","0,00 zł","0,00 zł",,,,"0,00",,,"0,00",,,"0,00",,,"0,00",,,"0,00",,,,,"0,0","0,0","0,0",,,#DIV/0!,"0,00 zł",0 zł,0%,"0,00 zł",0 zł,0%,"0,00 zł",0 zł,0%,,,,,,,,,,,,,,,,,,,,,,,,,,,,,,,,,
"13,07",,,"0,0",,,"0,00 zł",,,,"0,0",,0,,,"0,0",,"0,00 zł",,"0,0",0%,"0,0",,,,,,,,,,,,,,,,,,,,"0,00 zł","0,00 zł","0,00 zł",,,,"0,00",,,"0,00",,,"0,00",,,"0,00",,,"0,00",,,,,"0,0","0,0","0,0",,,#DIV/0!,"0,00 zł",0 zł,0%,"0,00 zł",0 zł,0%,"0,00 zł",0 zł,0%,,,,,,,,,,,,,,,,,,,,,,,,,,,,,,,,,
"13,08",,,"0,0",,,"0,00 zł",,,,"0,0",,0,,,"0,0",,"0,00 zł",,"0,0",0%,"0,0",,,,,,,,,,,,,,,,,,,,"0,00 zł","0,00 zł","0,00 zł",,,,"0,00",,,"0,00",,,"0,00",,,"0,00",,,"0,00",,,,,"0,0","0,0","0,0",,,#DIV/0!,"0,00 zł",0 zł,0%,"0,00 zł",0 zł,0%,"0,00 zł",0 zł,0%,,,,,,,,,,,,,,,,,,,,,,,,,,,,,,,,,
"13,09",,,"0,0",,,"0,00 zł",,,,"0,0",,0,,,"0,0",,"0,00 zł",,"0,0",0%,"0,0",,,,,,,,,,,,,,,,,,,,"0,00 zł","0,00 zł","0,00 zł",,,,"0,00",,,"0,00",,,"0,00",,,"0,00",,,"0,00",,,,,"0,0","0,0","0,0",,,#DIV/0!,"0,00 zł",0 zł,0%,"0,00 zł",0 zł,0%,"0,00 zł",0 zł,0%,,,,,,,,,,,,,,,,,,,,,,,,,,,,,,,,,
"13,10",,,"0,0",,,"0,00 zł",,,,"0,0",,0,,,"0,0",,"0,00 zł",,"0,0",0%,"0,0",,,,,,,,,,,,,,,,,,,,"0,00 zł","0,00 zł","0,00 zł",,,,"0,00",,,"0,00",,,"0,00",,,"0,00",,,"0,00",,,,,"0,0","0,0","0,0",,,#DIV/0!,"0,00 zł",0 zł,0%,"0,00 zł",0 zł,0%,"0,00 zł",0 zł,0%,,,,,,,,,,,,,,,,,,,,,,,,,,,,,,,,,
"13,11",,,"0,0",,,"0,00 zł",,,,"0,0",,0,,,"0,0",,"0,00 zł",,"0,0",0%,"0,0",,,,,,,,,,,,,,,,,,,,"0,00 zł","0,00 zł","0,00 zł",,,,"0,00",,,"0,00",,,"0,00",,,"0,00",,,"0,00",,,,,"0,0","0,0","0,0",,,#DIV/0!,"0,00 zł",0 zł,0%,"0,00 zł",0 zł,0%,"0,00 zł",0 zł,0%,,,,,,,,,,,,,,,,,,,,,,,,,,,,,,,,,
"13,12",,,"0,0",,,"0,00 zł",,,,"0,0",,0,,,"0,0",,"0,00 zł",,"0,0",0%,"0,0",,,,,,,,,,,,,,,,,,,,"0,00 zł","0,00 zł","0,00 zł",,,,"0,00",,,"0,00",,,"0,00",,,"0,00",,,"0,00",,,,,"0,0","0,0","0,0",,,#DIV/0!,"0,00 zł",0 zł,0%,"0,00 zł",0 zł,0%,"0,00 zł",0 zł,0%,,,,,,,,,,,,,,,,,,,,,,,,,,,,,,,,,
"13,13",,,"0,0",,,"0,00 zł",,,,"0,0",,0,,,"0,0",,"0,00 zł",,"0,0",0%,"0,0",,,,,,,,,,,,,,,,,,,,"0,00 zł","0,00 zł","0,00 zł",,,,"0,00",,,"0,00",,,"0,00",,,"0,00",,,"0,00",,,,,"0,0","0,0","0,0",,,#DIV/0!,"0,00 zł",0 zł,0%,"0,00 zł",0 zł,0%,"0,00 zł",0 zł,0%,,,,,,,,,,,,,,,,,,,,,,,,,,,,,,,,,
"13,14",,,"0,0",,,"0,00 zł",,,,"0,0",,0,,,"0,0",,"0,00 zł",,"0,0",0%,"0,0",,,,,,,,,,,,,,,,,,,,"0,00 zł","0,00 zł","0,00 zł",,,,"0,00",,,"0,00",,,"0,00",,,"0,00",,,"0,00",,,,,"0,0","0,0","0,0",,,#DIV/0!,"0,00 zł",0 zł,0%,"0,00 zł",0 zł,0%,"0,00 zł",0 zł,0%,,,,,,,,,,,,,,,,,,,,,,,,,,,,,,,,,
"13,15",,,"0,0",,,"0,00 zł",,,,"0,0",,0,,,"0,0",,"0,00 zł",,"0,0",0%,"0,0",,,,,,,,,,,,,,,,,,,,"0,00 zł","0,00 zł","0,00 zł",,,,"0,00",,,"0,00",,,"0,00",,,"0,00",,,"0,00",,,,,"0,0","0,0","0,0",,,#DIV/0!,"0,00 zł",0 zł,0%,"0,00 zł",0 zł,0%,"0,00 zł",0 zł,0%,,,,,,,,,,,,,,,,,,,,,,,,,,,,,,,,,
"13,16",,,"0,0",,,"0,00 zł",,,,"0,0",,0,,,"0,0",,"0,00 zł",,"0,0",0%,"0,0",,,,,,,,,,,,,,,,,,,,"0,00 zł","0,00 zł","0,00 zł",,,,"0,00",,,"0,00",,,"0,00",,,"0,00",,,"0,00",,,,,"0,0","0,0","0,0",,,#DIV/0!,"0,00 zł",0 zł,0%,"0,00 zł",0 zł,0%,"0,00 zł",0 zł,0%,,,,,,,,,,,,,,,,,,,,,,,,,,,,,,,,,
"13,17",,,"0,0",,,"0,00 zł",,,,"0,0",,0,,,"0,0",,"0,00 zł",,"0,0",0%,"0,0",,,,,,,,,,,,,,,,,,,,"0,00 zł","0,00 zł","0,00 zł",,,,"0,00",,,"0,00",,,"0,00",,,"0,00",,,"0,00",,,,,"0,0","0,0","0,0",,,#DIV/0!,"0,00 zł",0 zł,0%,"0,00 zł",0 zł,0%,"0,00 zł",0 zł,0%,,,,,,,,,,,,,,,,,,,,,,,,,,,,,,,,,
"13,18",,,"0,0",,,"0,00 zł",,,,"0,0",,0,,,"0,0",,"0,00 zł",,"0,0",0%,"0,0",,,,,,,,,,,,,,,,,,,,"0,00 zł","0,00 zł","0,00 zł",,,,"0,00",,,"0,00",,,"0,00",,,"0,00",,,"0,00",,,,,"0,0","0,0","0,0",,,#DIV/0!,"0,00 zł",0 zł,0%,"0,00 zł",0 zł,0%,"0,00 zł",0 zł,0%,,,,,,,,,,,,,,,,,,,,,,,,,,,,,,,,,
"13,19",,,"0,0",,,"0,00 zł",,,,"0,0",,0,,,"0,0",,"0,00 zł",,"0,0",0%,"0,0",,,,,,,,,,,,,,,,,,,,"0,00 zł","0,00 zł","0,00 zł",,,,"0,00",,,"0,00",,,"0,00",,,"0,00",,,"0,00",,,,,"0,0","0,0","0,0",,,#DIV/0!,"0,00 zł",0 zł,0%,"0,00 zł",0 zł,0%,"0,00 zł",0 zł,0%,,,,,,,,,,,,,,,,,,,,,,,,,,,,,,,,,
"13,20",,,"0,0",,,"0,00 zł",,,,"0,0",,0,,,"0,0",,"0,00 zł",,"0,0",0%,"0,0",,,,,,,,,,,,,,,,,,,,"0,00 zł","0,00 zł","0,00 zł",,,,"0,00",,,"0,00",,,"0,00",,,"0,00",,,"0,00",,,,,"0,0","0,0","0,0",,,#DIV/0!,"0,00 zł",0 zł,0%,"0,00 zł",0 zł,0%,"0,00 zł",0 zł,0%,,,,,,,,,,,,,,,,,,,,,,,,,,,,,,,,,